scope,condition,threshold,tp,fp,fn,tn,false_join_rate_k,false_join_rate_n,false_join_rate,false_join_rate_lower,false_join_rate_upper,recall_k,recall_n,recall,recall_lower,recall_upper,precision_k,precision_n,precision,precision_lower,precision_upper,ask_rate_k,ask_rate_n,ask_rate,ask_rate_lower,ask_rate_upper,operational_recall_k,operational_recall_n,operational_recall,operational_recall_lower,operational_recall_upper
new,B1,0.5,944,4,411,272,4,276,0.014492753623188406,0.0056500012817968705,0.036664882547769756,944,1355,0.6966789667896679,0.6716749355008745,0.7205709711426996,944,948,0.9957805907172996,0.9892014534497178,0.9983579675957102,226,1684,0.1342042755344418,0.11875354459494858,0.1513200789900495,944,1356,0.696165191740413,0.6711603869516245,0.7200616901141612
new,B1,0.55,877,3,478,273,3,276,0.010869565217391304,0.003703388501720162,0.0314645914758283,877,1355,0.6472324723247233,0.6214067269347393,0.672225762278743,877,880,0.9965909090909091,0.9900251923428092,0.9988399387024967,294,1684,0.17458432304038005,0.15719970128111807,0.19345021060943215,877,1356,0.6467551622418879,0.6209326384205571,0.6717485395346734
new,B1,0.6,811,3,544,273,3,276,0.010869565217391304,0.003703388501720162,0.0314645914758283,811,1355,0.5985239852398524,0.5721803761296783,0.6243105377049075,811,814,0.9963144963144963,0.9892207229666707,0.9987458215089722,360,1684,0.21377672209026127,0.194858814621342,0.2339974947422441,811,1356,0.5980825958702065,0.5717453345765676,0.6238657039563252
new,B1,0.65,746,3,609,273,3,276,0.010869565217391304,0.003703388501720162,0.0314645914758283,746,1355,0.5505535055350553,0.5239616179657184,0.5768595625411664,746,749,0.9959946595460614,0.9882906734707394,0.9986369077545155,427,1684,0.25356294536817103,0.23336129586581844,0.2748863563870617,746,1356,0.5501474926253688,0.5235644062140264,0.5764472525847458
new,B1,0.7,656,3,699,273,3,276,0.010869565217391304,0.003703388501720162,0.0314645914758283,656,1355,0.4841328413284133,0.4576062312274495,0.5107491646718494,656,659,0.9954476479514416,0.9867020130831596,0.9984506072158124,519,1684,0.3081947743467934,0.28659839412124716,0.33066423642738013,656,1356,0.4837758112094395,0.4572605561556,0.5103827307036207
new,B1,0.75,541,2,814,274,2,276,0.007246376811594203,0.001989472450256692,0.02603160367527361,541,1355,0.3992619926199262,0.37350556711474914,0.4255879928970787,541,543,0.996316758747698,0.9866711123677574,0.9989893405949628,635,1684,0.37707838479809974,0.3542350218813881,0.40048127695318103,541,1356,0.39896755162241887,0.373224541089899,0.42528138162433915
new,B1,0.8,398,0,957,276,0,276,0.0,0.0,0.013727268421493983,398,1355,0.2937269372693727,0.27008596630178405,0.31853418038910164,398,398,1.0,0.990440362146883,1.0,780,1684,0.46318289786223277,0.4394777905182406,0.4870555936737559,398,1356,0.2935103244837758,0.26988365143239457,0.31830363586677834
new,B1,0.85,223,0,1132,276,0,276,0.0,0.0,0.013727268421493983,223,1355,0.16457564575645756,0.14578595467498678,0.18526183305670396,223,223,1.0,0.9830654464987788,1.0,956,1684,0.5676959619952494,0.5439075180326057,0.59117625942082,223,1356,0.16445427728613568,0.14567732133523723,0.18512702052591887
new,B1,0.9,68,0,1287,276,0,276,0.0,0.0,0.013727268421493983,68,1355,0.05018450184501845,0.03977840506261119,0.06313386473379257,68,68,1.0,0.9465286634799296,1.0,1111,1684,0.6597387173396675,0.636768795934163,0.6819815210392712,68,1356,0.05014749262536873,0.03974892881634847,0.06308766137113554
new,B1,0.95,2,0,1353,276,0,276,0.0,0.0,0.013727268421493983,2,1355,0.0014760147601476014,0.0004048698508863852,0.0053658245666209645,2,2,1.0,0.3423802275066532,1.0,1177,1684,0.6989311163895487,0.6765893878066992,0.7203673266397711,2,1356,0.0014749262536873156,0.0004045712054646382,0.005361879559681567
new,B2,0.5,918,17,436,260,17,277,0.061371841155234655,0.03866712630925262,0.09607600947845299,918,1354,0.6779911373707533,0.6526300176169844,0.7023451504108238,918,935,0.9818181818181818,0.9710758318412454,0.9886176196300736,647,1684,0.3842042755344418,0.36126131872472217,0.40767432510494445,918,1356,0.6769911504424779,0.6516317698114783,0.7013505553606593
new,B2,0.55,863,11,491,266,11,277,0.039711191335740074,0.022316393712628176,0.06969800803990242,863,1354,0.6373707533234859,0.6114079698611475,0.6625562677038827,863,874,0.9874141876430206,0.9776045237591594,0.9929579752421865,710,1684,0.42161520190023755,0.398234362145693,0.4453528429082351,863,1356,0.6364306784660767,0.6104757579514213,0.6616147843687681
new,B2,0.6,809,9,545,268,9,277,0.032490974729241874,0.017186032838410636,0.0605854575690616,809,1354,0.5974889217134417,0.5711274653860643,0.6232987677246025,809,818,0.988997555012225,0.9792228050743894,0.9942009513128394,767,1684,0.45546318289786225,0.43180563860875504,0.47932345517188596,809,1356,0.5966076696165191,0.5702590596978274,0.6224104594586308
new,B2,0.65,731,6,623,271,6,277,0.021660649819494584,0.00996418616568432,0.0464429372242004,731,1354,0.5398818316100443,0.5132588916289933,0.5662791128253704,731,737,0.9918588873812755,0.9823532704176665,0.9962636676166718,851,1684,0.5053444180522565,0.48148010524913754,0.5291844034971855,731,1356,0.5390855457227138,0.5124811805871915,0.5654690828883221
new,B2,0.7,647,3,707,274,3,277,0.010830324909747292,0.0036899944738708144,0.031352761898426396,647,1354,0.4778434268833087,0.451337553932561,0.504474665815015,647,650,0.9953846153846154,0.986519111555763,0.9984291374609868,939,1684,0.5576009501187649,0.5337747956583777,0.5811649097186601,647,1356,0.4771386430678466,0.4506558974491429,0.5037505522161226
new,B2,0.75,542,2,812,275,2,277,0.007220216606498195,0.001982282110324805,0.02593901858944323,542,1354,0.40029542097488924,0.374515479428561,0.42663950943553,542,544,0.9963235294117647,0.9866954280983526,0.9989911994935532,1046,1684,0.6211401425178147,0.5977199657804624,0.6440088991361941,542,1356,0.3997050147492625,0.37395188793402323,0.4260247944684322
new,B2,0.8,404,2,950,275,2,277,0.007220216606498195,0.001982282110324805,0.02593901858944323,404,1354,0.2983751846381093,0.27460245733969096,0.3232887423632485,404,406,0.9950738916256158,0.9822190499696497,0.9986480422877864,1185,1684,0.7036817102137767,0.6814286052619185,0.7250076725146166,404,1356,0.29793510324483774,0.2741909868744228,0.3228208585540536
new,B2,0.85,206,0,1148,277,0,277,0.0,0.0,0.013678389354709691,206,1354,0.15214180206794684,0.1339972466068325,0.17225460343010685,206,206,1.0,0.981693518324343,0.9999999999999999,1385,1684,0.8224465558194775,0.8034673280646721,0.8399580329634871,206,1356,0.15191740412979352,0.13379765522799575,0.17200377193346728
new,B2,0.9,22,0,1332,277,0,277,0.0,0.0,0.013678389354709691,22,1354,0.01624815361890694,0.010754251178761448,0.02447921330997581,22,22,1.0,0.8513451253913793,1.0,1569,1684,0.9317102137767221,0.9186538741039905,0.9428014435156629,22,1356,0.016224188790560472,0.01073835434210186,0.02444329018738913
new,B2,0.95,0,0,1354,277,0,277,0.0,0.0,0.013678389354709691,0,1354,0.0,0.0,0.002829092303626145,0,0,,,,1591,1684,0.9447743467933492,0.9328178959483268,0.954706220829005,0,1356,0.0,0.0,0.0028249313887117257
random,B1,0.5,374,3,160,74,3,77,0.03896103896103896,0.013337950040590955,0.10839981872632876,374,534,0.700374531835206,0.6602022775154704,0.737684490955726,374,377,0.9920424403183024,0.976868551642065,0.9972900947112784,89,640,0.1390625,0.11440244911614765,0.168029594253299,374,535,0.6990654205607477,0.6588933844194574,0.7363991390366457
random,B1,0.55,350,2,184,75,2,77,0.025974025974025976,0.007152159807893181,0.08984582779753131,350,534,0.6554307116104869,0.6141425543251784,0.6944985838347217,350,352,0.9943181818181818,0.9795231614629135,0.9984404551244236,114,640,0.178125,0.15042860414946574,0.20966230898519234,350,535,0.6542056074766355,0.6129321403254159,0.6932803778448048
random,B1,0.6,324,2,210,75,2,77,0.025974025974025976,0.007152159807893181,0.08984582779753131,324,534,0.6067415730337079,0.5646900404610469,0.6472683315282821,324,326,0.9938650306748467,0.977910627459907,0.9983159547025349,140,640,0.21875,0.1884518932820257,0.25240424440845216,324,535,0.6056074766355141,0.5635831312336289,0.6461260478768859
random,B1,0.65,299,2,235,75,2,77,0.025974025974025976,0.007152159807893181,0.08984582779753131,299,534,0.5599250936329588,0.5175432367362401,0.6014509370121551,299,301,0.9933554817275747,0.9761009897115211,0.998175938200353,166,640,0.259375,0.22692532792514902,0.2946960343211487,299,535,0.5588785046728972,0.5165333577567071,0.6003841491810136
random,B1,0.7,267,2,267,75,2,77,0.025974025974025976,0.007152159807893181,0.08984582779753131,267,534,0.5,0.4577437496137322,0.5422562503862678,267,269,0.9925650557620818,0.9733013206977692,0.9979586965496559,199,640,0.3109375,0.2762937576658251,0.3478373126705516,267,535,0.49906542056074765,0.4568551346044434,0.5412890319521008
random,B1,0.75,222,2,312,75,2,77,0.025974025974025976,0.007152159807893181,0.08984582779753131,222,534,0.4157303370786517,0.3746761012963248,0.4579883418699946,222,224,0.9910714285714286,0.9680356661999271,0.9975480389726018,244,640,0.38125,0.3444354285099872,0.41948160740377005,222,535,0.41495327102803736,0.37395332766082495,0.45716582898468966
random,B1,0.8,157,0,377,77,0,77,0.0,0.0,0.047518425282434044,157,534,0.2940074906367041,0.2569471654556663,0.3340103622842253,157,157,1.0,0.976116488566691,0.9999999999999999,311,640,0.4859375,0.44741513582993825,0.5246276710545856,157,535,0.29345794392523367,0.256455477029702,0.3334053319665479
random,B1,0.85,105,0,429,77,0,77,0.0,0.0,0.047518425282434044,105,534,0.19662921348314608,0.16513672529700307,0.23245527010174644,105,105,1.0,0.9647059230708901,1.0,364,640,0.56875,0.5300829872855752,0.6065966235011968,105,535,0.19626168224299065,0.1648226613657382,0.23203146951109987
random,B1,0.9,39,0,495,77,0,77,0.0,0.0,0.047518425282434044,39,534,0.07303370786516854,0.05388334224367876,0.09828316979900568,39,39,1.0,0.9103331462924287,1.0,430,640,0.671875,0.6345671089477993,0.7071319180191307,39,535,0.07289719626168224,0.05378175438995311,0.09810236195070848
random,B1,0.95,1,0,533,77,0,77,0.0,0.0,0.047518425282434044,1,534,0.0018726591760299626,0.00033064684877549735,0.010530283867689689,1,1,1.0,0.2065493143772375,1.0,468,640,0.73125,0.6955999422327157,0.7641405667773356,1,535,0.001869158878504673,0.0003300286744525134,0.010510745963562
random,B2,0.5,369,7,164,71,7,78,0.08974358974358974,0.04415300851677374,0.1738472456060523,369,533,0.6923076923076923,0.6518652773018301,0.7299979276196629,369,376,0.9813829787234043,0.9620759052635313,0.9909532904538425,234,640,0.365625,0.329217535543353,0.4036359524643197,369,535,0.6897196261682244,0.6492837927154073,0.7274503963061371
random,B2,0.55,344,5,189,73,5,78,0.0641025641025641,0.027689315373790928,0.1414359546317117,344,533,0.6454033771106942,0.603881895952896,0.6848439419145744,344,349,0.9856733524355301,0.9669060519725868,0.9938653979954623,263,640,0.4109375,0.3734613584291756,0.4494764185061424,344,535,0.6429906542056075,0.6015045803313859,0.6824379365173643
random,B2,0.6,328,4,205,74,4,78,0.05128205128205128,0.020121012473896152,0.12456676547294486,328,533,0.6153846153846154,0.5733967124274605,0.6557212105254354,328,332,0.9879518072289156,0.9694359357056508,0.9953049903781168,280,640,0.4375,0.39955255323540073,0.4761932551402609,328,535,0.6130841121495327,0.5711469163975185,0.6534089302606434
random,B2,0.65,293,4,240,74,4,78,0.05128205128205128,0.020121012473896152,0.12456676547294486,293,533,0.549718574108818,0.5072753358896905,0.5914502731875734,293,297,0.9865319865319865,0.9658884513736029,0.9947504217820021,315,640,0.4921875,0.4536173451647938,0.5308508808821638,293,535,0.5476635514018692,0.5052976134051202,0.5893498922111299
random,B2,0.7,256,2,277,76,2,78,0.02564102564102564,0.007060093472759217,0.08875270035675842,256,533,0.4803001876172608,0.4381781705078532,0.5227041353294571,256,258,0.9922480620155039,0.9721810876952307,0.9978715584517498,354,640,0.553125,0.5144038875798225,0.591212175300865,256,535,0.4785046728971963,0.4364796458374709,0.5208361849630438
random,B2,0.75,205,1,328,77,1,78,0.01282051282051282,0.0022667317538337395,0.06910857001702221,205,533,0.38461538461538464,0.34427878947456453,0.42660328757253957,205,206,0.9951456310679612,0.9730199431901183,0.9991425701019494,407,640,0.6359375,0.5979509009370474,0.6723019658458884,205,535,0.38317757009345793,0.3429534225180954,0.4250673970499192
random,B2,0.8,151,1,382,77,1,78,0.01282051282051282,0.0022667317538337395,0.06910857001702221,151,533,0.28330206378986866,0.2467042164819901,0.323001147728425,151,152,0.993421052631579,0.9636789485378944,0.998837708679649,461,640,0.7203125,0.6843029604515324,0.7536930650242598,151,535,0.2822429906542056,0.245760708197384,0.3218300994773953
random,B2,0.85,78,0,455,78,0,78,0.0,0.0,0.04693780971219425,78,533,0.14634146341463414,0.11886661745059013,0.1788776349620787,78,78,1.0,0.9530621902878059,1.0,535,640,0.8359375,0.8052574618005282,0.8626088181802898,78,535,0.14579439252336449,0.11841598295006564,0.1782231419801548
random,B2,0.9,9,0,524,78,0,78,0.0,0.0,0.04693780971219425,9,533,0.016885553470919325,0.008908485353132947,0.031776633990433255,9,9,1.0,0.700854951580456,0.9999999999999999,604,640,0.94375,0.9231094543011052,0.9590953062316961,9,535,0.016822429906542057,0.008875090120343087,0.03165901961296556
random,B2,0.95,0,0,533,78,0,78,0.0,0.0,0.04693780971219425,0,533,0.0,0.0,0.007155667204118033,0,0,,,,613,640,0.9578125,0.9393154284278781,0.9708465252203994,0,535,0.0,0.0,0.007129107751102748
enriched,B1,0.5,570,1,251,198,1,199,0.005025125628140704,0.0008876095100409549,0.027910540802306184,570,821,0.6942752740560292,0.6619166492075089,0.7248243379102893,570,571,0.9982486865148862,0.9901473560716826,0.9996907832429763,137,1044,0.13122605363984674,0.11208945175918722,0.15306655679710163,570,821,0.6942752740560292,0.6619166492075089,0.7248243379102893
enriched,B1,0.55,527,1,294,198,1,199,0.005025125628140704,0.0008876095100409549,0.027910540802306184,527,821,0.6419001218026796,0.6085136921171111,0.6739648345237884,527,528,0.9981060606060606,0.9893509461483125,0.9996655949208113,180,1044,0.1724137931034483,0.15071182859052096,0.19651766472441617,527,821,0.6419001218026796,0.6085136921171111,0.6739648345237884
enriched,B1,0.6,487,1,334,198,1,199,0.005025125628140704,0.0008876095100409549,0.027910540802306184,487,821,0.5931790499390986,0.5592181655207,0.626272025792852,487,488,0.9979508196721312,0.9884851113651684,0.9996381777233511,220,1044,0.210727969348659,0.18707264776713248,0.2365042732302681,487,821,0.5931790499390986,0.5592181655207,0.626272025792852
enriched,B1,0.65,447,1,374,198,1,199,0.005025125628140704,0.0008876095100409549,0.027910540802306184,447,821,0.5444579780755177,0.5102635771477353,0.5782382788384692,447,448,0.9977678571428571,0.9874660206931533,0.999605863246093,261,1044,0.25,0.22468241927457494,0.2771506150973508,447,821,0.5444579780755177,0.5102635771477353,0.5782382788384692
enriched,B1,0.7,389,1,432,198,1,199,0.005025125628140704,0.0008876095100409549,0.027910540802306184,389,821,0.47381242387332523,0.4398591271841087,0.5080096425774422,389,390,0.9974358974358974,0.9856207647015207,0.9995472294497667,320,1044,0.3065134099616858,0.2792983202222464,0.33514716998131294,389,821,0.47381242387332523,0.4398591271841087,0.5080096425774422
enriched,B1,0.75,319,0,502,199,0,199,0.0,0.0,0.018938233056634928,319,821,0.38855054811205847,0.3558021226130456,0.42233706032564705,319,319,1.0,0.9881010981838375,1.0,391,1044,0.37452107279693486,0.34567227127508066,0.4042899030648514,319,821,0.38855054811205847,0.3558021226130456,0.42233706032564705
enriched,B1,0.8,241,0,580,199,0,199,0.0,0.0,0.018938233056634928,241,821,0.2935444579780755,0.26341387042919817,0.32559805862116675,241,241,1.0,0.9843104234095119,1.0,469,1044,0.4492337164750958,0.4193016689485233,0.4795379893722126,241,821,0.2935444579780755,0.26341387042919817,0.32559805862116675
enriched,B1,0.85,118,0,703,199,0,199,0.0,0.0,0.018938233056634928,118,821,0.14372716199756394,0.1213881869059277,0.1693846110128435,118,118,1.0,0.9684716609775057,1.0,592,1044,0.5670498084291188,0.5368023968000838,0.5968056016442272,118,821,0.14372716199756394,0.1213881869059277,0.1693846110128435
enriched,B1,0.9,29,0,792,199,0,199,0.0,0.0,0.018938233056634928,29,821,0.03532277710109622,0.02470493255460649,0.05026881926081645,29,29,1.0,0.8830302015002593,1.0,681,1044,0.6522988505747126,0.6228996615741955,0.6805813634635969,29,821,0.03532277710109622,0.02470493255460649,0.05026881926081645
enriched,B1,0.95,1,0,820,199,0,199,0.0,0.0,0.018938233056634928,1,821,0.001218026796589525,0.00021504400546474775,0.006866873080814922,1,1,1.0,0.2065493143772375,1.0,709,1044,0.6791187739463601,0.650189723821102,0.7067345005944149,1,821,0.001218026796589525,0.00021504400546474775,0.006866873080814922
enriched,B2,0.5,549,10,272,189,10,199,0.05025125628140704,0.027521394363559725,0.09001601125019731,549,821,0.6686967113276492,0.6357803555365332,0.7000417555344075,549,559,0.9821109123434705,0.9673863728717275,0.9902545250275702,413,1044,0.3955938697318008,0.36636748937820746,0.4255857701870795,549,821,0.6686967113276492,0.6357803555365332,0.7000417555344075
enriched,B2,0.55,519,6,302,193,6,199,0.03015075376884422,0.013890126214792575,0.06420761037611562,519,821,0.6321559074299634,0.5986262689722254,0.6644545906032048,519,525,0.9885714285714285,0.9752930282187025,0.9947519473472823,447,1044,0.4281609195402299,0.39846320338128877,0.4583853697140922,519,821,0.6321559074299634,0.5986262689722254,0.6644545906032048
enriched,B2,0.6,481,5,340,194,5,199,0.02512562814070352,0.01077884838355496,0.05745897095164103,481,821,0.5858708891595615,0.5518537020215962,0.6190882389928539,481,486,0.9897119341563786,0.9761452111178729,0.9955977710829033,487,1044,0.4664750957854406,0.43639184329396663,0.49680415748387785,481,821,0.5858708891595615,0.5518537020215962,0.6190882389928539
enriched,B2,0.65,438,2,383,197,2,199,0.010050251256281407,0.002760482210699307,0.03589758535736005,438,821,0.5334957369062119,0.49929416363393114,0.5673853169036202,438,440,0.9954545454545455,0.9835801620904353,0.9987525860905725,536,1044,0.5134099616858238,0.4830976152063266,0.5436239844825355,438,821,0.5334957369062119,0.49929416363393114,0.5673853169036202
enriched,B2,0.7,391,1,430,198,1,199,0.005025125628140704,0.0008876095100409549,0.027910540802306184,391,821,0.4762484774665043,0.44227556178579747,0.5104426247421208,391,392,0.9974489795918368,0.9856933930417021,0.9995495402323992,585,1044,0.5603448275862069,0.5300700446827984,0.5901771539170815,391,821,0.4762484774665043,0.44227556178579747,0.5104426247421208
enriched,B2,0.75,337,1,484,198,1,199,0.005025125628140704,0.0008876095100409549,0.027910540802306184,337,821,0.4104750304506699,0.3773189154145972,0.4444650184214018,337,338,0.9970414201183432,0.9834342425047272,0.9994775469521563,639,1044,0.6120689655172413,0.5821514668263945,0.6411647591448111,337,821,0.4104750304506699,0.3773189154145972,0.4444650184214018
enriched,B2,0.8,253,1,568,198,1,199,0.005025125628140704,0.0008876095100409549,0.027910540802306184,253,821,0.3081607795371498,0.27753113639960714,0.340577293248962,253,254,0.9960629921259843,0.9780400820402001,0.9993046830436948,724,1044,0.6934865900383141,0.664852830018687,0.7207016797777536,253,821,0.3081607795371498,0.27753113639960714,0.340577293248962
enriched,B2,0.85,128,0,693,199,0,199,0.0,0.0,0.018938233056634928,128,821,0.1559074299634592,0.1327015124924281,0.18231836925817999,128,128,1.0,0.9708630437264916,1.0,850,1044,0.814176245210728,0.7894452632114529,0.8366036437847478,128,821,0.1559074299634592,0.1327015124924281,0.18231836925817999
enriched,B2,0.9,13,0,808,199,0,199,0.0,0.0,0.018938233056634928,13,821,0.015834348355663823,0.009276685098344482,0.026901732586139444,13,13,1.0,0.7719046276458017,1.0,965,1044,0.9243295019157088,0.9066853380888518,0.9388624234944316,13,821,0.015834348355663823,0.009276685098344482,0.026901732586139444
enriched,B2,0.95,0,0,821,199,0,199,0.0,0.0,0.018938233056634928,0,821,0.0,0.0,0.004657208703095982,0,0,,,,978,1044,0.9367816091954023,0.9203588886407658,0.9500017869393181,0,821,0.0,0.0,0.004657208703095982
random_pass,B1,0.5,159,1,68,51,1,52,0.019230769230769232,0.0034028080709451597,0.10120511127892243,159,227,0.7004405286343612,0.6379203142750366,0.7562896359864723,159,160,0.99375,0.965451014037521,0.9988958682306179,34,289,0.11764705882352941,0.08542195604254743,0.1599034808338015,159,227,0.7004405286343612,0.6379203142750366,0.7562896359864723
random_pass,B1,0.55,149,1,78,51,1,52,0.019230769230769232,0.0034028080709451597,0.10120511127892243,149,227,0.6563876651982379,0.5924658910448937,0.7151045097085913,149,150,0.9933333333333333,0.9632071602251817,0.9988221986649826,44,289,0.1522491349480969,0.1154113050605484,0.19821047236997708,149,227,0.6563876651982379,0.5924658910448937,0.7151045097085913
random_pass,B1,0.6,137,1,90,51,1,52,0.019230769230769232,0.0034028080709451597,0.10120511127892243,137,227,0.6035242290748899,0.5386754147841403,0.664927526559716,137,138,0.9927536231884058,0.9600972965279018,0.9987196892161709,56,289,0.19377162629757785,0.15234128657228735,0.24323609952324998,137,227,0.6035242290748899,0.5386754147841403,0.664927526559716
random_pass,B1,0.65,128,1,99,51,1,52,0.019230769230769232,0.0034028080709451597,0.10120511127892243,128,227,0.5638766519823789,0.49883313978297117,0.6267942070036637,128,129,0.9922480620155039,0.9573965598582397,0.9986302794090196,65,289,0.22491349480968859,0.1805655287589632,0.2764785638353331,128,227,0.5638766519823789,0.49883313978297117,0.6267942070036637
random_pass,B1,0.7,117,1,110,51,1,52,0.019230769230769232,0.0034028080709451597,0.10120511127892243,117,227,0.5154185022026432,0.45069186602587497,0.5796319763019335,117,118,0.9915254237288136,0.953554427584598,0.9985024594780347,77,289,0.2664359861591695,0.21877265348709585,0.3202270477722122,117,227,0.5154185022026432,0.45069186602587497,0.5796319763019335
random_pass,B1,0.75,98,1,129,51,1,52,0.019230769230769232,0.0034028080709451597,0.10120511127892243,98,227,0.43171806167400884,0.3689483125612554,0.49676038570130754,98,99,0.98989898989899,0.9449846853541274,0.9982146927208301,96,289,0.33217993079584773,0.2803918406905007,0.38837090762174287,98,227,0.43171806167400884,0.3689483125612554,0.49676038570130754
random_pass,B1,0.8,70,0,157,52,0,52,0.0,0.0,0.06879223612386229,70,227,0.30837004405286345,0.2518986750795803,0.37121928456051556,70,70,1.0,0.9479769375897331,1.0,125,289,0.43252595155709345,0.3766613473254961,0.49016078859385964,70,227,0.30837004405286345,0.2518986750795803,0.37121928456051556
random_pass,B1,0.85,41,0,186,52,0,52,0.0,0.0,0.06879223612386229,41,227,0.18061674008810572,0.1360213282552704,0.23584193781155594,41,41,1.0,0.9143324298155682,1.0,154,289,0.532871972318339,0.47529637490722515,0.5895851486192426,41,227,0.18061674008810572,0.1360213282552704,0.23584193781155594
random_pass,B1,0.9,12,0,215,52,0,52,0.0,0.0,0.06879223612386229,12,227,0.05286343612334802,0.03049542237997618,0.09011315011358075,12,12,1.0,0.7575059933447593,1.0,183,289,0.6332179930795848,0.5762461837734023,0.6866947273601776,12,227,0.05286343612334802,0.03049542237997618,0.09011315011358075
random_pass,B1,0.95,0,0,227,52,0,52,0.0,0.0,0.06879223612386229,0,227,0.0,0.0,0.016641113083928186,0,0,,,,195,289,0.6747404844290658,0.618743701279195,0.7261528185193966,0,227,0.0,0.0,0.016641113083928186
random_pass,B2,0.5,157,2,70,50,2,52,0.038461538461538464,0.010611711001315298,0.12981189157455758,157,227,0.6916299559471366,0.6287807154394844,0.7481013249204198,157,159,0.9874213836477987,0.9553023694823954,0.9965436844802604,115,289,0.39792387543252594,0.34318633817126437,0.4553394571939147,157,227,0.6916299559471366,0.6287807154394844,0.7481013249204198
random_pass,B2,0.55,148,2,79,50,2,52,0.038461538461538464,0.010611711001315298,0.12981189157455758,148,227,0.6519823788546255,0.5879529158895579,0.7109535299131245,148,150,0.9866666666666667,0.9526930912996326,0.996335870848773,124,289,0.4290657439446367,0.3733011826244885,0.4866913192394495,148,227,0.6519823788546255,0.5879529158895579,0.7109535299131245
random_pass,B2,0.6,145,2,82,50,2,52,0.038461538461538464,0.010611711001315298,0.12981189157455758,145,227,0.6387665198237885,0.574447879165406,0.6984667017848694,145,147,0.9863945578231292,0.9517542954389518,0.9962609327217934,127,289,0.43944636678200694,0.38339001308221543,0.4970913909479756,145,227,0.6387665198237885,0.574447879165406,0.6984667017848694
random_pass,B2,0.65,130,2,97,50,2,52,0.038461538461538464,0.010611711001315298,0.12981189157455758,130,227,0.5726872246696035,0.5076511511235908,0.6353041055646487,130,132,0.9848484848484849,0.9464398960595944,0.9958350258326641,142,289,0.4913494809688581,0.43420476155754706,0.5487211533039088,130,227,0.5726872246696035,0.5076511511235908,0.6353041055646487
random_pass,B2,0.7,116,2,111,50,2,52,0.038461538461538464,0.010611711001315298,0.12981189157455758,116,227,0.5110132158590308,0.44634511257532133,0.5753147748016846,116,118,0.9830508474576272,0.9403025556519603,0.9953395574957996,156,289,0.5397923875432526,0.4821829985544743,0.5963577930828289,116,227,0.5110132158590308,0.44634511257532133,0.5753147748016846
random_pass,B2,0.75,91,1,136,51,1,52,0.019230769230769232,0.0034028080709451597,0.10120511127892243,91,227,0.4008810572687225,0.3392888491656735,0.4657721644412727,91,92,0.9891304347826086,0.9409721438693749,0.9980786709599084,182,289,0.629757785467128,0.5727248131676956,0.6833864639104665,91,227,0.4008810572687225,0.3392888491656735,0.4657721644412727
random_pass,B2,0.8,69,1,158,51,1,52,0.019230769230769232,0.0034028080709451597,0.10120511127892243,69,227,0.3039647577092511,0.2478013715652285,0.36665263312406493,69,70,0.9857142857142858,0.9234181286879168,0.9974737535421097,204,289,0.7058823529411765,0.6509252347791219,0.7554379915182288,69,227,0.3039647577092511,0.2478013715652285,0.36665263312406493
random_pass,B2,0.85,36,0,191,52,0,52,0.0,0.0,0.06879223612386229,36,227,0.15859030837004406,0.11680745119553117,0.21173604011728325,36,36,1.0,0.9035813714055363,1.0,238,289,0.8235294117647058,0.7754172229654825,0.8631535612160683,36,227,0.15859030837004406,0.11680745119553117,0.21173604011728325
random_pass,B2,0.9,2,0,225,52,0,52,0.0,0.0,0.06879223612386229,2,227,0.00881057268722467,0.0024195114654739277,0.031549511520059054,2,2,1.0,0.3423802275066532,1.0,272,289,0.9411764705882353,0.907825749762827,0.9629525923029243,2,227,0.00881057268722467,0.0024195114654739277,0.031549511520059054
random_pass,B2,0.95,0,0,227,52,0,52,0.0,0.0,0.06879223612386229,0,227,0.0,0.0,0.016641113083928186,0,0,,,,274,289,0.9480968858131488,0.9161406166220862,0.9682969935545003,0,227,0.0,0.0,0.016641113083928186
random_fail,B1,0.5,215,2,92,23,2,25,0.08,0.02222040128484759,0.24966108950395305,215,307,0.7003257328990228,0.6468622969170882,0.748837814859029,215,217,0.9907834101382489,0.9670239846272979,0.9974688290745861,55,351,0.15669515669515668,0.12240699318466411,0.19841645061201932,215,308,0.698051948051948,0.6445983367820801,0.7466261029103626
random_fail,B1,0.55,201,1,106,24,1,25,0.04,0.007096233501987265,0.19544063736193729,201,307,0.6547231270358306,0.5999208194131987,0.7057012181374608,201,202,0.995049504950495,0.9724959823574187,0.9991255808876102,70,351,0.19943019943019943,0.16098257929246226,0.24438566403160497,201,308,0.6525974025974026,0.597837186830847,0.7035980371944777
random_fail,B1,0.6,187,1,120,24,1,25,0.04,0.007096233501987265,0.19544063736193729,187,307,0.6091205211726385,0.5535112258208809,0.6620327375043212,187,188,0.9946808510638298,0.9704901704657026,0.9990604216919924,84,351,0.23931623931623933,0.19765528210814512,0.28662144077481366,187,308,0.6071428571428571,0.5516013654199659,0.6600446429382407
random_fail,B1,0.65,171,1,136,24,1,25,0.04,0.007096233501987265,0.19544063736193729,171,307,0.5570032573289903,0.5010728595772765,0.6115247332045454,171,172,0.9941860465116279,0.9678070122483097,0.9989729561398583,101,351,0.28774928774928776,0.2428874273783407,0.33720673496898645,171,308,0.5551948051948052,0.49935519524850785,0.6096745666329927
random_fail,B1,0.7,150,1,157,24,1,25,0.04,0.007096233501987265,0.19544063736193729,150,307,0.48859934853420195,0.43317066282396893,0.5443098186196665,150,151,0.9933774834437086,0.9634445765212873,0.9988300050721444,122,351,0.3475783475783476,0.29965350515793915,0.3988033765277253,150,308,0.487012987012987,0.4316968047672407,0.5426491336135826
random_fail,B1,0.75,124,1,183,24,1,25,0.04,0.007096233501987265,0.19544063736193729,124,307,0.40390879478827363,0.350535665941629,0.45965696336901396,124,125,0.992,0.956075247695005,0.998586404896002,148,351,0.42165242165242167,0.3711125859146267,0.4738886149518363,124,308,0.4025974025974026,0.34935255846423874,0.4582419793919369
random_fail,B1,0.8,87,0,220,25,0,25,0.0,0.0,0.1331922509390484,87,307,0.28338762214983715,0.23589616108545508,0.3362329863436214,87,87,1.0,0.9577124930558795,0.9999999999999999,186,351,0.5299145299145299,0.477659201535076,0.5815221581340926,87,308,0.2824675324675325,0.23510809283986378,0.33518637503892856
random_fail,B1,0.85,64,0,243,25,0,25,0.0,0.0,0.1331922509390484,64,307,0.20846905537459284,0.1667705150026924,0.2573732247702752,64,64,1.0,0.9433759402071946,1.0,210,351,0.5982905982905983,0.5462068693113283,0.6482461696016545,64,308,0.2077922077922078,0.16621677879282673,0.2565668347757004
random_fail,B1,0.9,27,0,280,25,0,25,0.0,0.0,0.1331922509390484,27,307,0.08794788273615635,0.06114617122564093,0.12493408666576022,27,27,1.0,0.8754449702581331,1.0,247,351,0.7037037037037037,0.6539368581404765,0.7490600196067196,27,308,0.08766233766233766,0.060945300764285754,0.12453824282685813
random_fail,B1,0.95,1,0,306,25,0,25,0.0,0.0,0.1331922509390484,1,307,0.003257328990228013,0.0005752301502835386,0.018217175608124997,1,1,1.0,0.2065493143772375,1.0,273,351,0.7777777777777778,0.7314095915261232,0.8181316054018717,1,308,0.003246753246753247,0.0005733617698070424,0.018158781296689148
random_fail,B2,0.5,212,5,94,21,5,26,0.19230769230769232,0.08507061148942413,0.3787625711931699,212,306,0.6928104575163399,0.6389968339664397,0.7418430976848208,212,217,0.9769585253456221,0.9472051697369189,0.9901188323113909,119,351,0.33903133903133903,0.291489170070141,0.3900587517100466,212,308,0.6883116883116883,0.6345312465456265,0.7374526469324336
random_fail,B2,0.55,196,3,110,23,3,26,0.11538461538461539,0.04003244623610615,0.2897590321171364,196,306,0.6405228758169934,0.585322734804159,0.6922385713145562,196,199,0.9849246231155779,0.9566220180797402,0.9948599970964882,139,351,0.396011396011396,0.3462386140057443,0.4480357071442884,196,308,0.6363636363636364,0.5812664733578954,0.6881011736434586
random_fail,B2,0.6,183,2,123,24,2,26,0.07692307692307693,0.021355088472276254,0.24141553771629054,183,306,0.5980392156862745,0.5422174278829975,0.6514299949905248,183,185,0.9891891891891892,0.96144570594784,0.9970302618313561,153,351,0.4358974358974359,0.38499238807730163,0.48819041263162266,183,308,0.5941558441558441,0.538481813716559,0.6475101330224711
random_fail,B2,0.65,163,2,143,24,2,26,0.07692307692307693,0.021355088472276254,0.24141553771629054,163,306,0.5326797385620915,0.4767186598086509,0.5878304811491898,163,165,0.9878787878787879,0.9568876587359363,0.9966696080902075,173,351,0.4928774928774929,0.4409361597359017,0.5449730403428676,163,308,0.5292207792207793,0.47345984299613764,0.5842617956470098
random_fail,B2,0.7,140,0,166,26,0,26,0.0,0.0,0.12872892185921522,140,306,0.45751633986928103,0.40256841246990593,0.5135177042849011,140,140,1.0,0.9732937996305869,0.9999999999999999,198,351,0.5641025641025641,0.5118095873683772,0.6150076119226984,140,308,0.45454545454545453,0.3998376915129845,0.5103730928198973
random_fail,B2,0.75,114,0,192,26,0,26,0.0,0.0,0.12872892185921522,114,306,0.37254901960784315,0.3202715818236755,0.4279867684407455,114,114,1.0,0.9674014658411585,1.0,225,351,0.6410256410256411,0.5895641083104469,0.6894337301299197,114,308,0.37012987012987014,0.31811581978556613,0.42534356402266815
random_fail,B2,0.8,82,0,224,26,0,26,0.0,0.0,0.12872892185921522,82,306,0.2679738562091503,0.22145072038080768,0.3202503788185228,82,82,1.0,0.9552493763098998,1.0,257,351,0.7321937321937322,0.6835376919277765,0.7758223855043422,82,308,0.2662337662337662,0.21997305767832476,0.3182538331764969
random_fail,B2,0.85,42,0,264,26,0,26,0.0,0.0,0.12872892185921522,42,306,0.13725490196078433,0.10317293688979953,0.18033159847816801,42,42,1.0,0.9162012091342963,1.0,297,351,0.8461538461538461,0.8046794618778373,0.8801334142939715,42,308,0.13636363636363635,0.10249195219368433,0.17919432246937167
random_fail,B2,0.9,7,0,299,26,0,26,0.0,0.0,0.12872892185921522,7,306,0.02287581699346405,0.01112428856113299,0.046458253454391835,7,7,1.0,0.6456695649333127,1.0,332,351,0.9458689458689459,0.9170088959256004,0.9650751791434373,7,308,0.022727272727272728,0.01105177280811526,0.046161462687145785
random_fail,B2,0.95,0,0,306,26,0,26,0.0,0.0,0.12872892185921522,0,306,0.0,0.0,0.012398143345036285,0,0,,,,339,351,0.9658119658119658,0.9412015614927317,0.9803367533557518,0,308,0.0,0.0,0.012318627661702046
initial_agreement,B1,0.5,900,0,335,162,0,162,0.0,1.734723475976807e-18,0.023163440842904448,900,1235,0.728744939271255,0.7032673996048991,0.7528038724510487,900,900,1.0,0.9957498532699458,1.0,181,1400,0.12928571428571428,0.11271982999855581,0.14788043687774913,900,1236,0.7281553398058253,0.702673399446096,0.7522234714300099
initial_agreement,B1,0.55,839,0,396,162,0,162,0.0,1.734723475976807e-18,0.023163440842904448,839,1235,0.6793522267206478,0.6528003986886977,0.7047917668348154,839,839,1.0,0.9954422521810103,1.0,242,1400,0.17285714285714285,0.1539522371313886,0.19355242997718106,839,1236,0.6788025889967637,0.6522517058355068,0.7042454872978952
initial_agreement,B1,0.6,775,0,460,162,0,162,0.0,1.734723475976807e-18,0.023163440842904448,775,1235,0.6275303643724697,0.6002102735060316,0.6540595507375501,775,775,1.0,0.9950677268432644,1.0,306,1400,0.21857142857142858,0.1977090743668622,0.24097397987064095,775,1236,0.6270226537216829,0.5997079024802947,0.6535502844968282
initial_agreement,B1,0.65,710,0,525,162,0,162,0.0,1.734723475976807e-18,0.023163440842904448,710,1235,0.5748987854251012,0.5471370847582454,0.6021959866229055,710,710,1.0,0.9946186106547518,0.9999999999999999,371,1400,0.265,0.24254772699610522,0.28873837666922103,710,1236,0.5744336569579288,0.5466807919152876,0.6017252794343639
initial_agreement,B1,0.7,629,0,606,162,0,162,0.0,1.734723475976807e-18,0.023163440842904448,629,1235,0.5093117408906883,0.4814450521102035,0.5371206810885344,629,629,1.0,0.9939298243388593,1.0,452,1400,0.32285714285714284,0.2988783135899394,0.3478054362854432,629,1236,0.5088996763754046,0.4810450997557756,0.536699104427335
initial_agreement,B1,0.75,517,0,718,162,0,162,0.0,1.734723475976807e-18,0.023163440842904448,517,1235,0.41862348178137654,0.3914032610531708,0.4463483749056869,517,517,1.0,0.9926245141287484,1.0,564,1400,0.40285714285714286,0.37746471429551554,0.42878121305550065,517,1236,0.41828478964401294,0.3910796036422993,0.44599633976732234
initial_agreement,B1,0.8,383,0,852,162,0,162,0.0,1.734723475976807e-18,0.023163440842904448,383,1235,0.3101214574898785,0.28494668079772323,0.3364738031062777,383,383,1.0,0.990069681692327,1.0,698,1400,0.49857142857142855,0.4724201828529204,0.5247304925493003,383,1236,0.3098705501618123,0.2847121917819079,0.3362070824880039
initial_agreement,B1,0.85,213,0,1022,162,0,162,0.0,1.734723475976807e-18,0.023163440842904448,213,1235,0.17246963562753037,0.15242352775696985,0.19454698712221294,213,213,1.0,0.9822844817518471,1.0,868,1400,0.62,0.594278691332561,0.6450645748808895,213,1236,0.17233009708737865,0.15229882524061825,0.19439183892667652
initial_agreement,B1,0.9,66,0,1169,162,0,162,0.0,1.734723475976807e-18,0.023163440842904448,66,1235,0.05344129554655871,0.042225418331944126,0.06742659391989592,66,66,1.0,0.9449974429864587,1.0,1015,1400,0.725,0.7010188036739852,0.7477498204762344,66,1236,0.05339805825242718,0.04219107802225686,0.06737249387983382
initial_agreement,B1,0.95,2,0,1233,162,0,162,0.0,1.734723475976807e-18,0.023163440842904448,2,1235,0.0016194331983805667,0.00044421939017623684,0.0058854515817322595,2,2,1.0,0.3423802275066532,1.0,1079,1400,0.7707142857142857,0.7479710807585483,0.7919759305206046,2,1236,0.0016181229773462784,0.0004438598984658798,0.005880705847345461
initial_agreement,B2,0.5,871,3,363,159,3,162,0.018518518518518517,0.006317629845478453,0.053024942818059154,871,1234,0.7058346839546191,0.6798037095998749,0.7305881030026674,871,874,0.9965675057208238,0.9899570544958014,0.9988319703083866,455,1400,0.325,0.3009732559329752,0.3499844808390762,871,1236,0.7046925566343042,0.6786581284970784,0.7294585677144633
initial_agreement,B2,0.55,820,2,414,160,2,162,0.012345679012345678,0.0033921854884835477,0.04389067656817634,820,1234,0.6645056726094003,0.6376870644622263,0.690303242460278,820,822,0.9975669099756691,0.9911723807943766,0.9993325051774518,508,1400,0.3628571428571429,0.33807745871750233,0.3883873798956971,820,1236,0.6634304207119741,0.6366164948627173,0.6892316183180394
initial_agreement,B2,0.6,769,1,465,161,1,162,0.006172839506172839,0.0010904900922820773,0.03413266135750009,769,1234,0.6231766612641815,0.5957962757549726,0.6497925254874937,769,770,0.9987012987012988,0.9926806388298768,0.9997707105336011,560,1400,0.4,0.3746453604602636,0.4259019176951943,769,1236,0.622168284789644,0.5947992690859821,0.6487802610639896
initial_agreement,B2,0.65,698,1,536,161,1,162,0.006172839506172839,0.0010904900922820773,0.03413266135750009,698,1234,0.5656401944894651,0.5378229334727336,0.5930500461367385,698,699,0.9985693848354793,0.9919413792500881,0.9997474166406731,631,1400,0.45071428571428573,0.4248209166662552,0.47687738471036334,698,1236,0.5647249190938511,0.5369264266403386,0.5921223310550106
initial_agreement,B2,0.7,621,1,613,161,1,162,0.006172839506172839,0.0010904900922820773,0.03413266135750009,621,1234,0.5032414910858996,0.47537814262845446,0.5310847205621367,621,622,0.9983922829581994,0.9909500901888768,0.9997161420679292,708,1400,0.5057142857142857,0.47954509136325557,0.5318522070278611,621,1236,0.5024271844660194,0.4745885933622296,0.5302507350513459
initial_agreement,B2,0.75,519,0,715,162,0,162,0.0,1.734723475976807e-18,0.023163440842904448,519,1234,0.4205834683954619,0.3933285413551093,0.44833131047540586,519,519,1.0,0.9926527272160881,1.0,811,1400,0.5792857142857143,0.5532435141662252,0.6048940010105189,519,1236,0.4199029126213592,0.3926779905220099,0.4476241718299955
initial_agreement,B2,0.8,390,0,844,162,0,162,0.0,1.734723475976807e-18,0.023163440842904448,390,1234,0.3160453808752026,0.2907097168987021,0.3425227970352464,390,390,1.0,0.9902461796881495,1.0,940,1400,0.6714285714285714,0.6463850712362792,0.6955338804972212,390,1236,0.3155339805825243,0.29023113710706167,0.3419799034611933
initial_agreement,B2,0.85,196,0,1038,162,0,162,0.0,1.734723475976807e-18,0.023163440842904448,196,1234,0.15883306320907617,0.1395020033692456,0.18028164582102865,196,196,1.0,0.980777468082132,1.0,1134,1400,0.81,0.7886127285839799,0.8296907091341004,196,1236,0.15857605177993528,0.13927387966797225,0.17999392348906082
initial_agreement,B2,0.9,21,0,1213,162,0,162,0.0,1.734723475976807e-18,0.023163440842904448,21,1234,0.017017828200972446,0.011157333077790967,0.025876051524117434,21,21,1.0,0.8453609810751531,0.9999999999999999,1309,1400,0.935,0.9208589543957282,0.9467603856280298,21,1236,0.01699029126213592,0.011139236738843261,0.02583440895961351
initial_agreement,B2,0.95,0,0,1234,162,0,162,0.0,1.734723475976807e-18,0.023163440842904448,0,1234,0.0,0.0,0.0031033528513045,0,0,,,,1330,1400,0.95,0.9373015038314694,0.9602357444689695,0,1236,0.0,0.0,0.0030983468034276106
Codex,B1,0.5,944,4,411,272,4,276,0.014492753623188406,0.0056500012817968705,0.036664882547769756,944,1355,0.6966789667896679,0.6716749355008745,0.7205709711426996,944,948,0.9957805907172996,0.9892014534497178,0.9983579675957102,226,1684,0.1342042755344418,0.11875354459494858,0.1513200789900495,944,1356,0.696165191740413,0.6711603869516245,0.7200616901141612
Codex,B1,0.55,877,3,478,273,3,276,0.010869565217391304,0.003703388501720162,0.0314645914758283,877,1355,0.6472324723247233,0.6214067269347393,0.672225762278743,877,880,0.9965909090909091,0.9900251923428092,0.9988399387024967,294,1684,0.17458432304038005,0.15719970128111807,0.19345021060943215,877,1356,0.6467551622418879,0.6209326384205571,0.6717485395346734
Codex,B1,0.6,811,3,544,273,3,276,0.010869565217391304,0.003703388501720162,0.0314645914758283,811,1355,0.5985239852398524,0.5721803761296783,0.6243105377049075,811,814,0.9963144963144963,0.9892207229666707,0.9987458215089722,360,1684,0.21377672209026127,0.194858814621342,0.2339974947422441,811,1356,0.5980825958702065,0.5717453345765676,0.6238657039563252
Codex,B1,0.65,746,3,609,273,3,276,0.010869565217391304,0.003703388501720162,0.0314645914758283,746,1355,0.5505535055350553,0.5239616179657184,0.5768595625411664,746,749,0.9959946595460614,0.9882906734707394,0.9986369077545155,427,1684,0.25356294536817103,0.23336129586581844,0.2748863563870617,746,1356,0.5501474926253688,0.5235644062140264,0.5764472525847458
Codex,B1,0.7,656,3,699,273,3,276,0.010869565217391304,0.003703388501720162,0.0314645914758283,656,1355,0.4841328413284133,0.4576062312274495,0.5107491646718494,656,659,0.9954476479514416,0.9867020130831596,0.9984506072158124,519,1684,0.3081947743467934,0.28659839412124716,0.33066423642738013,656,1356,0.4837758112094395,0.4572605561556,0.5103827307036207
Codex,B1,0.75,541,2,814,274,2,276,0.007246376811594203,0.001989472450256692,0.02603160367527361,541,1355,0.3992619926199262,0.37350556711474914,0.4255879928970787,541,543,0.996316758747698,0.9866711123677574,0.9989893405949628,635,1684,0.37707838479809974,0.3542350218813881,0.40048127695318103,541,1356,0.39896755162241887,0.373224541089899,0.42528138162433915
Codex,B1,0.8,398,0,957,276,0,276,0.0,0.0,0.013727268421493983,398,1355,0.2937269372693727,0.27008596630178405,0.31853418038910164,398,398,1.0,0.990440362146883,1.0,780,1684,0.46318289786223277,0.4394777905182406,0.4870555936737559,398,1356,0.2935103244837758,0.26988365143239457,0.31830363586677834
Codex,B1,0.85,223,0,1132,276,0,276,0.0,0.0,0.013727268421493983,223,1355,0.16457564575645756,0.14578595467498678,0.18526183305670396,223,223,1.0,0.9830654464987788,1.0,956,1684,0.5676959619952494,0.5439075180326057,0.59117625942082,223,1356,0.16445427728613568,0.14567732133523723,0.18512702052591887
Codex,B1,0.9,68,0,1287,276,0,276,0.0,0.0,0.013727268421493983,68,1355,0.05018450184501845,0.03977840506261119,0.06313386473379257,68,68,1.0,0.9465286634799296,1.0,1111,1684,0.6597387173396675,0.636768795934163,0.6819815210392712,68,1356,0.05014749262536873,0.03974892881634847,0.06308766137113554
Codex,B1,0.95,2,0,1353,276,0,276,0.0,0.0,0.013727268421493983,2,1355,0.0014760147601476014,0.0004048698508863852,0.0053658245666209645,2,2,1.0,0.3423802275066532,1.0,1177,1684,0.6989311163895487,0.6765893878066992,0.7203673266397711,2,1356,0.0014749262536873156,0.0004045712054646382,0.005361879559681567
Codex,B2,0.5,918,17,436,260,17,277,0.061371841155234655,0.03866712630925262,0.09607600947845299,918,1354,0.6779911373707533,0.6526300176169844,0.7023451504108238,918,935,0.9818181818181818,0.9710758318412454,0.9886176196300736,647,1684,0.3842042755344418,0.36126131872472217,0.40767432510494445,918,1356,0.6769911504424779,0.6516317698114783,0.7013505553606593
Codex,B2,0.55,863,11,491,266,11,277,0.039711191335740074,0.022316393712628176,0.06969800803990242,863,1354,0.6373707533234859,0.6114079698611475,0.6625562677038827,863,874,0.9874141876430206,0.9776045237591594,0.9929579752421865,710,1684,0.42161520190023755,0.398234362145693,0.4453528429082351,863,1356,0.6364306784660767,0.6104757579514213,0.6616147843687681
Codex,B2,0.6,809,9,545,268,9,277,0.032490974729241874,0.017186032838410636,0.0605854575690616,809,1354,0.5974889217134417,0.5711274653860643,0.6232987677246025,809,818,0.988997555012225,0.9792228050743894,0.9942009513128394,767,1684,0.45546318289786225,0.43180563860875504,0.47932345517188596,809,1356,0.5966076696165191,0.5702590596978274,0.6224104594586308
Codex,B2,0.65,731,6,623,271,6,277,0.021660649819494584,0.00996418616568432,0.0464429372242004,731,1354,0.5398818316100443,0.5132588916289933,0.5662791128253704,731,737,0.9918588873812755,0.9823532704176665,0.9962636676166718,851,1684,0.5053444180522565,0.48148010524913754,0.5291844034971855,731,1356,0.5390855457227138,0.5124811805871915,0.5654690828883221
Codex,B2,0.7,647,3,707,274,3,277,0.010830324909747292,0.0036899944738708144,0.031352761898426396,647,1354,0.4778434268833087,0.451337553932561,0.504474665815015,647,650,0.9953846153846154,0.986519111555763,0.9984291374609868,939,1684,0.5576009501187649,0.5337747956583777,0.5811649097186601,647,1356,0.4771386430678466,0.4506558974491429,0.5037505522161226
Codex,B2,0.75,542,2,812,275,2,277,0.007220216606498195,0.001982282110324805,0.02593901858944323,542,1354,0.40029542097488924,0.374515479428561,0.42663950943553,542,544,0.9963235294117647,0.9866954280983526,0.9989911994935532,1046,1684,0.6211401425178147,0.5977199657804624,0.6440088991361941,542,1356,0.3997050147492625,0.37395188793402323,0.4260247944684322
Codex,B2,0.8,404,2,950,275,2,277,0.007220216606498195,0.001982282110324805,0.02593901858944323,404,1354,0.2983751846381093,0.27460245733969096,0.3232887423632485,404,406,0.9950738916256158,0.9822190499696497,0.9986480422877864,1185,1684,0.7036817102137767,0.6814286052619185,0.7250076725146166,404,1356,0.29793510324483774,0.2741909868744228,0.3228208585540536
Codex,B2,0.85,206,0,1148,277,0,277,0.0,0.0,0.013678389354709691,206,1354,0.15214180206794684,0.1339972466068325,0.17225460343010685,206,206,1.0,0.981693518324343,0.9999999999999999,1385,1684,0.8224465558194775,0.8034673280646721,0.8399580329634871,206,1356,0.15191740412979352,0.13379765522799575,0.17200377193346728
Codex,B2,0.9,22,0,1332,277,0,277,0.0,0.0,0.013678389354709691,22,1354,0.01624815361890694,0.010754251178761448,0.02447921330997581,22,22,1.0,0.8513451253913793,1.0,1569,1684,0.9317102137767221,0.9186538741039905,0.9428014435156629,22,1356,0.016224188790560472,0.01073835434210186,0.02444329018738913
Codex,B2,0.95,0,0,1354,277,0,277,0.0,0.0,0.013678389354709691,0,1354,0.0,0.0,0.002829092303626145,0,0,,,,1591,1684,0.9447743467933492,0.9328178959483268,0.954706220829005,0,1356,0.0,0.0,0.0028249313887117257
combined,B1,0.5,1334,7,536,341,7,348,0.020114942528735632,0.009777098938034254,0.04093170291975508,1334,1870,0.7133689839572193,0.6924530056067179,0.7334101303825046,1334,1341,0.9947800149142431,0.9892642447831743,0.9974691662790192,305,2292,0.1330715532286213,0.11977845730421659,0.14759255669254534,1334,1871,0.7129877071084981,0.692070091677442,0.7330325196661998
combined,B1,0.55,1247,5,623,343,5,348,0.014367816091954023,0.006152273969172159,0.0331877710246386,1247,1870,0.6668449197860963,0.6451590142773442,0.6878467461954312,1247,1252,0.9960063897763578,0.9906853403975703,0.9982929986089376,395,2292,0.17233856893542757,0.15742829522550134,0.18834534509740974,1247,1871,0.6664885088188135,0.6448035189286024,0.6874912450200662
combined,B1,0.6,1149,5,721,343,5,348,0.014367816091954023,0.006152273969172159,0.0331877710246386,1149,1870,0.6144385026737967,0.5921648767056741,0.6362429205416781,1149,1154,0.9956672443674177,0.9898975341130493,0.9981479286614553,496,2292,0.2164048865619546,0.20002828415720325,0.23373052570949737,1149,1871,0.6141101015499733,0.5918396701744132,0.6359129208465842
combined,B1,0.65,1058,3,812,345,3,348,0.008620689655172414,0.002936058263021981,0.025035229866810206,1058,1870,0.5657754010695187,0.543198186882574,0.5880829302268856,1058,1061,0.9971724787935909,0.9917198859476585,0.9990379318108712,593,2292,0.2587260034904014,0.2412114083467704,0.2770480098936689,1058,1871,0.5654730090860502,0.5429006641175493,0.5877770520420393
combined,B1,0.7,934,3,936,345,3,348,0.008620689655172414,0.002936058263021981,0.025035229866810206,934,1870,0.4994652406417112,0.4768276399807025,0.5221050338639361,934,937,0.9967982924226254,0.9906291806952584,0.9989105459734303,720,2292,0.31413612565445026,0.29545762782183566,0.33343660756772514,934,1871,0.4991982896846606,0.4765672898264026,0.5218325748736841
combined,B1,0.75,792,2,1078,346,2,348,0.005747126436781609,0.001577486816004229,0.020709422881838673,792,1870,0.4235294117647059,0.40131325854418554,0.44605910123912584,792,794,0.9974811083123426,0.9908627008279706,0.999308957044654,864,2292,0.3769633507853403,0.3573445051017908,0.39699393240960873,792,1871,0.4233030464991983,0.4010948260573474,0.4458255635842771
combined,B1,0.8,589,0,1281,348,0,348,0.0,0.0,0.010918152833864332,589,1870,0.3149732620320856,0.2943175567270041,0.336387593517931,589,589,1.0,0.9935202594833098,0.9999999999999999,1069,2292,0.4664048865619546,0.44605470512103296,0.486867492355484,589,1871,0.31480491715660075,0.2941579970893528,0.3362107486306674
combined,B1,0.85,335,0,1535,348,0,348,0.0,0.0,0.010918152833864332,335,1870,0.17914438502673796,0.16242702259277417,0.19717728419035022,335,335,1.0,0.988662961037696,1.0,1324,2292,0.5776614310645725,0.557326749862611,0.5977362222046619,335,1871,0.17904863709246394,0.16233937826367872,0.19707312333768406
combined,B1,0.9,108,0,1762,348,0,348,0.0,0.0,0.010918152833864332,108,1870,0.057754010695187166,0.04805958311926829,0.06926168639680476,108,108,1.0,0.9656526402534429,0.9999999999999998,1551,2292,0.6767015706806283,0.6572708688956225,0.6955409495720487,108,1871,0.05772314270443613,0.0480337772453958,0.06922491563574945
combined,B1,0.95,5,0,1865,348,0,348,0.0,0.0,0.010918152833864332,5,1870,0.00267379679144385,0.0011426102797833255,0.006244065234059385,5,5,1.0,0.5655175352168255,1.0,1654,2292,0.7216404886561955,0.7029325847283182,0.739606683868168,5,1871,0.002672367717797969,0.0011419993045593355,0.006240736315870472
combined,B2,0.5,1298,19,571,330,19,349,0.054441260744985676,0.035126546637389455,0.08345775737422327,1298,1869,0.6944890315676833,0.6732248824235078,0.7149553324985728,1298,1317,0.9855732725892179,0.977577223876124,0.9907448949207434,854,2292,0.3726003490401396,0.35303489057719456,0.3925921440090772,1298,1871,0.6937466595403528,0.6724814680928216,0.7142178960529003
combined,B2,0.55,1222,12,647,337,12,349,0.034383954154727794,0.019776546494563625,0.05912988052721816,1222,1869,0.6538255751738897,0.6319612825822747,0.6750588323836073,1222,1234,0.9902755267423015,0.9830795280973725,0.9944285294795494,939,2292,0.4096858638743455,0.3897202917870022,0.4299536676628548,1222,1871,0.6531266702298236,0.6312654640484102,0.6743603782350361
combined,B2,0.6,1149,10,720,339,10,349,0.02865329512893983,0.015636950053445505,0.05193294068552744,1149,1869,0.6147672552166934,0.5924904445373405,0.6365732586285089,1149,1159,0.99137187230371,0.9841905514815644,0.9953066889721144,1018,2292,0.44415357766143104,0.42392224735523004,0.4645717952031357,1149,1871,0.6141101015499733,0.5918396701744132,0.6359129208465842
combined,B2,0.65,1042,6,827,343,6,349,0.017191977077363897,0.00790245216880178,0.036994366004553476,1042,1869,0.5575173889780631,0.534904678411174,0.5798941471847645,1042,1048,0.9942748091603053,0.9875657787329875,0.9973735306202915,1134,2292,0.49476439790575916,0.4743217424947762,0.5152245739950707,1042,1871,0.5569214323890967,0.5343189693686641,0.5792906369251825
combined,B2,0.7,918,3,951,346,3,349,0.008595988538681949,0.002927633320409342,0.024964380428732662,918,1869,0.4911717495987159,0.46854862737465847,0.5138310877664299,918,921,0.996742671009772,0.9904671520181703,0.998891609176161,1262,2292,0.5506108202443281,0.5301784718377883,0.5708738020936927,918,1871,0.4906467129877071,0.46803715808282886,0.5132945967515156
combined,B2,0.75,760,2,1109,347,2,349,0.0057306590257879654,0.001572962739074528,0.02065078286866305,760,1869,0.40663456393793473,0.3845787883534633,0.4290733505628968,760,762,0.9973753280839895,0.9904810644366773,0.9992799249556064,1422,2292,0.6204188481675392,0.6003658147459203,0.6400689059876037,760,1871,0.4061998931052913,0.3841604151235005,0.4286237547866396
combined,B2,0.8,555,2,1314,347,2,349,0.0057306590257879654,0.001572962739074528,0.02065078286866305,555,1869,0.2969502407704655,0.27666910463091393,0.31806434361412156,555,557,0.9964093357271095,0.987003646342149,0.9990147574378023,1629,2292,0.7107329842931938,0.6918297659699947,0.7289309953136726,555,1871,0.29663281667557456,0.27636931048655367,0.31772970176876447
combined,B2,0.85,270,0,1599,349,0,349,0.0,0.0,0.010887209324928744,270,1869,0.14446227929373998,0.12925296282603965,0.16113011058325177,270,270,1.0,0.9859719604283536,1.0,1916,2292,0.8359511343804538,0.820230624444004,0.8505474007908277,270,1871,0.14430785676109031,0.1291136504509592,0.16095965482082583
combined,B2,0.9,30,0,1839,349,0,349,0.0,0.0,0.010887209324928744,30,1869,0.016051364365971106,0.011266427663701221,0.022821593252332066,30,30,1.0,0.8864866068260314,1.0,2156,2292,0.9406631762652705,0.9302337731575564,0.9496179222803397,30,1871,0.016034206306787813,0.011254360389510144,0.022797296896141857
combined,B2,0.95,0,0,1869,349,0,349,0.0,0.0,0.010887209324928744,0,1869,0.0,0.0,0.0020511393543760203,0,0,,,,2186,2292,0.9537521815008726,0.9443685315190229,0.9616173726942561,0,1871,0.0,0.0,0.002048951287385368
