trial_id,candidate_id,kept_first,kept_second
5319b2112b47,5319b2112b47-001,0,0
5319b2112b47,5319b2112b47-002,0,0
5319b2112b47,5319b2112b47-003,0,0
5319b2112b47,5319b2112b47-004,0,0
5319b2112b47,5319b2112b47-005,0,0
5319b2112b47,5319b2112b47-006,0,0
5319b2112b47,5319b2112b47-007,0,0
5319b2112b47,5319b2112b47-008,0,0
5319b2112b47,5319b2112b47-009,0,0
5319b2112b47,5319b2112b47-010,0,0
5319b2112b47,5319b2112b47-011,0,0
5319b2112b47,5319b2112b47-012,0,0
5319b2112b47,5319b2112b47-013,0,0
5319b2112b47,5319b2112b47-014,0,0
5319b2112b47,5319b2112b47-015,0,0
5319b2112b47,5319b2112b47-016,0,0
5319b2112b47,5319b2112b47-017,0,0
5319b2112b47,5319b2112b47-018,0,0
5319b2112b47,5319b2112b47-019,0,0
5319b2112b47,5319b2112b47-020,0,0
5319b2112b47,5319b2112b47-021,0,0
5319b2112b47,5319b2112b47-022,0,0
5319b2112b47,5319b2112b47-023,0,0
5319b2112b47,5319b2112b47-024,0,0
5319b2112b47,5319b2112b47-025,0,0
5319b2112b47,5319b2112b47-026,0,0
5319b2112b47,5319b2112b47-027,0,0
5319b2112b47,5319b2112b47-028,0,0
5319b2112b47,5319b2112b47-029,0,0
5319b2112b47,5319b2112b47-030,0,0
5319b2112b47,5319b2112b47-031,0,0
5319b2112b47,5319b2112b47-032,0,0
5319b2112b47,5319b2112b47-033,0,0
5319b2112b47,5319b2112b47-034,0,0
5319b2112b47,5319b2112b47-035,0,0
5319b2112b47,5319b2112b47-036,0,0
5319b2112b47,5319b2112b47-037,0,0
5319b2112b47,5319b2112b47-038,0,0
5319b2112b47,5319b2112b47-039,0,0
5319b2112b47,5319b2112b47-040,0,0
5319b2112b47,5319b2112b47-041,0,0
5319b2112b47,5319b2112b47-042,0,0
5319b2112b47,5319b2112b47-043,0,0
5319b2112b47,5319b2112b47-044,0,0
5319b2112b47,5319b2112b47-045,0,0
5319b2112b47,5319b2112b47-046,0,0
5319b2112b47,5319b2112b47-047,0,0
5319b2112b47,5319b2112b47-048,0,0
5319b2112b47,5319b2112b47-049,0,0
5319b2112b47,5319b2112b47-050,0,0
5319b2112b47,5319b2112b47-051,0,0
5319b2112b47,5319b2112b47-052,0,0
5319b2112b47,5319b2112b47-053,0,0
5319b2112b47,5319b2112b47-054,0,0
5319b2112b47,5319b2112b47-055,0,0
5319b2112b47,5319b2112b47-056,0,0
5319b2112b47,5319b2112b47-057,0,0
5319b2112b47,5319b2112b47-058,0,0
5319b2112b47,5319b2112b47-059,0,0
5319b2112b47,5319b2112b47-060,0,0
5319b2112b47,5319b2112b47-061,0,0
5319b2112b47,5319b2112b47-062,0,0
5319b2112b47,5319b2112b47-063,0,0
5319b2112b47,5319b2112b47-064,0,0
5319b2112b47,5319b2112b47-065,0,0
5319b2112b47,5319b2112b47-066,0,0
5319b2112b47,5319b2112b47-067,0,0
5319b2112b47,5319b2112b47-068,0,0
5319b2112b47,5319b2112b47-069,0,0
5319b2112b47,5319b2112b47-070,0,0
5319b2112b47,5319b2112b47-071,0,0
5319b2112b47,5319b2112b47-072,0,0
5319b2112b47,5319b2112b47-073,0,0
5319b2112b47,5319b2112b47-074,0,0
5319b2112b47,5319b2112b47-075,0,0
5319b2112b47,5319b2112b47-076,0,0
5319b2112b47,5319b2112b47-077,0,0
5319b2112b47,5319b2112b47-078,0,0
5319b2112b47,5319b2112b47-079,0,0
5319b2112b47,5319b2112b47-080,0,0
5319b2112b47,5319b2112b47-081,0,0
5319b2112b47,5319b2112b47-082,0,0
5319b2112b47,5319b2112b47-083,0,0
5319b2112b47,5319b2112b47-084,0,0
5319b2112b47,5319b2112b47-085,0,0
5319b2112b47,5319b2112b47-086,0,0
5319b2112b47,5319b2112b47-087,0,0
5319b2112b47,5319b2112b47-088,0,0
5319b2112b47,5319b2112b47-089,0,0
5319b2112b47,5319b2112b47-090,0,0
5319b2112b47,5319b2112b47-091,0,0
5319b2112b47,5319b2112b47-092,0,0
5319b2112b47,5319b2112b47-093,0,0
5319b2112b47,5319b2112b47-094,0,0
5319b2112b47,5319b2112b47-095,0,0
5319b2112b47,5319b2112b47-096,0,0
5319b2112b47,5319b2112b47-097,0,0
5319b2112b47,5319b2112b47-098,0,0
5319b2112b47,5319b2112b47-099,0,0
5319b2112b47,5319b2112b47-100,0,0
5319b2112b47,5319b2112b47-101,0,0
5319b2112b47,5319b2112b47-102,0,0
5319b2112b47,5319b2112b47-103,0,0
5319b2112b47,5319b2112b47-104,0,0
5319b2112b47,5319b2112b47-105,0,0
5319b2112b47,5319b2112b47-106,0,0
5319b2112b47,5319b2112b47-107,0,0
5319b2112b47,5319b2112b47-108,0,0
5319b2112b47,5319b2112b47-109,0,0
5319b2112b47,5319b2112b47-110,0,0
5319b2112b47,5319b2112b47-111,0,0
5319b2112b47,5319b2112b47-112,0,0
5319b2112b47,5319b2112b47-113,0,0
5319b2112b47,5319b2112b47-114,0,0
5319b2112b47,5319b2112b47-115,0,0
5319b2112b47,5319b2112b47-116,0,0
5319b2112b47,5319b2112b47-117,0,0
5319b2112b47,5319b2112b47-118,0,0
5319b2112b47,5319b2112b47-119,0,0
5319b2112b47,5319b2112b47-120,0,0
5319b2112b47,5319b2112b47-121,0,0
5319b2112b47,5319b2112b47-122,0,0
5319b2112b47,5319b2112b47-123,0,0
5319b2112b47,5319b2112b47-124,0,0
5319b2112b47,5319b2112b47-125,0,0
5319b2112b47,5319b2112b47-126,0,0
5319b2112b47,5319b2112b47-127,0,0
5319b2112b47,5319b2112b47-128,0,0
5319b2112b47,5319b2112b47-129,0,0
5319b2112b47,5319b2112b47-130,0,0
5319b2112b47,5319b2112b47-131,0,0
5319b2112b47,5319b2112b47-132,0,0
5319b2112b47,5319b2112b47-133,0,0
5319b2112b47,5319b2112b47-134,0,0
5319b2112b47,5319b2112b47-135,0,0
5319b2112b47,5319b2112b47-136,0,0
5319b2112b47,5319b2112b47-137,0,0
5319b2112b47,5319b2112b47-138,0,0
5319b2112b47,5319b2112b47-139,0,0
5319b2112b47,5319b2112b47-140,0,0
5319b2112b47,5319b2112b47-141,0,0
5319b2112b47,5319b2112b47-142,0,0
5319b2112b47,5319b2112b47-143,0,0
5319b2112b47,5319b2112b47-144,0,0
5319b2112b47,5319b2112b47-145,0,0
5319b2112b47,5319b2112b47-146,0,0
5319b2112b47,5319b2112b47-147,0,0
5319b2112b47,5319b2112b47-148,0,0
5319b2112b47,5319b2112b47-149,0,0
5319b2112b47,5319b2112b47-150,0,0
65ee7c2f6507,65ee7c2f6507-001,0,0
65ee7c2f6507,65ee7c2f6507-002,0,0
65ee7c2f6507,65ee7c2f6507-003,0,0
65ee7c2f6507,65ee7c2f6507-004,0,0
65ee7c2f6507,65ee7c2f6507-005,0,0
65ee7c2f6507,65ee7c2f6507-006,0,0
65ee7c2f6507,65ee7c2f6507-007,0,0
65ee7c2f6507,65ee7c2f6507-008,0,0
65ee7c2f6507,65ee7c2f6507-009,0,0
65ee7c2f6507,65ee7c2f6507-010,0,0
65ee7c2f6507,65ee7c2f6507-011,0,0
65ee7c2f6507,65ee7c2f6507-012,0,0
65ee7c2f6507,65ee7c2f6507-013,0,0
65ee7c2f6507,65ee7c2f6507-014,0,0
65ee7c2f6507,65ee7c2f6507-015,0,0
65ee7c2f6507,65ee7c2f6507-016,0,0
65ee7c2f6507,65ee7c2f6507-017,0,0
65ee7c2f6507,65ee7c2f6507-018,0,0
65ee7c2f6507,65ee7c2f6507-019,0,0
65ee7c2f6507,65ee7c2f6507-020,0,0
65ee7c2f6507,65ee7c2f6507-021,0,0
65ee7c2f6507,65ee7c2f6507-022,0,0
65ee7c2f6507,65ee7c2f6507-023,0,0
65ee7c2f6507,65ee7c2f6507-024,0,0
65ee7c2f6507,65ee7c2f6507-025,0,0
65ee7c2f6507,65ee7c2f6507-026,0,0
65ee7c2f6507,65ee7c2f6507-027,0,0
65ee7c2f6507,65ee7c2f6507-028,0,0
65ee7c2f6507,65ee7c2f6507-029,0,0
65ee7c2f6507,65ee7c2f6507-030,0,0
65ee7c2f6507,65ee7c2f6507-031,0,0
65ee7c2f6507,65ee7c2f6507-032,0,0
65ee7c2f6507,65ee7c2f6507-033,1,1
65ee7c2f6507,65ee7c2f6507-034,0,0
65ee7c2f6507,65ee7c2f6507-035,0,0
65ee7c2f6507,65ee7c2f6507-036,0,0
65ee7c2f6507,65ee7c2f6507-037,0,0
65ee7c2f6507,65ee7c2f6507-038,0,0
65ee7c2f6507,65ee7c2f6507-039,0,0
65ee7c2f6507,65ee7c2f6507-040,0,0
65ee7c2f6507,65ee7c2f6507-041,0,0
65ee7c2f6507,65ee7c2f6507-042,0,0
65ee7c2f6507,65ee7c2f6507-043,0,0
65ee7c2f6507,65ee7c2f6507-044,0,0
65ee7c2f6507,65ee7c2f6507-045,0,0
65ee7c2f6507,65ee7c2f6507-046,0,0
65ee7c2f6507,65ee7c2f6507-047,0,0
65ee7c2f6507,65ee7c2f6507-048,0,0
65ee7c2f6507,65ee7c2f6507-049,0,0
65ee7c2f6507,65ee7c2f6507-050,0,0
65ee7c2f6507,65ee7c2f6507-051,0,0
65ee7c2f6507,65ee7c2f6507-052,0,0
65ee7c2f6507,65ee7c2f6507-053,0,0
65ee7c2f6507,65ee7c2f6507-054,1,1
65ee7c2f6507,65ee7c2f6507-055,0,0
65ee7c2f6507,65ee7c2f6507-056,0,0
65ee7c2f6507,65ee7c2f6507-057,0,0
65ee7c2f6507,65ee7c2f6507-058,0,0
65ee7c2f6507,65ee7c2f6507-059,0,0
65ee7c2f6507,65ee7c2f6507-060,0,0
65ee7c2f6507,65ee7c2f6507-061,0,0
65ee7c2f6507,65ee7c2f6507-062,0,0
65ee7c2f6507,65ee7c2f6507-063,0,0
65ee7c2f6507,65ee7c2f6507-064,0,0
65ee7c2f6507,65ee7c2f6507-065,0,0
65ee7c2f6507,65ee7c2f6507-066,0,0
65ee7c2f6507,65ee7c2f6507-067,0,0
65ee7c2f6507,65ee7c2f6507-068,0,0
65ee7c2f6507,65ee7c2f6507-069,0,0
65ee7c2f6507,65ee7c2f6507-070,0,0
65ee7c2f6507,65ee7c2f6507-071,1,1
65ee7c2f6507,65ee7c2f6507-072,0,0
65ee7c2f6507,65ee7c2f6507-073,1,1
65ee7c2f6507,65ee7c2f6507-074,0,0
65ee7c2f6507,65ee7c2f6507-075,0,0
65ee7c2f6507,65ee7c2f6507-076,0,0
65ee7c2f6507,65ee7c2f6507-077,0,0
65ee7c2f6507,65ee7c2f6507-078,0,0
65ee7c2f6507,65ee7c2f6507-079,0,0
65ee7c2f6507,65ee7c2f6507-080,0,0
65ee7c2f6507,65ee7c2f6507-081,0,0
65ee7c2f6507,65ee7c2f6507-082,0,0
65ee7c2f6507,65ee7c2f6507-083,0,0
65ee7c2f6507,65ee7c2f6507-084,0,0
65ee7c2f6507,65ee7c2f6507-085,0,0
65ee7c2f6507,65ee7c2f6507-086,0,0
65ee7c2f6507,65ee7c2f6507-087,0,0
65ee7c2f6507,65ee7c2f6507-088,0,0
65ee7c2f6507,65ee7c2f6507-089,0,0
65ee7c2f6507,65ee7c2f6507-090,0,0
65ee7c2f6507,65ee7c2f6507-091,0,0
65ee7c2f6507,65ee7c2f6507-092,0,0
65ee7c2f6507,65ee7c2f6507-093,0,0
65ee7c2f6507,65ee7c2f6507-094,0,0
65ee7c2f6507,65ee7c2f6507-095,0,0
65ee7c2f6507,65ee7c2f6507-096,0,0
65ee7c2f6507,65ee7c2f6507-097,0,0
65ee7c2f6507,65ee7c2f6507-098,0,0
65ee7c2f6507,65ee7c2f6507-099,0,0
65ee7c2f6507,65ee7c2f6507-100,0,0
65ee7c2f6507,65ee7c2f6507-101,0,0
65ee7c2f6507,65ee7c2f6507-102,0,0
65ee7c2f6507,65ee7c2f6507-103,0,0
65ee7c2f6507,65ee7c2f6507-104,0,0
65ee7c2f6507,65ee7c2f6507-105,0,0
65ee7c2f6507,65ee7c2f6507-106,0,0
65ee7c2f6507,65ee7c2f6507-107,0,0
65ee7c2f6507,65ee7c2f6507-108,0,0
65ee7c2f6507,65ee7c2f6507-109,0,0
65ee7c2f6507,65ee7c2f6507-110,0,0
65ee7c2f6507,65ee7c2f6507-111,0,0
65ee7c2f6507,65ee7c2f6507-112,0,0
65ee7c2f6507,65ee7c2f6507-113,0,0
65ee7c2f6507,65ee7c2f6507-114,0,0
65ee7c2f6507,65ee7c2f6507-115,0,0
65ee7c2f6507,65ee7c2f6507-116,0,0
65ee7c2f6507,65ee7c2f6507-117,0,0
65ee7c2f6507,65ee7c2f6507-118,1,1
65ee7c2f6507,65ee7c2f6507-119,0,0
65ee7c2f6507,65ee7c2f6507-120,0,0
65ee7c2f6507,65ee7c2f6507-121,0,0
65ee7c2f6507,65ee7c2f6507-122,0,0
65ee7c2f6507,65ee7c2f6507-123,1,1
65ee7c2f6507,65ee7c2f6507-124,1,1
65ee7c2f6507,65ee7c2f6507-125,0,1
65ee7c2f6507,65ee7c2f6507-126,0,0
65ee7c2f6507,65ee7c2f6507-127,0,0
65ee7c2f6507,65ee7c2f6507-128,0,0
65ee7c2f6507,65ee7c2f6507-129,1,1
65ee7c2f6507,65ee7c2f6507-130,0,0
65ee7c2f6507,65ee7c2f6507-131,0,0
65ee7c2f6507,65ee7c2f6507-132,0,0
65ee7c2f6507,65ee7c2f6507-133,0,0
65ee7c2f6507,65ee7c2f6507-134,0,0
65ee7c2f6507,65ee7c2f6507-135,1,1
65ee7c2f6507,65ee7c2f6507-136,1,1
65ee7c2f6507,65ee7c2f6507-137,0,0
65ee7c2f6507,65ee7c2f6507-138,0,0
65ee7c2f6507,65ee7c2f6507-139,0,0
65ee7c2f6507,65ee7c2f6507-140,0,0
65ee7c2f6507,65ee7c2f6507-141,0,0
65ee7c2f6507,65ee7c2f6507-142,0,0
65ee7c2f6507,65ee7c2f6507-143,0,0
65ee7c2f6507,65ee7c2f6507-144,1,0
65ee7c2f6507,65ee7c2f6507-145,0,0
65ee7c2f6507,65ee7c2f6507-146,0,0
65ee7c2f6507,65ee7c2f6507-147,0,0
65ee7c2f6507,65ee7c2f6507-148,0,0
65ee7c2f6507,65ee7c2f6507-149,0,0
65ee7c2f6507,65ee7c2f6507-150,0,0
79fda4b6f423,79fda4b6f423-001,1,1
79fda4b6f423,79fda4b6f423-002,0,0
79fda4b6f423,79fda4b6f423-003,0,0
79fda4b6f423,79fda4b6f423-004,0,0
79fda4b6f423,79fda4b6f423-005,0,0
79fda4b6f423,79fda4b6f423-006,0,0
79fda4b6f423,79fda4b6f423-007,0,0
79fda4b6f423,79fda4b6f423-008,0,0
79fda4b6f423,79fda4b6f423-009,0,0
79fda4b6f423,79fda4b6f423-010,0,0
79fda4b6f423,79fda4b6f423-011,0,0
79fda4b6f423,79fda4b6f423-012,0,0
79fda4b6f423,79fda4b6f423-013,0,0
79fda4b6f423,79fda4b6f423-014,0,0
79fda4b6f423,79fda4b6f423-015,1,1
79fda4b6f423,79fda4b6f423-016,0,0
79fda4b6f423,79fda4b6f423-017,0,0
79fda4b6f423,79fda4b6f423-018,0,0
79fda4b6f423,79fda4b6f423-019,0,0
79fda4b6f423,79fda4b6f423-020,0,0
79fda4b6f423,79fda4b6f423-021,0,0
79fda4b6f423,79fda4b6f423-022,0,0
79fda4b6f423,79fda4b6f423-023,0,0
79fda4b6f423,79fda4b6f423-024,0,0
79fda4b6f423,79fda4b6f423-025,0,0
79fda4b6f423,79fda4b6f423-026,0,0
79fda4b6f423,79fda4b6f423-027,0,0
79fda4b6f423,79fda4b6f423-028,0,0
79fda4b6f423,79fda4b6f423-029,0,0
79fda4b6f423,79fda4b6f423-030,1,0
79fda4b6f423,79fda4b6f423-031,0,0
79fda4b6f423,79fda4b6f423-032,0,0
79fda4b6f423,79fda4b6f423-033,0,0
79fda4b6f423,79fda4b6f423-034,0,0
79fda4b6f423,79fda4b6f423-035,0,0
79fda4b6f423,79fda4b6f423-036,0,0
79fda4b6f423,79fda4b6f423-037,0,1
79fda4b6f423,79fda4b6f423-038,0,0
79fda4b6f423,79fda4b6f423-039,0,0
79fda4b6f423,79fda4b6f423-040,0,0
79fda4b6f423,79fda4b6f423-041,0,0
79fda4b6f423,79fda4b6f423-042,0,0
79fda4b6f423,79fda4b6f423-043,0,0
79fda4b6f423,79fda4b6f423-044,0,0
79fda4b6f423,79fda4b6f423-045,0,0
79fda4b6f423,79fda4b6f423-046,0,0
79fda4b6f423,79fda4b6f423-047,0,0
79fda4b6f423,79fda4b6f423-048,0,0
79fda4b6f423,79fda4b6f423-049,0,0
79fda4b6f423,79fda4b6f423-050,0,0
79fda4b6f423,79fda4b6f423-051,0,0
79fda4b6f423,79fda4b6f423-052,0,0
79fda4b6f423,79fda4b6f423-053,0,0
79fda4b6f423,79fda4b6f423-054,0,0
79fda4b6f423,79fda4b6f423-055,0,0
79fda4b6f423,79fda4b6f423-056,0,0
79fda4b6f423,79fda4b6f423-057,0,0
79fda4b6f423,79fda4b6f423-058,0,0
79fda4b6f423,79fda4b6f423-059,0,0
79fda4b6f423,79fda4b6f423-060,0,0
79fda4b6f423,79fda4b6f423-061,0,0
79fda4b6f423,79fda4b6f423-062,0,0
79fda4b6f423,79fda4b6f423-063,0,0
79fda4b6f423,79fda4b6f423-064,0,0
79fda4b6f423,79fda4b6f423-065,0,0
79fda4b6f423,79fda4b6f423-066,0,0
79fda4b6f423,79fda4b6f423-067,0,0
79fda4b6f423,79fda4b6f423-068,0,0
79fda4b6f423,79fda4b6f423-069,0,0
79fda4b6f423,79fda4b6f423-070,0,0
79fda4b6f423,79fda4b6f423-071,0,0
79fda4b6f423,79fda4b6f423-072,0,0
79fda4b6f423,79fda4b6f423-073,0,0
79fda4b6f423,79fda4b6f423-074,0,0
79fda4b6f423,79fda4b6f423-075,0,0
79fda4b6f423,79fda4b6f423-076,0,0
79fda4b6f423,79fda4b6f423-077,0,0
79fda4b6f423,79fda4b6f423-078,0,0
79fda4b6f423,79fda4b6f423-079,0,0
79fda4b6f423,79fda4b6f423-080,0,0
79fda4b6f423,79fda4b6f423-081,0,0
79fda4b6f423,79fda4b6f423-082,0,0
79fda4b6f423,79fda4b6f423-083,0,0
79fda4b6f423,79fda4b6f423-084,0,0
79fda4b6f423,79fda4b6f423-085,0,0
79fda4b6f423,79fda4b6f423-086,0,0
79fda4b6f423,79fda4b6f423-087,0,0
79fda4b6f423,79fda4b6f423-088,0,0
79fda4b6f423,79fda4b6f423-089,0,0
79fda4b6f423,79fda4b6f423-090,0,0
79fda4b6f423,79fda4b6f423-091,0,0
79fda4b6f423,79fda4b6f423-092,0,0
79fda4b6f423,79fda4b6f423-093,0,0
79fda4b6f423,79fda4b6f423-094,0,0
79fda4b6f423,79fda4b6f423-095,0,0
79fda4b6f423,79fda4b6f423-096,0,0
79fda4b6f423,79fda4b6f423-097,0,0
79fda4b6f423,79fda4b6f423-098,1,0
79fda4b6f423,79fda4b6f423-099,0,0
79fda4b6f423,79fda4b6f423-100,0,0
79fda4b6f423,79fda4b6f423-101,0,0
79fda4b6f423,79fda4b6f423-102,0,0
79fda4b6f423,79fda4b6f423-103,0,0
79fda4b6f423,79fda4b6f423-104,0,0
79fda4b6f423,79fda4b6f423-105,0,0
79fda4b6f423,79fda4b6f423-106,0,0
79fda4b6f423,79fda4b6f423-107,0,0
79fda4b6f423,79fda4b6f423-108,0,0
79fda4b6f423,79fda4b6f423-109,0,0
79fda4b6f423,79fda4b6f423-110,0,0
79fda4b6f423,79fda4b6f423-111,0,0
79fda4b6f423,79fda4b6f423-112,0,0
84b09d5d23b0,84b09d5d23b0-001,0,0
84b09d5d23b0,84b09d5d23b0-002,0,0
84b09d5d23b0,84b09d5d23b0-003,0,0
84b09d5d23b0,84b09d5d23b0-004,0,0
84b09d5d23b0,84b09d5d23b0-005,0,0
84b09d5d23b0,84b09d5d23b0-006,0,0
84b09d5d23b0,84b09d5d23b0-007,0,0
84b09d5d23b0,84b09d5d23b0-008,0,0
84b09d5d23b0,84b09d5d23b0-009,1,1
84b09d5d23b0,84b09d5d23b0-010,0,0
84b09d5d23b0,84b09d5d23b0-011,0,0
84b09d5d23b0,84b09d5d23b0-012,0,0
84b09d5d23b0,84b09d5d23b0-013,0,0
84b09d5d23b0,84b09d5d23b0-014,0,0
84b09d5d23b0,84b09d5d23b0-015,0,0
84b09d5d23b0,84b09d5d23b0-016,0,0
84b09d5d23b0,84b09d5d23b0-017,0,0
84b09d5d23b0,84b09d5d23b0-018,0,0
84b09d5d23b0,84b09d5d23b0-019,0,0
84b09d5d23b0,84b09d5d23b0-020,0,0
84b09d5d23b0,84b09d5d23b0-021,0,0
84b09d5d23b0,84b09d5d23b0-022,0,0
84b09d5d23b0,84b09d5d23b0-023,0,0
84b09d5d23b0,84b09d5d23b0-024,0,0
84b09d5d23b0,84b09d5d23b0-025,0,0
84b09d5d23b0,84b09d5d23b0-026,0,0
84b09d5d23b0,84b09d5d23b0-027,0,0
84b09d5d23b0,84b09d5d23b0-028,0,0
84b09d5d23b0,84b09d5d23b0-029,0,0
84b09d5d23b0,84b09d5d23b0-030,0,0
84b09d5d23b0,84b09d5d23b0-031,0,0
84b09d5d23b0,84b09d5d23b0-032,0,0
84b09d5d23b0,84b09d5d23b0-033,0,0
84b09d5d23b0,84b09d5d23b0-034,0,0
84b09d5d23b0,84b09d5d23b0-035,0,0
84b09d5d23b0,84b09d5d23b0-036,0,0
84b09d5d23b0,84b09d5d23b0-037,0,0
84b09d5d23b0,84b09d5d23b0-038,0,0
84b09d5d23b0,84b09d5d23b0-039,0,0
84b09d5d23b0,84b09d5d23b0-040,0,0
84b09d5d23b0,84b09d5d23b0-041,0,0
84b09d5d23b0,84b09d5d23b0-042,0,0
84b09d5d23b0,84b09d5d23b0-043,0,0
84b09d5d23b0,84b09d5d23b0-044,0,0
84b09d5d23b0,84b09d5d23b0-045,0,0
84b09d5d23b0,84b09d5d23b0-046,0,0
84b09d5d23b0,84b09d5d23b0-047,0,0
84b09d5d23b0,84b09d5d23b0-048,0,0
84b09d5d23b0,84b09d5d23b0-049,0,0
84b09d5d23b0,84b09d5d23b0-050,0,0
84b09d5d23b0,84b09d5d23b0-051,0,0
84b09d5d23b0,84b09d5d23b0-052,0,0
84b09d5d23b0,84b09d5d23b0-053,0,0
84b09d5d23b0,84b09d5d23b0-054,0,0
84b09d5d23b0,84b09d5d23b0-055,0,0
84b09d5d23b0,84b09d5d23b0-056,0,0
84b09d5d23b0,84b09d5d23b0-057,0,0
84b09d5d23b0,84b09d5d23b0-058,0,0
84b09d5d23b0,84b09d5d23b0-059,0,0
84b09d5d23b0,84b09d5d23b0-060,0,0
84b09d5d23b0,84b09d5d23b0-061,0,0
84b09d5d23b0,84b09d5d23b0-062,0,0
84b09d5d23b0,84b09d5d23b0-063,0,0
84b09d5d23b0,84b09d5d23b0-064,0,0
84b09d5d23b0,84b09d5d23b0-065,0,0
84b09d5d23b0,84b09d5d23b0-066,0,0
84b09d5d23b0,84b09d5d23b0-067,0,0
84b09d5d23b0,84b09d5d23b0-068,0,0
84b09d5d23b0,84b09d5d23b0-069,0,0
84b09d5d23b0,84b09d5d23b0-070,0,0
84b09d5d23b0,84b09d5d23b0-071,0,0
84b09d5d23b0,84b09d5d23b0-072,0,0
84b09d5d23b0,84b09d5d23b0-073,0,0
84b09d5d23b0,84b09d5d23b0-074,0,0
84b09d5d23b0,84b09d5d23b0-075,0,0
84b09d5d23b0,84b09d5d23b0-076,0,0
84b09d5d23b0,84b09d5d23b0-077,0,0
84b09d5d23b0,84b09d5d23b0-078,0,0
84b09d5d23b0,84b09d5d23b0-079,0,0
84b09d5d23b0,84b09d5d23b0-080,0,0
84b09d5d23b0,84b09d5d23b0-081,0,0
84b09d5d23b0,84b09d5d23b0-082,0,0
84b09d5d23b0,84b09d5d23b0-083,0,0
84b09d5d23b0,84b09d5d23b0-084,0,0
84b09d5d23b0,84b09d5d23b0-085,0,0
84b09d5d23b0,84b09d5d23b0-086,0,0
84b09d5d23b0,84b09d5d23b0-087,0,0
84b09d5d23b0,84b09d5d23b0-088,0,0
84b09d5d23b0,84b09d5d23b0-089,0,0
84b09d5d23b0,84b09d5d23b0-090,0,0
84b09d5d23b0,84b09d5d23b0-091,0,0
84b09d5d23b0,84b09d5d23b0-092,0,0
84b09d5d23b0,84b09d5d23b0-093,0,0
84b09d5d23b0,84b09d5d23b0-094,0,0
84b09d5d23b0,84b09d5d23b0-095,0,0
84b09d5d23b0,84b09d5d23b0-096,0,0
84b09d5d23b0,84b09d5d23b0-097,0,0
84b09d5d23b0,84b09d5d23b0-098,0,0
84b09d5d23b0,84b09d5d23b0-099,0,0
84b09d5d23b0,84b09d5d23b0-100,0,0
cc4e8e1f1f2b,cc4e8e1f1f2b-001,0,0
cc4e8e1f1f2b,cc4e8e1f1f2b-002,0,0
cc4e8e1f1f2b,cc4e8e1f1f2b-003,0,0
cc4e8e1f1f2b,cc4e8e1f1f2b-004,0,0
cc4e8e1f1f2b,cc4e8e1f1f2b-005,0,0
cc4e8e1f1f2b,cc4e8e1f1f2b-006,0,0
cc4e8e1f1f2b,cc4e8e1f1f2b-007,0,0
cc4e8e1f1f2b,cc4e8e1f1f2b-008,0,0
cc4e8e1f1f2b,cc4e8e1f1f2b-009,0,0
cc4e8e1f1f2b,cc4e8e1f1f2b-010,0,0
cc4e8e1f1f2b,cc4e8e1f1f2b-011,0,0
cc4e8e1f1f2b,cc4e8e1f1f2b-012,0,0
cc4e8e1f1f2b,cc4e8e1f1f2b-013,0,0
cc4e8e1f1f2b,cc4e8e1f1f2b-014,0,0
cc4e8e1f1f2b,cc4e8e1f1f2b-015,0,0
cc4e8e1f1f2b,cc4e8e1f1f2b-016,0,0
cc4e8e1f1f2b,cc4e8e1f1f2b-017,0,0
cc4e8e1f1f2b,cc4e8e1f1f2b-018,0,0
cc4e8e1f1f2b,cc4e8e1f1f2b-019,0,0
cc4e8e1f1f2b,cc4e8e1f1f2b-020,0,0
cc4e8e1f1f2b,cc4e8e1f1f2b-021,0,0
cc4e8e1f1f2b,cc4e8e1f1f2b-022,0,0
cc4e8e1f1f2b,cc4e8e1f1f2b-023,1,1
cc4e8e1f1f2b,cc4e8e1f1f2b-024,0,0
cc4e8e1f1f2b,cc4e8e1f1f2b-025,0,0
cc4e8e1f1f2b,cc4e8e1f1f2b-026,0,0
cc4e8e1f1f2b,cc4e8e1f1f2b-027,0,0
cc4e8e1f1f2b,cc4e8e1f1f2b-028,0,0
cc4e8e1f1f2b,cc4e8e1f1f2b-029,0,0
cc4e8e1f1f2b,cc4e8e1f1f2b-030,0,0
cc4e8e1f1f2b,cc4e8e1f1f2b-031,0,0
cc4e8e1f1f2b,cc4e8e1f1f2b-032,0,0
cc4e8e1f1f2b,cc4e8e1f1f2b-033,0,0
cc4e8e1f1f2b,cc4e8e1f1f2b-034,0,0
cc4e8e1f1f2b,cc4e8e1f1f2b-035,0,0
cc4e8e1f1f2b,cc4e8e1f1f2b-036,0,0
cc4e8e1f1f2b,cc4e8e1f1f2b-037,1,1
cc4e8e1f1f2b,cc4e8e1f1f2b-038,1,1
cc4e8e1f1f2b,cc4e8e1f1f2b-039,0,0
cc4e8e1f1f2b,cc4e8e1f1f2b-040,1,1
cc4e8e1f1f2b,cc4e8e1f1f2b-041,0,0
cc4e8e1f1f2b,cc4e8e1f1f2b-042,0,0
cc4e8e1f1f2b,cc4e8e1f1f2b-043,1,1
cc4e8e1f1f2b,cc4e8e1f1f2b-044,0,0
cc4e8e1f1f2b,cc4e8e1f1f2b-045,1,1
cc4e8e1f1f2b,cc4e8e1f1f2b-046,1,0
cc4e8e1f1f2b,cc4e8e1f1f2b-047,0,0
cc4e8e1f1f2b,cc4e8e1f1f2b-048,0,0
cc4e8e1f1f2b,cc4e8e1f1f2b-049,1,1
cc4e8e1f1f2b,cc4e8e1f1f2b-050,1,1
cc4e8e1f1f2b,cc4e8e1f1f2b-051,0,1
cc4e8e1f1f2b,cc4e8e1f1f2b-052,0,1
cc4e8e1f1f2b,cc4e8e1f1f2b-053,1,1
cc4e8e1f1f2b,cc4e8e1f1f2b-054,0,0
cc4e8e1f1f2b,cc4e8e1f1f2b-055,1,1
cc4e8e1f1f2b,cc4e8e1f1f2b-056,0,0
cc4e8e1f1f2b,cc4e8e1f1f2b-057,0,0
cc4e8e1f1f2b,cc4e8e1f1f2b-058,0,0
cc4e8e1f1f2b,cc4e8e1f1f2b-059,0,0
cc4e8e1f1f2b,cc4e8e1f1f2b-060,0,0
cc4e8e1f1f2b,cc4e8e1f1f2b-061,0,0
cc4e8e1f1f2b,cc4e8e1f1f2b-062,1,1
cc4e8e1f1f2b,cc4e8e1f1f2b-063,0,0
cc4e8e1f1f2b,cc4e8e1f1f2b-064,0,0
cc4e8e1f1f2b,cc4e8e1f1f2b-065,1,1
cc4e8e1f1f2b,cc4e8e1f1f2b-066,1,0
