condition,threshold,n,tp,fp,fn,tn,precision,recall,f1,false_join_rate,ask_rate_hypothetical,repeat_agreement
A,0.5,587,434,51,81,21,0.8948453608247423,0.8427184466019417,0.868,0.7083333333333334,0.14638157894736842,0.9490131578947368
A,0.55,587,386,41,129,31,0.9039812646370023,0.7495145631067961,0.8195329087048833,0.5694444444444444,0.24342105263157895,0.9588815789473685
A,0.6,587,335,35,180,37,0.9054054054054054,0.6504854368932039,0.7570621468926554,0.4861111111111111,0.3371710526315789,0.9226973684210527
A,0.65,587,260,23,255,49,0.9187279151943463,0.5048543689320388,0.6516290726817042,0.3194444444444444,0.48519736842105265,0.9292763157894737
A,0.7,587,191,12,324,60,0.9408866995073891,0.37087378640776697,0.532033426183844,0.16666666666666666,0.6233552631578947,0.944078947368421
A,0.75,587,122,9,393,63,0.9312977099236641,0.23689320388349513,0.37770897832817335,0.125,0.7450657894736842,0.9424342105263158
A,0.8,587,52,5,463,67,0.9122807017543859,0.10097087378640776,0.18181818181818182,0.06944444444444445,0.875,0.9605263157894737
A,0.85,587,16,1,499,71,0.9411764705882353,0.031067961165048542,0.06015037593984962,0.013888888888888888,0.944078947368421,0.9868421052631579
A,0.9,587,7,1,508,71,0.875,0.013592233009708738,0.02676864244741874,0.013888888888888888,0.962171052631579,1.0
A,0.95,587,0,0,515,72,,0.0,0.0,0.0,0.9769736842105263,1.0
B,0.5,587,488,38,27,34,0.9277566539923955,0.9475728155339805,0.9375600384245918,0.5277777777777778,0.08223684210526316,0.9801980198019802
B,0.55,587,479,32,36,40,0.9373776908023483,0.9300970873786408,0.9337231968810916,0.4444444444444444,0.10855263157894737,0.971947194719472
B,0.6,587,462,23,53,49,0.9525773195876288,0.8970873786407767,0.924,0.3194444444444444,0.15625,0.9636963696369637
B,0.65,587,449,17,66,55,0.9635193133047211,0.8718446601941747,0.9153924566768603,0.2361111111111111,0.18914473684210525,0.9752475247524752
B,0.7,587,424,16,91,56,0.9636363636363636,0.8233009708737864,0.8879581151832461,0.2222222222222222,0.23519736842105263,0.9636963696369637
B,0.75,587,394,12,121,60,0.9704433497536946,0.7650485436893204,0.8555917480998915,0.16666666666666666,0.2911184210526316,0.966996699669967
B,0.8,587,359,10,156,62,0.9728997289972899,0.6970873786407767,0.8122171945701357,0.1388888888888889,0.3569078947368421,0.9554455445544554
B,0.85,587,254,7,261,65,0.9731800766283525,0.49320388349514566,0.654639175257732,0.09722222222222222,0.537828947368421,0.9372937293729373
B,0.9,587,102,2,413,70,0.9807692307692307,0.19805825242718447,0.3295638126009693,0.027777777777777776,0.7976973684210527,0.9455445544554455
B,0.95,587,1,0,514,72,1.0,0.001941747572815534,0.003875968992248062,0.0,0.9703947368421053,0.9933993399339934
