lang,variant,condition,n,recall_at_10_pct,recall_at_10_lo,recall_at_10_hi,precision_at_1_pct,precision_at_1_lo,precision_at_1_hi,mrr_at_10
en,clean,base,800,97.1,95.7,98.1,62.0,58.6,65.3,0.742
en,clean,en-char4,800,94.1,92.3,95.6,56.8,53.3,60.1,0.696
en,clean,en-union,800,95.9,94.3,97.0,60.5,57.1,63.8,0.727
en,clean,ko-jamo2,800,96.5,95.0,97.6,58.6,55.2,62.0,0.72
en,clean,ko-jamo3,800,96.5,95.0,97.6,59.5,56.1,62.8,0.724
en,clean,ko-jamo4,800,96.9,95.4,97.9,59.9,56.4,63.2,0.728
en,clean,ko-union,800,96.5,95.0,97.6,58.4,54.9,61.7,0.718
en,typo,base,800,75.5,72.4,78.4,36.1,32.9,39.5,0.482
en,typo,en-char4,800,87.1,84.6,89.3,47.0,43.6,50.5,0.601
en,typo,en-union,800,88.4,86.0,90.4,48.2,44.8,51.7,0.617
en,typo,ko-jamo2,800,74.0,70.9,76.9,35.0,31.8,38.4,0.473
en,typo,ko-jamo3,800,73.9,70.7,76.8,35.6,32.4,39.0,0.475
en,typo,ko-jamo4,800,74.9,71.8,77.8,36.0,32.7,39.4,0.48
en,typo,ko-union,800,73.9,70.7,76.8,35.4,32.1,38.8,0.475
ko,clean,base,800,99.0,98.0,99.5,79.5,76.6,82.2,0.865
ko,clean,en-char4,800,98.8,97.7,99.3,79.4,76.4,82.0,0.865
ko,clean,en-union,800,98.9,97.9,99.4,79.2,76.3,81.9,0.862
ko,clean,ko-jamo2,800,90.1,87.9,92.0,53.6,50.2,57.1,0.652
ko,clean,ko-jamo3,800,97.0,95.6,98.0,69.5,66.2,72.6,0.788
ko,clean,ko-jamo4,800,97.8,96.5,98.6,74.6,71.5,77.5,0.826
ko,clean,ko-union,800,98.0,96.8,98.8,73.5,70.3,76.4,0.818
ko,typo,base,800,93.6,91.7,95.1,67.0,63.7,70.2,0.756
ko,typo,en-char4,800,93.8,91.9,95.2,66.8,63.4,69.9,0.755
ko,typo,en-union,800,93.4,91.4,94.9,66.9,63.5,70.0,0.755
ko,typo,ko-jamo2,800,85.6,83.0,87.9,47.9,44.4,51.3,0.6
ko,typo,ko-jamo3,800,94.5,92.7,95.9,63.5,60.1,66.8,0.739
ko,typo,ko-jamo4,800,93.4,91.4,94.9,67.6,64.3,70.8,0.763
ko,typo,ko-union,800,94.1,92.3,95.6,67.4,64.0,70.5,0.765
