lang,variant,metric,candidate,n,baseline_pct,candidate_pct,diff_pct,diff_lo,diff_hi,baseline_only,candidate_only,p_unadjusted
ko,typo,hit_at_10,ko-jamo3,800,93.6,94.5,0.9,-0.8,2.6,20,27,0.3815
ko,clean,hit_at_10,ko-jamo3,800,99.0,97.0,-2.0,-3.3,-1.0,18,2,0.0004025
ko,typo,hit_at_1,ko-jamo3,800,67.0,63.5,-3.5,-6.1,-0.8,73,45,0.01294
ko,clean,hit_at_1,ko-jamo3,800,79.5,69.5,-10.0,-12.5,-7.5,97,17,1.372e-13
ko,typo,hit_at_10,ko-jamo2,800,93.6,85.6,-8.0,-10.5,-5.6,85,21,9.41e-10
ko,clean,hit_at_10,ko-jamo2,800,99.0,90.1,-8.9,-11.1,-7.0,72,1,2.55e-16
ko,typo,hit_at_1,ko-jamo2,800,67.0,47.9,-19.1,-22.6,-15.6,193,40,2.33e-23
ko,clean,hit_at_1,ko-jamo2,800,79.5,53.6,-25.9,-29.1,-22.6,219,12,7.523e-42
ko,typo,hit_at_10,ko-jamo4,800,93.6,93.4,-0.3,-1.7,1.2,18,16,0.8638
ko,clean,hit_at_10,ko-jamo4,800,99.0,97.8,-1.2,-2.4,-0.3,12,2,0.01294
ko,typo,hit_at_1,ko-jamo4,800,67.0,67.6,0.6,-1.8,3.0,46,51,0.6846
ko,clean,hit_at_1,ko-jamo4,800,79.5,74.6,-4.9,-7.0,-2.8,58,19,1.488e-05
ko,typo,hit_at_10,ko-union,800,93.6,94.1,0.5,-1.0,2.0,15,19,0.6069
ko,clean,hit_at_10,ko-union,800,99.0,98.0,-1.0,-2.1,-0.1,10,2,0.03857
ko,typo,hit_at_1,ko-union,800,67.0,67.4,0.4,-2.0,2.8,46,49,0.8374
ko,clean,hit_at_1,ko-union,800,79.5,73.5,-6.0,-8.3,-3.7,68,20,5.437e-07
en,typo,hit_at_10,en-char4,800,75.5,87.1,11.6,8.8,14.5,24,117,9.35e-15
en,clean,hit_at_10,en-char4,800,97.1,94.1,-3.0,-4.5,-1.7,27,3,2.679e-05
en,typo,hit_at_1,en-char4,800,36.1,47.0,10.9,7.8,13.9,38,125,1.628e-11
en,clean,hit_at_1,en-char4,800,62.0,56.8,-5.2,-7.8,-2.7,77,35,0.000107
en,typo,hit_at_10,en-union,800,75.5,88.4,12.9,10.3,15.5,11,114,7.297e-20
en,clean,hit_at_10,en-union,800,97.1,95.9,-1.2,-2.3,-0.4,11,1,0.006348
en,typo,hit_at_1,en-union,800,36.1,48.2,12.1,9.3,14.9,23,120,9.914e-16
en,clean,hit_at_1,en-union,800,62.0,60.5,-1.5,-3.7,0.7,45,33,0.2129
