item_id,trial_id,category,indirect,origin,label,status,answer,band,latency_ms
pr-001,t-0672,direct-replace,0,121,replaces,ok,0.87,replace,209
pr-002,t-0633,direct-replace,0,121,replaces,ok,0.8,replace,297
pr-003,t-1929,direct-replace,0,121,replaces,ok,0.78,possible,199
pr-004,t-1703,direct-replace,0,121,replaces,ok,0.87,replace,207
pr-005,t-1043,direct-replace,0,121,replaces,ok,0.78,possible,306
pr-006,t-0823,direct-replace,0,121,replaces,ok,0.83,replace,205
pr-007,t-1515,direct-replace,0,121,replaces,ok,0.81,replace,340
pr-008,t-1537,direct-replace,0,121,replaces,ok,0.84,replace,277
pr-009,t-2230,direct-replace,0,121,replaces,ok,0.92,replace,279
pr-010,t-1137,direct-replace,0,121,replaces,ok,0.13,none,220
pr-011,t-0308,direct-replace,0,121,replaces,ok,0.82,replace,243
pr-012,t-1701,direct-replace,0,121,replaces,ok,0.88,replace,247
pr-013,t-1313,direct-replace,0,121,replaces,ok,0.76,possible,273
pr-014,t-1917,direct-replace,0,121,replaces,ok,0.84,replace,207
pr-015,t-1911,direct-replace,0,121,replaces,ok,0.27,none,198
pr-016,t-1040,direct-replace,0,121,replaces,ok,0.77,possible,266
pr-017,t-1700,direct-replace,0,121,replaces,ok,0.76,possible,270
pr-018,t-0651,direct-replace,0,121,replaces,ok,0.83,replace,313
pr-019,t-1858,direct-replace,0,121,replaces,ok,0.86,replace,199
pr-020,t-1540,direct-replace,0,121,replaces,ok,0.9,replace,257
pr-021,t-2004,direct-replace,0,121,replaces,ok,0.83,replace,222
pr-022,t-0875,direct-replace,0,121,replaces,ok,0.88,replace,207
pr-023,t-1993,direct-replace,0,121,replaces,ok,0.84,replace,228
pr-024,t-0954,direct-replace,0,121,replaces,ok,0.78,possible,209
pr-025,t-2109,direct-replace,0,121,replaces,ok,0.93,replace,221
pr-026,t-1765,direct-replace,0,121,replaces,ok,0.91,replace,304
pr-027,t-0722,direct-replace,0,121,replaces,ok,0.91,replace,286
pr-028,t-1492,direct-replace,0,121,replaces,ok,0.71,possible,221
pr-029,t-0785,direct-replace,0,121,replaces,ok,0.65,possible,379
pr-030,t-0289,direct-replace,0,121,replaces,ok,0.9,replace,261
pr-031,t-1847,indirect-replace,1,121,replaces,ok,0.87,replace,316
pr-032,t-0599,indirect-replace,1,121,replaces,ok,0.83,replace,212
pr-033,t-1913,indirect-replace,1,121,replaces,ok,0.69,possible,261
pr-034,t-1580,indirect-replace,1,121,replaces,ok,0.9,replace,234
pr-035,t-2130,indirect-replace,1,121,replaces,ok,0.86,replace,400
pr-036,t-1893,indirect-replace,1,121,replaces,ok,0.87,replace,209
pr-037,t-1429,indirect-replace,1,121,replaces,ok,0.87,replace,207
pr-038,t-1317,indirect-replace,1,121,replaces,ok,0.82,replace,297
pr-039,t-0766,indirect-replace,1,121,replaces,ok,0.89,replace,633
pr-040,t-0942,indirect-replace,1,121,replaces,ok,0.9,replace,281
pr-041,t-0561,indirect-replace,1,121,replaces,ok,0.27,none,294
pr-042,t-0262,indirect-replace,1,121,replaces,ok,0.91,replace,299
pr-043,t-2007,indirect-replace,1,121,replaces,ok,0.83,replace,223
pr-044,t-1991,indirect-replace,1,121,replaces,ok,0.92,replace,217
pr-045,t-1810,indirect-replace,1,121,replaces,ok,0.76,possible,294
pr-046,t-1907,indirect-replace,1,121,replaces,ok,0.91,replace,301
pr-047,t-1326,indirect-replace,1,121,replaces,ok,0.9,replace,224
pr-048,t-1080,indirect-replace,1,121,replaces,ok,0.91,replace,254
pr-049,t-1912,indirect-replace,1,121,replaces,ok,0.93,replace,199
pr-050,t-0549,indirect-replace,1,121,replaces,ok,0.86,replace,226
pr-051,t-1695,indirect-replace,1,121,replaces,ok,0.88,replace,269
pr-052,t-1841,indirect-replace,1,121,replaces,ok,0.86,replace,277
pr-053,t-1824,indirect-replace,1,121,replaces,ok,0.74,possible,255
pr-054,t-1517,indirect-replace,1,121,replaces,ok,0.81,replace,249
pr-055,t-2251,indirect-replace,1,121,replaces,ok,0.87,replace,207
pr-056,t-0647,indirect-replace,1,121,replaces,ok,0.93,replace,278
pr-057,t-0551,indirect-replace,1,121,replaces,ok,0.93,replace,255
pr-058,t-0512,indirect-replace,1,121,replaces,ok,0.91,replace,237
pr-059,t-0521,indirect-replace,1,121,replaces,ok,0.92,replace,294
pr-060,t-1082,indirect-replace,1,121,replaces,ok,0.88,replace,220
pr-061,t-1020,partial,0,121,partial,ok,0.67,possible,280
pr-062,t-0487,partial,0,121,partial,ok,0.17,none,275
pr-063,t-0737,partial,0,121,partial,ok,0.65,possible,232
pr-064,t-0901,partial,0,121,partial,ok,0.28,none,210
pr-065,t-1212,partial,0,121,partial,ok,0.52,possible,285
pr-066,t-2204,partial,0,121,partial,ok,0.17,none,301
pr-067,t-1059,partial,0,121,partial,ok,0.65,possible,306
pr-068,t-0472,partial,0,121,partial,ok,0.43,none,214
pr-069,t-2174,partial,0,121,partial,ok,0.66,possible,299
pr-070,t-1469,partial,0,121,partial,ok,0.38,none,285
pr-071,t-1086,partial,0,121,partial,ok,0.27,none,318
pr-072,t-0988,partial,0,121,partial,ok,0.81,replace,315
pr-073,t-0989,partial,0,121,partial,ok,0.22,none,213
pr-074,t-1077,partial,0,121,partial,ok,0.24,none,207
pr-075,t-0943,partial,0,121,partial,ok,0.65,possible,183
pr-076,t-0964,partial,0,121,partial,ok,0.24,none,244
pr-077,t-0796,partial,0,121,partial,ok,0.33,none,213
pr-078,t-1454,partial,0,121,partial,ok,0.36,none,526
pr-079,t-0279,partial,0,121,partial,ok,0.56,possible,211
pr-080,t-0269,partial,0,121,partial,ok,0.36,none,298
pr-081,t-2047,partial,0,121,partial,ok,0.67,possible,208
pr-082,t-0687,partial,0,121,partial,ok,0.12,none,277
pr-083,t-0324,partial,0,121,partial,ok,0.55,possible,278
pr-084,t-0696,partial,0,121,partial,ok,0.27,none,219
pr-085,t-1011,partial,0,121,partial,ok,0.82,replace,276
pr-086,t-0680,partial,0,121,partial,ok,0.88,replace,243
pr-087,t-1953,partial,0,121,partial,ok,0.37,none,225
pr-088,t-1489,partial,0,121,partial,ok,0.4,none,283
pr-089,t-0542,partial,0,121,partial,ok,0.15,none,225
pr-090,t-1357,partial,0,121,partial,ok,0.25,none,296
pr-091,t-0775,compatible,0,121,compatible,ok,0.06,none,205
pr-092,t-1281,compatible,0,121,compatible,ok,0.06,none,232
pr-093,t-0634,compatible,0,121,compatible,ok,0.06,none,210
pr-094,t-2040,compatible,0,121,compatible,ok,0.11,none,214
pr-095,t-0753,compatible,0,121,compatible,ok,0.1,none,250
pr-096,t-0898,compatible,0,121,compatible,ok,0.08,none,216
pr-097,t-1742,compatible,0,121,compatible,ok,0.06,none,225
pr-098,t-0419,compatible,0,121,compatible,ok,0.08,none,270
pr-099,t-0890,compatible,0,121,compatible,ok,0.09,none,284
pr-100,t-2101,compatible,0,121,compatible,ok,0.09,none,282
pr-101,t-0510,compatible,0,121,compatible,ok,0.11,none,243
pr-102,t-1928,compatible,0,121,compatible,ok,0.11,none,323
pr-103,t-1622,compatible,0,121,compatible,ok,0.16,none,288
pr-104,t-2057,compatible,0,121,compatible,ok,0.08,none,297
pr-105,t-1243,compatible,0,121,compatible,ok,0.34,none,205
pr-106,t-2166,compatible,0,121,compatible,ok,0.06,none,307
pr-107,t-2073,compatible,0,121,compatible,ok,0.1,none,222
pr-108,t-1162,compatible,0,121,compatible,ok,0.11,none,256
pr-109,t-0395,compatible,0,121,compatible,ok,0.11,none,215
pr-110,t-1564,compatible,0,121,compatible,ok,0.08,none,197
pr-111,t-2116,compatible,0,121,compatible,ok,0.07,none,211
pr-112,t-1972,compatible,0,121,compatible,ok,0.22,none,205
pr-113,t-0868,compatible,0,121,compatible,ok,0.08,none,206
pr-114,t-1663,compatible,0,121,compatible,ok,0.06,none,210
pr-115,t-0674,compatible,0,121,compatible,ok,0.34,none,269
pr-116,t-1008,compatible,0,121,compatible,ok,0.08,none,240
pr-117,t-1496,compatible,0,121,compatible,ok,0.09,none,266
pr-118,t-0919,compatible,0,121,compatible,ok,0.07,none,220
pr-119,t-1679,compatible,0,121,compatible,ok,0.1,none,231
pr-120,t-0738,compatible,0,121,compatible,ok,0.11,none,288
pr-121,t-0659,compatible,0,121,compatible,ok,0.18,none,215
pr-122,t-1249,compatible,0,121,compatible,ok,0.05,none,228
pr-123,t-2254,compatible,0,121,compatible,ok,0.09,none,334
pr-124,t-2187,compatible,0,121,compatible,ok,0.26,none,487
pr-125,t-2267,compatible,0,121,compatible,ok,0.1,none,235
pr-126,t-2067,compatible,0,121,compatible,ok,0.11,none,293
pr-127,t-1734,compatible,0,121,compatible,ok,0.1,none,214
pr-128,t-0866,compatible,0,121,compatible,ok,0.06,none,307
pr-129,t-0656,compatible,0,121,compatible,ok,0.08,none,317
pr-130,t-1219,compatible,0,121,compatible,ok,0.03,none,238
pr-131,t-0579,compatible,0,121,compatible,ok,0.07,none,259
pr-132,t-2259,compatible,0,121,compatible,ok,0.1,none,212
pr-133,t-1274,compatible,0,121,compatible,ok,0.09,none,237
pr-134,t-1878,compatible,0,121,compatible,ok,0.2,none,316
pr-135,t-1811,compatible,0,121,compatible,ok,0.05,none,235
pr-136,t-0619,compatible,0,121,compatible,ok,0.07,none,224
pr-137,t-2194,compatible,0,121,compatible,ok,0.06,none,295
pr-138,t-1416,compatible,0,121,compatible,ok,0.09,none,231
pr-139,t-0367,compatible,0,121,compatible,ok,0.09,none,241
pr-140,t-2028,compatible,0,121,compatible,ok,0.12,none,208
pr-141,t-0260,compatible,0,121,compatible,ok,0.11,none,288
pr-142,t-2119,compatible,0,121,compatible,ok,0.11,none,326
pr-143,t-0342,compatible,0,121,compatible,ok,0.08,none,292
pr-144,t-1224,compatible,0,121,compatible,ok,0.16,none,270
pr-145,t-1388,compatible,0,121,compatible,ok,0.06,none,258
pr-146,t-0725,compatible,0,121,compatible,ok,0.06,none,289
pr-147,t-2118,compatible,0,121,compatible,ok,0.15,none,271
pr-148,t-0458,compatible,0,121,compatible,ok,0.09,none,308
pr-149,t-0740,compatible,0,121,compatible,ok,0.13,none,305
pr-150,t-0536,compatible,0,121,compatible,ok,0.19,none,228
pr-151,t-1282,indirect-compatible,1,121,compatible,ok,0.07,none,294
pr-152,t-1773,indirect-compatible,1,121,compatible,ok,0.06,none,290
pr-153,t-0671,indirect-compatible,1,121,compatible,ok,0.1,none,228
pr-154,t-0569,indirect-compatible,1,121,compatible,ok,0.05,none,257
pr-155,t-1456,indirect-compatible,1,121,compatible,ok,0.09,none,272
pr-156,t-0384,indirect-compatible,1,121,compatible,ok,0.06,none,482
pr-157,t-1134,indirect-compatible,1,121,compatible,ok,0.06,none,222
pr-158,t-0880,indirect-compatible,1,121,compatible,ok,0.07,none,212
pr-159,t-0268,indirect-compatible,1,121,compatible,ok,0.07,none,202
pr-160,t-2189,indirect-compatible,1,121,compatible,ok,0.07,none,215
pr-161,t-0503,direct-replace,0,new,replaces,ok,0.82,replace,256
pr-162,t-1398,direct-replace,0,new,replaces,ok,0.86,replace,247
pr-163,t-1291,direct-replace,0,new,replaces,ok,0.88,replace,280
pr-164,t-2246,direct-replace,0,new,replaces,ok,0.71,possible,303
pr-165,t-0702,direct-replace,0,new,replaces,ok,0.87,replace,246
pr-166,t-2256,direct-replace,0,new,replaces,ok,0.85,replace,192
pr-167,t-1354,direct-replace,0,new,replaces,ok,0.78,possible,203
pr-168,t-1508,direct-replace,0,new,replaces,ok,0.92,replace,210
pr-169,t-2024,direct-replace,0,new,replaces,ok,0.85,replace,231
pr-170,t-2131,direct-replace,0,new,replaces,ok,0.79,possible,228
pr-171,t-1106,direct-replace,0,new,replaces,ok,0.92,replace,232
pr-172,t-0224,direct-replace,0,new,replaces,ok,0.33,none,325
pr-173,t-0483,direct-replace,0,new,replaces,ok,0.9,replace,299
pr-174,t-1924,direct-replace,0,new,replaces,ok,0.87,replace,218
pr-175,t-2186,direct-replace,0,new,replaces,ok,0.88,replace,217
pr-176,t-0489,direct-replace,0,new,replaces,ok,0.86,replace,319
pr-177,t-0987,direct-replace,0,new,replaces,ok,0.72,possible,204
pr-178,t-2227,direct-replace,0,new,replaces,ok,0.87,replace,220
pr-179,t-1618,direct-replace,0,new,replaces,ok,0.9,replace,246
pr-180,t-2110,direct-replace,0,new,replaces,ok,0.33,none,328
pr-181,t-1944,direct-replace,0,new,replaces,ok,0.56,possible,295
pr-182,t-2175,direct-replace,0,new,replaces,ok,0.81,replace,194
pr-183,t-1148,direct-replace,0,new,replaces,ok,0.8,replace,216
pr-184,t-0827,direct-replace,0,new,replaces,ok,0.72,possible,214
pr-185,t-1234,direct-replace,0,new,replaces,ok,0.87,replace,235
pr-186,t-0894,direct-replace,0,new,replaces,ok,0.8,replace,207
pr-187,t-0311,direct-replace,0,new,replaces,ok,0.73,possible,510
pr-188,t-1483,direct-replace,0,new,replaces,ok,0.88,replace,219
pr-189,t-1615,direct-replace,0,new,replaces,ok,0.91,replace,236
pr-190,t-1136,direct-replace,0,new,replaces,ok,0.89,replace,199
pr-191,t-2208,indirect-replace,1,new,replaces,ok,0.87,replace,242
pr-192,t-1626,indirect-replace,1,new,replaces,ok,0.74,possible,321
pr-193,t-1194,indirect-replace,1,new,replaces,ok,0.88,replace,370
pr-194,t-0305,indirect-replace,1,new,replaces,ok,0.57,possible,257
pr-195,t-0832,indirect-replace,1,new,replaces,ok,0.85,replace,220
pr-196,t-0556,indirect-replace,1,new,replaces,ok,0.86,replace,493
pr-197,t-1316,indirect-replace,1,new,replaces,ok,0.78,possible,213
pr-198,t-1605,indirect-replace,1,new,replaces,ok,0.88,replace,223
pr-199,t-1112,indirect-replace,1,new,replaces,ok,0.91,replace,244
pr-200,t-1832,indirect-replace,1,new,replaces,ok,0.87,replace,216
pr-201,t-2188,indirect-replace,1,new,replaces,ok,0.87,replace,200
pr-202,t-1668,indirect-replace,1,new,replaces,ok,0.86,replace,302
pr-203,t-0763,indirect-replace,1,new,replaces,ok,0.74,possible,356
pr-204,t-0252,indirect-replace,1,new,replaces,ok,0.45,none,525
pr-205,t-2205,indirect-replace,1,new,replaces,ok,0.93,replace,215
pr-206,t-1426,indirect-replace,1,new,replaces,ok,0.89,replace,202
pr-207,t-2219,indirect-replace,1,new,replaces,ok,0.89,replace,317
pr-208,t-0805,indirect-replace,1,new,replaces,ok,0.89,replace,317
pr-209,t-0463,indirect-replace,1,new,replaces,ok,0.53,possible,227
pr-210,t-1380,indirect-replace,1,new,replaces,ok,0.79,possible,219
pr-211,t-2140,indirect-replace,1,new,replaces,ok,0.91,replace,287
pr-212,t-1899,indirect-replace,1,new,replaces,ok,0.86,replace,222
pr-213,t-1573,indirect-replace,1,new,replaces,ok,0.92,replace,310
pr-214,t-0688,indirect-replace,1,new,replaces,ok,0.9,replace,232
pr-215,t-1475,indirect-replace,1,new,replaces,ok,0.92,replace,199
pr-216,t-0824,indirect-replace,1,new,replaces,ok,0.94,replace,228
pr-217,t-0624,indirect-replace,1,new,replaces,ok,0.81,replace,243
pr-218,t-1372,indirect-replace,1,new,replaces,ok,0.88,replace,203
pr-219,t-2003,indirect-replace,1,new,replaces,ok,0.83,replace,217
pr-220,t-0266,indirect-replace,1,new,replaces,ok,0.87,replace,207
pr-221,t-0642,partial,0,new,partial,ok,0.64,possible,341
pr-222,t-1009,partial,0,new,partial,ok,0.26,none,282
pr-223,t-1073,partial,0,new,partial,ok,0.78,possible,288
pr-224,t-1702,partial,0,new,partial,ok,0.13,none,278
pr-225,t-1650,partial,0,new,partial,ok,0.52,possible,200
pr-226,t-1551,partial,0,new,partial,ok,0.2,none,206
pr-227,t-2134,partial,0,new,partial,ok,0.68,possible,234
pr-228,t-0505,partial,0,new,partial,ok,0.52,possible,256
pr-229,t-2058,partial,0,new,partial,ok,0.37,none,195
pr-230,t-0529,partial,0,new,partial,ok,0.6,possible,247
pr-231,t-1869,partial,0,new,partial,ok,0.26,none,273
pr-232,t-1962,partial,0,new,partial,ok,0.19,none,219
pr-233,t-1932,partial,0,new,partial,ok,0.42,none,297
pr-234,t-0244,partial,0,new,partial,ok,0.33,none,289
pr-235,t-2018,partial,0,new,partial,ok,0.34,none,196
pr-236,t-0535,partial,0,new,partial,ok,0.52,possible,272
pr-237,t-0215,partial,0,new,partial,ok,0.72,possible,267
pr-238,t-1439,partial,0,new,partial,ok,0.62,possible,274
pr-239,t-1785,partial,0,new,partial,ok,0.11,none,223
pr-240,t-1711,partial,0,new,partial,ok,0.61,possible,215
pr-241,t-0231,partial,0,new,partial,ok,0.11,none,233
pr-242,t-1267,partial,0,new,partial,ok,0.77,possible,280
pr-243,t-1156,partial,0,new,partial,ok,0.44,none,230
pr-244,t-0885,partial,0,new,partial,ok,0.74,possible,205
pr-245,t-0293,partial,0,new,partial,ok,0.75,possible,250
pr-246,t-2169,partial,0,new,partial,ok,0.34,none,199
pr-247,t-0833,partial,0,new,partial,ok,0.41,none,338
pr-248,t-2037,partial,0,new,partial,ok,0.39,none,210
pr-249,t-0713,partial,0,new,partial,ok,0.44,none,226
pr-250,t-0457,partial,0,new,partial,ok,0.34,none,212
pr-251,t-1353,compatible,0,new,compatible,ok,0.05,none,309
pr-252,t-1153,compatible,0,new,compatible,ok,0.06,none,246
pr-253,t-0513,compatible,0,new,compatible,ok,0.09,none,294
pr-254,t-1062,compatible,0,new,compatible,ok,0.07,none,304
pr-255,t-1521,compatible,0,new,compatible,ok,0.1,none,237
pr-256,t-1484,compatible,0,new,compatible,ok,0.05,none,211
pr-257,t-0837,compatible,0,new,compatible,ok,0.3,none,271
pr-258,t-2115,compatible,0,new,compatible,ok,0.06,none,354
pr-259,t-0755,compatible,0,new,compatible,ok,0.07,none,251
pr-260,t-1910,compatible,0,new,compatible,ok,0.07,none,203
pr-261,t-1919,compatible,0,new,compatible,ok,0.11,none,308
pr-262,t-2269,compatible,0,new,compatible,ok,0.09,none,232
pr-263,t-0616,compatible,0,new,compatible,ok,0.05,none,216
pr-264,t-0493,compatible,0,new,compatible,ok,0.13,none,290
pr-265,t-2225,compatible,0,new,compatible,ok,0.05,none,202
pr-266,t-1550,compatible,0,new,compatible,ok,0.06,none,305
pr-267,t-0453,compatible,0,new,compatible,ok,0.07,none,207
pr-268,t-0473,compatible,0,new,compatible,ok,0.07,none,311
pr-269,t-1630,compatible,0,new,compatible,ok,0.07,none,283
pr-270,t-0968,compatible,0,new,compatible,ok,0.07,none,213
pr-271,t-1419,compatible,0,new,compatible,ok,0.13,none,300
pr-272,t-0981,compatible,0,new,compatible,ok,0.13,none,288
pr-273,t-0407,compatible,0,new,compatible,ok,0.05,none,235
pr-274,t-1746,compatible,0,new,compatible,ok,0.03,none,228
pr-275,t-0959,compatible,0,new,compatible,ok,0.05,none,297
pr-276,t-2147,compatible,0,new,compatible,ok,0.05,none,312
pr-277,t-1849,compatible,0,new,compatible,ok,0.14,none,208
pr-278,t-1571,compatible,0,new,compatible,ok,0.07,none,310
pr-279,t-2245,compatible,0,new,compatible,ok,0.09,none,217
pr-280,t-1789,compatible,0,new,compatible,ok,0.08,none,281
pr-281,t-0627,compatible,0,new,compatible,ok,0.06,none,191
pr-282,t-0243,compatible,0,new,compatible,ok,0.06,none,226
pr-283,t-1990,compatible,0,new,compatible,ok,0.08,none,315
pr-284,t-0770,compatible,0,new,compatible,ok,0.21,none,255
pr-285,t-1830,compatible,0,new,compatible,ok,0.13,none,208
pr-286,t-0570,compatible,0,new,compatible,ok,0.31,none,269
pr-287,t-1263,compatible,0,new,compatible,ok,0.17,none,317
pr-288,t-0979,compatible,0,new,compatible,ok,0.1,none,543
pr-289,t-1610,compatible,0,new,compatible,ok,0.06,none,294
pr-290,t-0393,compatible,0,new,compatible,ok,0.07,none,206
pr-291,t-0986,compatible,0,new,compatible,ok,0.11,none,295
pr-292,t-1568,compatible,0,new,compatible,ok,0.07,none,309
pr-293,t-2019,compatible,0,new,compatible,ok,0.1,none,220
pr-294,t-0985,compatible,0,new,compatible,ok,0.08,none,231
pr-295,t-1672,compatible,0,new,compatible,ok,0.07,none,262
pr-296,t-0255,compatible,0,new,compatible,ok,0.06,none,290
pr-297,t-1055,compatible,0,new,compatible,ok,0.09,none,309
pr-298,t-1361,compatible,0,new,compatible,ok,0.08,none,237
pr-299,t-2207,compatible,0,new,compatible,ok,0.06,none,201
pr-300,t-0408,compatible,0,new,compatible,ok,0.1,none,288
pr-301,t-1983,compatible,0,new,compatible,ok,0.05,none,206
pr-302,t-0623,compatible,0,new,compatible,ok,0.07,none,274
pr-303,t-0643,compatible,0,new,compatible,ok,0.06,none,330
pr-304,t-1767,compatible,0,new,compatible,ok,0.12,none,233
pr-305,t-1884,compatible,0,new,compatible,ok,0.13,none,204
pr-306,t-0925,compatible,0,new,compatible,ok,0.07,none,313
pr-307,t-0801,compatible,0,new,compatible,ok,0.1,none,218
pr-308,t-0733,compatible,0,new,compatible,ok,0.07,none,337
pr-309,t-1644,compatible,0,new,compatible,ok,0.07,none,284
pr-310,t-1186,compatible,0,new,compatible,ok,0.08,none,255
pr-311,t-1920,indirect-compatible,1,new,compatible,ok,0.09,none,215
pr-312,t-1441,indirect-compatible,1,new,compatible,ok,0.06,none,274
pr-313,t-1846,indirect-compatible,1,new,compatible,ok,0.06,none,205
pr-314,t-2092,indirect-compatible,1,new,compatible,ok,0.09,none,236
pr-315,t-1969,indirect-compatible,1,new,compatible,ok,0.08,none,284
pr-316,t-1446,indirect-compatible,1,new,compatible,ok,0.05,none,318
pr-317,t-1837,indirect-compatible,1,new,compatible,ok,0.06,none,230
pr-318,t-1468,indirect-compatible,1,new,compatible,ok,0.08,none,204
pr-319,t-1633,indirect-compatible,1,new,compatible,ok,0.14,none,243
pr-320,t-1269,indirect-compatible,1,new,compatible,ok,0.07,none,203
