previous_text,trial_id,status,answer,registered,label
API 응답 예시 만들어줘,t-0001,ok,0.1,0,0
API 필드는 snake_case로 해,t-0002,ok,0.85,1,1
Docker 이미지는 ubuntu 기반으로 만들어,t-0003,ok,0.72,1,1
PR 목록 보여줘,t-0004,ok,0.06,0,0
PR 설명 써줘,t-0005,ok,0.08,0,0
PR 설명은 영어로 써,t-0006,ok,0.85,1,1
README 오타 고쳐줘,t-0007,ok,0.09,0,0
README 읽어봐,t-0008,ok,0.07,0,0
README는 한국어로 써,t-0009,ok,0.89,1,1
README에 설치 방법 추가해줘,t-0010,ok,0.09,0,0
auth.py 리팩터링해줘,t-0011,ok,0.07,0,0
config 읽는 코드 찾아줘,t-0012,ok,0.07,0,0
force push는 하지 마,t-0013,ok,0.91,1,1
가능하면 표준 라이브러리만 써,t-0014,ok,0.9,1,1
검색 결과 정렬해줘,t-0015,ok,0.27,0,0
검색 기능 고쳐줘,t-0016,ok,0.05,0,0
결과를 표로 정리해줘,t-0017,ok,0.74,1,0
결제 API 느린 이유 찾아줘,t-0018,ok,0.05,0,0
결제 모듈 봐줘,t-0019,ok,0.05,0,0
경고 메시지 없애줘,t-0020,ok,0.49,0,0
긴 출력은 항상 파일로 저장해,t-0021,ok,0.92,1,1
날짜는 MM/DD/YYYY로 적어,t-0022,ok,0.88,1,1
날짜는 한국어 표기로 써,t-0023,ok,0.89,1,1
답변은 길게 자세히 해줘,t-0024,ok,0.83,1,1
데이터베이스는 PostgreSQL로 써,t-0025,ok,0.87,1,1
도구 실행 전에 계획부터 보여줘,t-0026,ok,0.84,1,1
들여쓰기는 탭 대신 스페이스로 써,t-0027,ok,0.92,1,1
들여쓰기는 탭으로 해,t-0028,ok,0.89,1,1
로그 레벨 debug로 올려줘,t-0029,ok,0.24,0,0
로그 레벨은 info로 고정해,t-0030,ok,0.83,1,1
로그는 한국어로 남겨,t-0031,ok,0.92,1,1
로그에는 개인 정보를 남기지 마,t-0032,ok,0.91,1,1
로그인 실패 원인 찾아줘,t-0033,ok,0.05,0,0
로그인 오류 원인 찾아줘,t-0034,ok,0.05,0,0
로그인 화면 손봐줘,t-0035,ok,0.06,0,0
로그인 화면 영어로 바꿔줘,t-0036,ok,0.36,0,0
린트 경고가 있으면 커밋하지 마,t-0037,ok,0.91,1,1
마이그레이션 만들어줘,t-0038,ok,0.07,0,0
마이그레이션 파일 만들어줘,t-0039,ok,0.07,0,0
마지막 줄 지워줘,t-0040,ok,0.16,0,0
마크다운 표 대신 목록을 써,t-0041,ok,0.88,1,1
모든 코드 예시는 파이썬으로 보여줘,t-0042,ok,0.92,1,1
모든 함수에 docstring을 달아,t-0043,ok,0.58,0,1
목록 열 개만 보여줘,t-0044,ok,0.67,0,0
문서 제목은 명사형으로 써,t-0045,ok,0.85,1,1
문서는 존댓말로 써,t-0046,ok,0.92,1,1
문자열은 작은따옴표로 써,t-0047,ok,0.87,1,1
문장은 한 줄에 하나씩 써,t-0048,ok,0.91,1,1
배포 로그 보여줘,t-0049,ok,0.05,0,0
배포 실패 원인 봐줘,t-0050,ok,0.05,0,0
버전 번호는 semver로 매겨,t-0051,ok,0.78,1,1
버튼 색 파란색으로 바꿔줘,t-0052,ok,0.18,0,0
버튼 위치 옮겨줘,t-0053,ok,0.06,0,0
번역투 문장은 피해,t-0054,ok,0.9,1,1
번역해줘,t-0055,ok,0.4,0,0
변경 사항 되돌려줘,t-0056,ok,0.1,0,0
변경 사항 요약해줘,t-0057,ok,0.08,0,0
변경 전에 항상 나한테 물어봐,t-0058,ok,0.91,1,1
변경 파일 목록 보여줘,t-0059,ok,0.1,0,0
변경한 파일은 바로 커밋해,t-0060,ok,0.39,0,1
변수 이름 약어 쓰지 마,t-0061,ok,0.93,1,1
변수명 정리해줘,t-0062,ok,0.18,0,0
보고는 하루 한 번만 해,t-0063,ok,0.82,1,1
보고서 초안 써줘,t-0064,ok,0.08,0,0
브랜치 이름은 feature/로 시작해,t-0065,ok,0.86,1,1
비동기 코드는 async/await로 써,t-0066,ok,0.88,1,1
비밀 값은 .env에만 둬,t-0067,ok,0.89,1,1
빌드 결과 알려줘,t-0068,ok,0.05,0,0
빌드 로그 보여줘,t-0069,ok,0.08,0,0
새 브랜치는 main에서만 따,t-0070,ok,0.86,1,1
새 의존성 추가하지 마,t-0071,ok,0.91,1,1
새 컴포넌트 만들어줘,t-0072,ok,0.07,0,0
새 파일은 만들지 말고 기존 파일을 고쳐,t-0073,ok,0.89,1,1
샘플 데이터 열 개 만들어줘,t-0074,ok,0.07,0,0
서버 상태 확인해줘,t-0075,ok,0.06,0,0
서버 재시작해줘,t-0076,ok,0.04,0,0
설명 길게 써줘,t-0077,ok,0.66,0,0
설명은 존댓말로 해줘,t-0078,ok,0.92,1,1
설정 변경은 항상 백업부터 해,t-0079,ok,0.87,1,1
설정 파일 열어봐,t-0080,ok,0.08,0,0
설정 파일은 YAML로 만들어,t-0081,ok,0.86,1,1
셸 스크립트는 bash로 써,t-0082,ok,0.89,1,1
숫자 단위는 SI 단위로 써,t-0083,ok,0.82,1,1
숫자는 천 단위로 쉼표를 찍어,t-0084,ok,0.84,1,1
쉘 스크립트로 만들어줘,t-0085,ok,0.85,1,0
스크린샷 찍어줘,t-0086,ok,0.2,0,0
스크립트는 zsh로 작성해,t-0087,ok,0.89,1,1
시간 표시는 24시간제로 해,t-0088,ok,0.75,1,1
시간은 서울 시간 기준으로 다뤄,t-0089,ok,0.86,1,1
에러 로그 최근 100줄 보여줘,t-0090,ok,0.09,0,0
에러 로그 최근 것만 보여줘,t-0091,ok,0.29,0,0
에러 로그 확인해줘,t-0092,ok,0.06,0,0
에러 메시지는 영어로 통일해,t-0093,ok,0.92,1,1
에러 메시지에 스택 트레이스를 포함해,t-0094,ok,0.73,1,1
에러 상황 재현해줘,t-0095,ok,0.08,0,0
에러 처리 추가해줘,t-0096,ok,0.08,0,0
에러는 예외로 던져,t-0097,ok,0.83,1,1
에이전트가 파일을 지우기 전에 확인받아,t-0098,ok,0.84,1,1
오늘 할 일 정리해줘,t-0099,ok,0.05,0,0
오류 코드는 숫자로 줘,t-0100,ok,0.84,1,1
오타 찾아줘,t-0101,ok,0.08,0,0
외부 API 호출은 모킹해서 테스트해,t-0102,ok,0.84,1,1
외부 네트워크 접근은 막아,t-0103,ok,0.87,1,1
요약본 한국어로 써줘,t-0104,ok,0.75,1,0
요약은 다섯 줄 이내로 해,t-0105,ok,0.86,1,1
요약해줘,t-0106,ok,0.44,0,0
요청 본문 검증 추가해줘,t-0107,ok,0.1,0,0
용어는 영어 원어로 써,t-0108,ok,0.91,1,1
응답 시간 측정해줘,t-0109,ok,0.16,0,0
응답 앞에 결론부터 말해,t-0110,ok,0.86,1,1
응답 언어는 영어로 해,t-0111,ok,0.92,1,1
응답에 이모지 쓰지 마,t-0112,ok,0.93,1,1
응답에 코드 전체를 보여줘,t-0113,ok,0.64,0,1
응답은 짧은 문장으로 끊어서 써,t-0114,ok,0.92,1,1
응답은 표로 정리해서 줘,t-0115,ok,0.78,1,1
의존성 업데이트해줘,t-0116,ok,0.08,0,0
의존성 하나 올려줘,t-0117,ok,0.13,0,0
의존성은 최신 버전으로 써,t-0118,ok,0.82,1,1
이 PR 리뷰해줘,t-0119,ok,0.06,0,0
이 PR 설명 고쳐줘,t-0120,ok,0.08,0,0
이 값 환경 변수로 빼줘,t-0121,ok,0.39,0,0
이 개념 설명해줘,t-0122,ok,0.06,0,0
이 로그 분석해줘,t-0123,ok,0.07,0,0
이 로직 단순화해줘,t-0124,ok,0.31,0,0
이 문서 요약해줘,t-0125,ok,0.09,0,0
이 변수 이름 설명해줘,t-0126,ok,0.06,0,0
이 브랜치 머지해줘,t-0127,ok,0.07,0,0
이 설정 비교해줘,t-0128,ok,0.12,0,0
이 스크립트 실행해봐,t-0129,ok,0.07,0,0
이 에러 메시지 뜻 알려줘,t-0130,ok,0.05,0,0
이 에러 무시하게 해줘,t-0131,ok,0.81,1,0
이 에러 번역해줘,t-0132,ok,0.33,0,0
이 에러 해결 방법 알려줘,t-0133,ok,0.05,0,0
이 이미지 설명해줘,t-0134,ok,0.06,0,0
이 커밋 되돌려줘,t-0135,ok,0.06,0,0
이 커밋 메시지 영어로 써줘,t-0136,ok,0.55,0,0
이 코드 파이썬으로 옮겨줘,t-0137,ok,0.82,1,0
이 쿼리 최적화해줘,t-0138,ok,0.08,0,0
이 파일 영어로 번역해줘,t-0139,ok,0.33,0,0
이 파일 포맷 맞춰줘,t-0140,ok,0.75,1,0
이 함수 설명해줘,t-0141,ok,0.05,0,0
이 함수 이름 바꿔줘,t-0142,ok,0.09,0,0
이 함수 테스트해줘,t-0143,ok,0.07,0,0
이 함수에 주석 달아줘,t-0144,ok,0.14,0,0
이모지는 쓰지 마,t-0145,ok,0.92,1,1
이미지는 webp로만 저장해,t-0146,ok,0.86,1,1
이슈 목록 가져와줘,t-0147,ok,0.05,0,0
이슈 번호를 커밋 메시지에 꼭 넣어,t-0148,ok,0.89,1,1
인덱스 추가해줘,t-0149,ok,0.05,0,0
작업 끝나면 바뀐 파일 목록 알려줘,t-0150,ok,0.58,0,1
작업 이어서 해줘,t-0151,ok,0.08,0,0
점검 결과 정리해줘,t-0152,ok,0.08,0,0
정렬은 항상 이름 오름차순으로 해,t-0153,ok,0.87,1,1
주문 목록 API 설명해줘,t-0154,ok,0.05,0,0
주석에 TODO를 남기지 마,t-0155,ok,0.91,1,1
주석은 영어로 달아,t-0156,ok,0.89,1,1
줄 길이는 80자로 맞춰,t-0157,ok,0.76,1,1
지금 상태 요약해줘,t-0158,ok,0.08,0,0
차이점 알려줘,t-0159,ok,0.07,0,0
차트 색 바꿔줘,t-0160,ok,0.05,0,0
캐시 만료를 5분으로 바꿔줘,t-0161,ok,0.17,0,0
캐시 지워줘,t-0162,ok,0.1,0,0
커밋 내역 보여줘,t-0163,ok,0.05,0,0
커밋 메시지 첫 줄은 50자 이내로 써,t-0164,ok,0.86,1,1
커밋 메시지는 한글로 써,t-0165,ok,0.89,1,1
커밋 전에 테스트를 꼭 돌려,t-0166,ok,0.8,1,1
커밋은 작은 단위로 잘게 나눠,t-0167,ok,0.83,1,1
코드 리뷰 코멘트는 영어로 써,t-0168,ok,0.91,1,1
코드 변경 뒤에는 변경 요약을 붙여,t-0169,ok,0.85,1,1
코드 블록에는 언어 태그를 붙여,t-0170,ok,0.92,1,1
쿼리 결과 정렬해줘,t-0171,ok,0.14,0,0
쿼리는 파라미터 바인딩으로만 짜,t-0172,ok,0.9,1,1
클래스 이름은 PascalCase로 지어,t-0173,ok,0.86,1,1
키워드 검색해줘,t-0174,ok,0.08,0,0
타임아웃 값 확인해줘,t-0175,ok,0.06,0,0
타임아웃은 30초로 둬,t-0176,ok,0.81,1,1
타입 에러 고쳐줘,t-0177,ok,0.05,0,0
터미널 출력은 색 없이 보여줘,t-0178,ok,0.89,1,1
테스트 데이터 열 개 만들어줘,t-0179,ok,0.08,0,0
테스트 데이터 지워줘,t-0180,ok,0.07,0,0
테스트 돌려줘,t-0181,ok,0.14,0,0
테스트 실패 이유 알려줘,t-0182,ok,0.05,0,0
테스트 이름은 should로 시작해,t-0183,ok,0.81,1,1
테스트 이름은 영어로 지어,t-0184,ok,0.85,1,1
테스트 커버리지 알려줘,t-0185,ok,0.06,0,0
테스트 커버리지는 80% 이상 유지해,t-0186,ok,0.79,1,1
테스트 파일은 tests 폴더에 둬,t-0187,ok,0.83,1,1
테스트 하나 추가해줘,t-0188,ok,0.1,0,0
테스트는 unittest로 써,t-0189,ok,0.86,1,1
테스트는 병렬로 돌려,t-0190,ok,0.8,1,1
파이썬은 3.10 문법까지만 써,t-0191,ok,0.9,1,1
파일 맨 위에 라이선스 헤더를 붙여,t-0192,ok,0.25,0,1
파일 열어서 읽어줘,t-0193,ok,0.14,0,0
파일 이름 바꿔줘,t-0194,ok,0.06,0,0
파일 이름에 날짜 붙이지 마,t-0195,ok,0.82,1,1
팝업 문구 다듬어줘,t-0196,ok,0.08,0,0
패치는 diff 형식으로 보여줘,t-0197,ok,0.77,1,1
패키지 매니저는 yarn으로 통일해,t-0198,ok,0.91,1,1
패키지는 npm으로 설치해,t-0199,ok,0.84,1,1
페이지네이션 붙여줘,t-0200,ok,0.1,0,0
폴더 구조 보여줘,t-0201,ok,0.06,0,0
폴더 이름은 복수형으로 지어,t-0202,ok,0.79,1,1
필드 하나 추가해줘,t-0203,ok,0.06,0,0
한 번에 파일 세 개까지만 고쳐,t-0204,ok,0.8,1,1
한 줄 커밋 메시지만 써,t-0205,ok,0.79,1,1
함수 이름은 camelCase로 해,t-0206,ok,0.87,1,1
함수 인자는 세 개를 넘기지 마,t-0207,ok,0.89,1,1
함수는 30줄을 넘기지 마,t-0208,ok,0.9,1,1
환경 변수 이름은 대문자로 써,t-0209,ok,0.85,1,1
