k,top_n,covered,kept,recall,ci95_low,ci95_high
10,5,23,400,0.0575,0.0386,0.0848
10,10,48,400,0.12,0.0917,0.1555
10,20,91,400,0.2275,0.1891,0.2711
10,40,177,400,0.4425,0.3946,0.4915
30,5,24,400,0.06,0.0406,0.0877
30,10,46,400,0.115,0.0873,0.15
30,20,97,400,0.2425,0.2031,0.2868
30,40,178,400,0.445,0.3971,0.494
60,5,25,400,0.0625,0.0427,0.0906
60,10,48,400,0.12,0.0917,0.1555
60,20,102,400,0.255,0.2148,0.2999
60,40,177,400,0.4425,0.3946,0.4915
100,5,25,400,0.0625,0.0427,0.0906
100,10,48,400,0.12,0.0917,0.1555
100,20,106,400,0.265,0.2241,0.3103
100,40,174,400,0.435,0.3873,0.484
