k,top_n,recall,random_recall
10,1,0.015,0.0087
10,2,0.025,0.0175
10,3,0.0375,0.0262
10,4,0.0475,0.0349
10,5,0.0575,0.0437
10,6,0.0625,0.0524
10,7,0.0675,0.0611
10,8,0.085,0.0698
10,9,0.11,0.0786
10,10,0.12,0.0873
10,11,0.1275,0.096
10,12,0.135,0.1048
10,13,0.15,0.1135
10,14,0.155,0.1222
10,15,0.1775,0.131
10,16,0.1925,0.1397
10,17,0.2025,0.1484
10,18,0.21,0.1572
10,19,0.22,0.1659
10,20,0.2275,0.1746
10,21,0.245,0.1833
10,22,0.265,0.1921
10,23,0.2725,0.2008
10,24,0.29,0.2095
10,25,0.3,0.2183
10,26,0.31,0.227
10,27,0.3225,0.2357
10,28,0.3325,0.2445
10,29,0.345,0.2532
10,30,0.355,0.2619
10,31,0.365,0.2707
10,32,0.3725,0.2794
10,33,0.38,0.2881
10,34,0.39,0.2968
10,35,0.405,0.3056
10,36,0.41,0.3143
10,37,0.42,0.323
10,38,0.4325,0.3318
10,39,0.4375,0.3405
10,40,0.4425,0.3492
10,41,0.455,0.358
10,42,0.4725,0.3667
10,43,0.4775,0.3754
10,44,0.4775,0.3842
10,45,0.4875,0.3929
10,46,0.495,0.4016
10,47,0.5025,0.4103
10,48,0.5075,0.4191
10,49,0.5175,0.4278
10,50,0.5175,0.4365
10,51,0.5175,0.4453
10,52,0.53,0.454
10,53,0.5375,0.4627
10,54,0.54,0.4696
10,55,0.5475,0.4764
10,56,0.55,0.4832
10,57,0.56,0.4899
10,58,0.5675,0.4967
10,59,0.58,0.5034
10,60,0.5925,0.5102
30,1,0.0175,0.0087
30,2,0.0275,0.0175
30,3,0.04,0.0262
30,4,0.055,0.0349
30,5,0.06,0.0437
30,6,0.0725,0.0524
30,7,0.085,0.0611
30,8,0.0875,0.0698
30,9,0.1025,0.0786
30,10,0.115,0.0873
30,11,0.1275,0.096
30,12,0.145,0.1048
30,13,0.15,0.1135
30,14,0.1575,0.1222
30,15,0.18,0.131
30,16,0.195,0.1397
30,17,0.2025,0.1484
30,18,0.21,0.1572
30,19,0.225,0.1659
30,20,0.2425,0.1746
30,21,0.255,0.1833
30,22,0.265,0.1921
30,23,0.275,0.2008
30,24,0.29,0.2095
30,25,0.2975,0.2183
30,26,0.3125,0.227
30,27,0.32,0.2357
30,28,0.33,0.2445
30,29,0.345,0.2532
30,30,0.355,0.2619
30,31,0.3625,0.2707
30,32,0.3775,0.2794
30,33,0.3925,0.2881
30,34,0.4025,0.2968
30,35,0.41,0.3056
30,36,0.4175,0.3143
30,37,0.425,0.323
30,38,0.43,0.3318
30,39,0.435,0.3405
30,40,0.445,0.3492
30,41,0.4625,0.358
30,42,0.4675,0.3667
30,43,0.4725,0.3754
30,44,0.4825,0.3842
30,45,0.49,0.3929
30,46,0.4975,0.4016
30,47,0.505,0.4103
30,48,0.51,0.4191
30,49,0.5125,0.4278
30,50,0.52,0.4365
30,51,0.52,0.4453
30,52,0.525,0.454
30,53,0.5375,0.4627
30,54,0.5475,0.4696
30,55,0.55,0.4764
30,56,0.5625,0.4832
30,57,0.575,0.4899
30,58,0.58,0.4967
30,59,0.59,0.5034
30,60,0.6,0.5102
60,1,0.0175,0.0087
60,2,0.025,0.0175
60,3,0.0425,0.0262
60,4,0.055,0.0349
60,5,0.0625,0.0437
60,6,0.08,0.0524
60,7,0.0875,0.0611
60,8,0.095,0.0698
60,9,0.1075,0.0786
60,10,0.12,0.0873
60,11,0.1325,0.096
60,12,0.145,0.1048
60,13,0.15,0.1135
60,14,0.165,0.1222
60,15,0.1775,0.131
60,16,0.1875,0.1397
60,17,0.2025,0.1484
60,18,0.225,0.1572
60,19,0.245,0.1659
60,20,0.255,0.1746
60,21,0.2625,0.1833
60,22,0.2775,0.1921
60,23,0.2875,0.2008
60,24,0.295,0.2095
60,25,0.3075,0.2183
60,26,0.32,0.227
60,27,0.325,0.2357
60,28,0.3375,0.2445
60,29,0.3475,0.2532
60,30,0.3525,0.2619
60,31,0.365,0.2707
60,32,0.37,0.2794
60,33,0.3775,0.2881
60,34,0.385,0.2968
60,35,0.3875,0.3056
60,36,0.4025,0.3143
60,37,0.4125,0.323
60,38,0.42,0.3318
60,39,0.44,0.3405
60,40,0.4425,0.3492
60,41,0.45,0.358
60,42,0.455,0.3667
60,43,0.4725,0.3754
60,44,0.4825,0.3842
60,45,0.4875,0.3929
60,46,0.495,0.4016
60,47,0.5025,0.4103
60,48,0.5125,0.4191
60,49,0.515,0.4278
60,50,0.515,0.4365
60,51,0.5175,0.4453
60,52,0.5225,0.454
60,53,0.5375,0.4627
60,54,0.54,0.4696
60,55,0.5525,0.4764
60,56,0.5625,0.4832
60,57,0.5675,0.4899
60,58,0.57,0.4967
60,59,0.5775,0.5034
60,60,0.5825,0.5102
100,1,0.015,0.0087
100,2,0.025,0.0175
100,3,0.0425,0.0262
100,4,0.055,0.0349
100,5,0.0625,0.0437
100,6,0.0775,0.0524
100,7,0.0875,0.0611
100,8,0.1,0.0698
100,9,0.1125,0.0786
100,10,0.12,0.0873
100,11,0.1325,0.096
100,12,0.145,0.1048
100,13,0.15,0.1135
100,14,0.16,0.1222
100,15,0.18,0.131
100,16,0.1925,0.1397
100,17,0.2075,0.1484
100,18,0.2225,0.1572
100,19,0.2475,0.1659
100,20,0.265,0.1746
100,21,0.2775,0.1833
100,22,0.285,0.1921
100,23,0.29,0.2008
100,24,0.2975,0.2095
100,25,0.31,0.2183
100,26,0.3175,0.227
100,27,0.3325,0.2357
100,28,0.34,0.2445
100,29,0.3475,0.2532
100,30,0.36,0.2619
100,31,0.3675,0.2707
100,32,0.3725,0.2794
100,33,0.3775,0.2881
100,34,0.395,0.2968
100,35,0.4075,0.3056
100,36,0.4125,0.3143
100,37,0.42,0.323
100,38,0.4225,0.3318
100,39,0.43,0.3405
100,40,0.435,0.3492
100,41,0.4475,0.358
100,42,0.455,0.3667
100,43,0.46,0.3754
100,44,0.4775,0.3842
100,45,0.4825,0.3929
100,46,0.4875,0.4016
100,47,0.4975,0.4103
100,48,0.5025,0.4191
100,49,0.515,0.4278
100,50,0.5175,0.4365
100,51,0.52,0.4453
100,52,0.53,0.454
100,53,0.54,0.4627
100,54,0.545,0.4696
100,55,0.55,0.4764
100,56,0.5525,0.4832
100,57,0.555,0.4899
100,58,0.5625,0.4967
100,59,0.5675,0.5034
100,60,0.5775,0.5102
