hypothesis,k,n,excluded,value,wilson_low,wilson_high,cluster_low,cluster_high,threshold,verdict
H1,135,150,0,0.9,0.841565,0.938459,0.846667,0.946667,0.9,hold
H2,151,160,0,0.94375,0.896564,0.970128,0.906667,0.97931,0.9,hold
H3,150,150,0,1.0,0.97503,1.0,1.0,1.0,0.9,adopt
H4,158,160,0,0.9875,0.955575,0.996565,0.967105,1.0,0.9,adopt
H5,14,20,0,0.7,0.481027,0.854523,,,0.8,hold
H6,19,20,0,0.95,0.763869,0.991119,,,0.8,hold
H7,9,20,0,0.45,0.258198,0.657915,,,0.8,reject
H8,17,20,0,0.85,0.639581,0.947631,,,0.8,hold
H9,19,20,0,0.95,0.763869,0.991119,,,0.8,hold
H10,18,20,0,0.9,0.698966,0.972134,,,0.8,hold
H11,14,14,6,1.0,0.784689,1.0,,,0.8,hold
H12,15,18,2,0.833333,0.60778,0.941634,,,0.8,hold
H13,142,150,0,0.946667,0.898296,0.97273,0.906667,0.98,0.9,hold
H14,158,160,0,0.9875,0.955575,0.996565,0.968153,1.0,0.9,adopt
H15,100,100,0,1.0,0.963007,1.0,1.0,1.0,0.85,adopt
