run_id,scenario_id,condition,qid,qtype,seq,relation,in_packet
20261001T185207Z-aa1e13a,s32,judge-all,q7,update,20,same,1
20261001T185207Z-aa1e13a,s32,judge-all,q7,update,113,same,1
20261001T185207Z-aa1e13a,s32,judge-all,q1,extract,83,same,1
20261001T185207Z-aa1e13a,s32,judge-all,q5,temporal,118,synonym,1
20261001T185207Z-aa1e13a,s32,judge-all,q3,multi-session,5,synonym,1
20261001T185207Z-aa1e13a,s32,judge-all,q3,multi-session,100,same,1
20261001T185207Z-aa1e13a,s32,judge-all,q6,temporal,86,translation,1
20261001T185207Z-aa1e13a,s32,judge-all,q6,temporal,22,translation,1
20261001T185207Z-aa1e13a,s32,judge-all,q4,multi-session,11,synonym,1
20261001T185207Z-aa1e13a,s32,judge-all,q4,multi-session,119,translation,1
20261001T185207Z-aa1e13a,s32,judge-all,q8,update,9,same,1
20261001T185207Z-aa1e13a,s32,judge-all,q8,update,136,same,1
20261001T185207Z-aa1e13a,s32,judge-all,q2,extract,59,translation,1
20261001T185207Z-aa1e13a,s32,rrf-fallback,q7,update,20,same,0
20261001T185207Z-aa1e13a,s32,rrf-fallback,q7,update,113,same,0
20261001T185207Z-aa1e13a,s32,rrf-fallback,q1,extract,83,same,0
20261001T185207Z-aa1e13a,s32,rrf-fallback,q5,temporal,118,synonym,0
20261001T185207Z-aa1e13a,s32,rrf-fallback,q3,multi-session,5,synonym,0
20261001T185207Z-aa1e13a,s32,rrf-fallback,q3,multi-session,100,same,1
20261001T185207Z-aa1e13a,s32,rrf-fallback,q6,temporal,86,translation,0
20261001T185207Z-aa1e13a,s32,rrf-fallback,q6,temporal,22,translation,0
20261001T185207Z-aa1e13a,s32,rrf-fallback,q4,multi-session,11,synonym,0
20261001T185207Z-aa1e13a,s32,rrf-fallback,q4,multi-session,119,translation,0
20261001T185207Z-aa1e13a,s32,rrf-fallback,q8,update,9,same,0
20261001T185207Z-aa1e13a,s32,rrf-fallback,q8,update,136,same,1
20261001T185207Z-aa1e13a,s32,rrf-fallback,q2,extract,59,translation,0
20261001T185207Z-aa1e13a,s41,judge-all,q6,temporal,71,translation,0
20261001T185207Z-aa1e13a,s41,judge-all,q6,temporal,20,translation,0
20261001T185207Z-aa1e13a,s41,judge-all,q5,temporal,92,translation,1
20261001T185207Z-aa1e13a,s41,judge-all,q3,multi-session,29,translation,1
20261001T185207Z-aa1e13a,s41,judge-all,q3,multi-session,117,same,1
20261001T185207Z-aa1e13a,s41,judge-all,q7,update,27,synonym,1
20261001T185207Z-aa1e13a,s41,judge-all,q7,update,119,synonym,0
20261001T185207Z-aa1e13a,s41,judge-all,q2,extract,70,same,1
20261001T185207Z-aa1e13a,s41,judge-all,q1,extract,51,synonym,1
20261001T185207Z-aa1e13a,s41,judge-all,q4,multi-session,9,same,1
20261001T185207Z-aa1e13a,s41,judge-all,q4,multi-session,143,synonym,1
20261001T185207Z-aa1e13a,s41,judge-all,q8,update,23,same,1
20261001T185207Z-aa1e13a,s41,judge-all,q8,update,107,same,1
20261001T185207Z-aa1e13a,s41,rrf-fallback,q6,temporal,71,translation,0
20261001T185207Z-aa1e13a,s41,rrf-fallback,q6,temporal,20,translation,0
20261001T185207Z-aa1e13a,s41,rrf-fallback,q5,temporal,92,translation,0
20261001T185207Z-aa1e13a,s41,rrf-fallback,q3,multi-session,29,translation,0
20261001T185207Z-aa1e13a,s41,rrf-fallback,q3,multi-session,117,same,0
20261001T185207Z-aa1e13a,s41,rrf-fallback,q7,update,27,synonym,0
20261001T185207Z-aa1e13a,s41,rrf-fallback,q7,update,119,synonym,0
20261001T185207Z-aa1e13a,s41,rrf-fallback,q2,extract,70,same,0
20261001T185207Z-aa1e13a,s41,rrf-fallback,q1,extract,51,synonym,0
20261001T185207Z-aa1e13a,s41,rrf-fallback,q4,multi-session,9,same,0
20261001T185207Z-aa1e13a,s41,rrf-fallback,q4,multi-session,143,synonym,0
20261001T185207Z-aa1e13a,s41,rrf-fallback,q8,update,23,same,0
20261001T185207Z-aa1e13a,s41,rrf-fallback,q8,update,107,same,0
20261001T185207Z-aa1e13a,s06,judge-all,q3,multi-session,17,same,1
20261001T185207Z-aa1e13a,s06,judge-all,q3,multi-session,142,same,1
20261001T185207Z-aa1e13a,s06,judge-all,q6,temporal,2,synonym,1
20261001T185207Z-aa1e13a,s06,judge-all,q6,temporal,69,synonym,1
20261001T185207Z-aa1e13a,s06,judge-all,q8,update,34,same,1
20261001T185207Z-aa1e13a,s06,judge-all,q8,update,104,same,1
20261001T185207Z-aa1e13a,s06,judge-all,q5,temporal,118,synonym,1
20261001T185207Z-aa1e13a,s06,judge-all,q7,update,20,translation,0
20261001T185207Z-aa1e13a,s06,judge-all,q7,update,128,translation,1
20261001T185207Z-aa1e13a,s06,judge-all,q4,multi-session,23,synonym,1
20261001T185207Z-aa1e13a,s06,judge-all,q4,multi-session,122,translation,1
20261001T185207Z-aa1e13a,s06,judge-all,q2,extract,56,same,1
20261001T185207Z-aa1e13a,s06,judge-all,q1,extract,58,translation,1
20261001T185207Z-aa1e13a,s06,rrf-fallback,q3,multi-session,17,same,0
20261001T185207Z-aa1e13a,s06,rrf-fallback,q3,multi-session,142,same,1
20261001T185207Z-aa1e13a,s06,rrf-fallback,q6,temporal,2,synonym,0
20261001T185207Z-aa1e13a,s06,rrf-fallback,q6,temporal,69,synonym,0
20261001T185207Z-aa1e13a,s06,rrf-fallback,q8,update,34,same,0
20261001T185207Z-aa1e13a,s06,rrf-fallback,q8,update,104,same,0
20261001T185207Z-aa1e13a,s06,rrf-fallback,q5,temporal,118,synonym,0
20261001T185207Z-aa1e13a,s06,rrf-fallback,q7,update,20,translation,0
20261001T185207Z-aa1e13a,s06,rrf-fallback,q7,update,128,translation,0
20261001T185207Z-aa1e13a,s06,rrf-fallback,q4,multi-session,23,synonym,0
20261001T185207Z-aa1e13a,s06,rrf-fallback,q4,multi-session,122,translation,0
20261001T185207Z-aa1e13a,s06,rrf-fallback,q2,extract,56,same,0
20261001T185207Z-aa1e13a,s06,rrf-fallback,q1,extract,58,translation,0
20261001T185207Z-aa1e13a,s10,judge-all,q3,multi-session,15,synonym,1
20261001T185207Z-aa1e13a,s10,judge-all,q3,multi-session,100,translation,1
20261001T185207Z-aa1e13a,s10,judge-all,q7,update,3,translation,1
20261001T185207Z-aa1e13a,s10,judge-all,q7,update,99,translation,0
20261001T185207Z-aa1e13a,s10,judge-all,q5,temporal,101,same,1
20261001T185207Z-aa1e13a,s10,judge-all,q4,multi-session,27,synonym,0
20261001T185207Z-aa1e13a,s10,judge-all,q4,multi-session,118,same,1
20261001T185207Z-aa1e13a,s10,judge-all,q6,temporal,44,same,1
20261001T185207Z-aa1e13a,s10,judge-all,q6,temporal,94,same,1
20261001T185207Z-aa1e13a,s10,judge-all,q8,update,34,same,1
20261001T185207Z-aa1e13a,s10,judge-all,q8,update,117,same,1
20261001T185207Z-aa1e13a,s10,judge-all,q2,extract,53,translation,1
20261001T185207Z-aa1e13a,s10,judge-all,q1,extract,65,synonym,1
20261001T185207Z-aa1e13a,s10,rrf-fallback,q3,multi-session,15,synonym,0
20261001T185207Z-aa1e13a,s10,rrf-fallback,q3,multi-session,100,translation,0
20261001T185207Z-aa1e13a,s10,rrf-fallback,q7,update,3,translation,0
20261001T185207Z-aa1e13a,s10,rrf-fallback,q7,update,99,translation,0
20261001T185207Z-aa1e13a,s10,rrf-fallback,q5,temporal,101,same,0
20261001T185207Z-aa1e13a,s10,rrf-fallback,q4,multi-session,27,synonym,0
20261001T185207Z-aa1e13a,s10,rrf-fallback,q4,multi-session,118,same,1
20261001T185207Z-aa1e13a,s10,rrf-fallback,q6,temporal,44,same,0
20261001T185207Z-aa1e13a,s10,rrf-fallback,q6,temporal,94,same,0
20261001T185207Z-aa1e13a,s10,rrf-fallback,q8,update,34,same,0
20261001T185207Z-aa1e13a,s10,rrf-fallback,q8,update,117,same,0
20261001T185207Z-aa1e13a,s10,rrf-fallback,q2,extract,53,translation,0
20261001T185207Z-aa1e13a,s10,rrf-fallback,q1,extract,65,synonym,0
20261001T185207Z-aa1e13a,s42,judge-all,q3,multi-session,34,translation,1
20261001T185207Z-aa1e13a,s42,judge-all,q3,multi-session,104,same,1
20261001T185207Z-aa1e13a,s42,judge-all,q2,extract,53,same,1
20261001T185207Z-aa1e13a,s42,judge-all,q5,temporal,88,same,1
20261001T185207Z-aa1e13a,s42,judge-all,q8,update,10,same,1
20261001T185207Z-aa1e13a,s42,judge-all,q8,update,100,same,0
20261001T185207Z-aa1e13a,s42,judge-all,q6,temporal,93,synonym,0
20261001T185207Z-aa1e13a,s42,judge-all,q6,temporal,45,synonym,1
20261001T185207Z-aa1e13a,s42,judge-all,q1,extract,87,synonym,1
20261001T185207Z-aa1e13a,s42,judge-all,q7,update,21,translation,1
20261001T185207Z-aa1e13a,s42,judge-all,q7,update,101,translation,0
20261001T185207Z-aa1e13a,s42,judge-all,q4,multi-session,44,synonym,1
20261001T185207Z-aa1e13a,s42,judge-all,q4,multi-session,124,translation,1
20261001T185207Z-aa1e13a,s42,rrf-fallback,q3,multi-session,34,translation,0
20261001T185207Z-aa1e13a,s42,rrf-fallback,q3,multi-session,104,same,0
20261001T185207Z-aa1e13a,s42,rrf-fallback,q2,extract,53,same,0
20261001T185207Z-aa1e13a,s42,rrf-fallback,q5,temporal,88,same,0
20261001T185207Z-aa1e13a,s42,rrf-fallback,q8,update,10,same,0
20261001T185207Z-aa1e13a,s42,rrf-fallback,q8,update,100,same,0
20261001T185207Z-aa1e13a,s42,rrf-fallback,q6,temporal,93,synonym,0
20261001T185207Z-aa1e13a,s42,rrf-fallback,q6,temporal,45,synonym,0
20261001T185207Z-aa1e13a,s42,rrf-fallback,q1,extract,87,synonym,0
20261001T185207Z-aa1e13a,s42,rrf-fallback,q7,update,21,translation,0
20261001T185207Z-aa1e13a,s42,rrf-fallback,q7,update,101,translation,0
20261001T185207Z-aa1e13a,s42,rrf-fallback,q4,multi-session,44,synonym,0
20261001T185207Z-aa1e13a,s42,rrf-fallback,q4,multi-session,124,translation,0
20261001T185207Z-aa1e13a,s37,judge-all,q2,extract,93,same,1
20261001T185207Z-aa1e13a,s37,judge-all,q7,update,23,translation,0
20261001T185207Z-aa1e13a,s37,judge-all,q7,update,125,translation,1
20261001T185207Z-aa1e13a,s37,judge-all,q5,temporal,92,translation,1
20261001T185207Z-aa1e13a,s37,judge-all,q3,multi-session,11,synonym,1
20261001T185207Z-aa1e13a,s37,judge-all,q3,multi-session,137,translation,1
20261001T185207Z-aa1e13a,s37,judge-all,q4,multi-session,34,synonym,0
20261001T185207Z-aa1e13a,s37,judge-all,q4,multi-session,142,synonym,1
20261001T185207Z-aa1e13a,s37,judge-all,q6,temporal,40,same,0
20261001T185207Z-aa1e13a,s37,judge-all,q6,temporal,63,same,1
20261001T185207Z-aa1e13a,s37,judge-all,q8,update,35,same,1
20261001T185207Z-aa1e13a,s37,judge-all,q8,update,110,same,0
20261001T185207Z-aa1e13a,s37,judge-all,q1,extract,80,same,1
20261001T185207Z-aa1e13a,s37,rrf-fallback,q2,extract,93,same,0
20261001T185207Z-aa1e13a,s37,rrf-fallback,q7,update,23,translation,0
20261001T185207Z-aa1e13a,s37,rrf-fallback,q7,update,125,translation,0
20261001T185207Z-aa1e13a,s37,rrf-fallback,q5,temporal,92,translation,0
20261001T185207Z-aa1e13a,s37,rrf-fallback,q3,multi-session,11,synonym,0
20261001T185207Z-aa1e13a,s37,rrf-fallback,q3,multi-session,137,translation,0
20261001T185207Z-aa1e13a,s37,rrf-fallback,q4,multi-session,34,synonym,0
20261001T185207Z-aa1e13a,s37,rrf-fallback,q4,multi-session,142,synonym,0
20261001T185207Z-aa1e13a,s37,rrf-fallback,q6,temporal,40,same,0
20261001T185207Z-aa1e13a,s37,rrf-fallback,q6,temporal,63,same,0
20261001T185207Z-aa1e13a,s37,rrf-fallback,q8,update,35,same,0
20261001T185207Z-aa1e13a,s37,rrf-fallback,q8,update,110,same,0
20261001T185207Z-aa1e13a,s37,rrf-fallback,q1,extract,80,same,0
20261001T185207Z-aa1e13a,s47,judge-all,q4,multi-session,8,same,1
20261001T185207Z-aa1e13a,s47,judge-all,q4,multi-session,119,same,1
20261001T185207Z-aa1e13a,s47,judge-all,q6,temporal,89,synonym,1
20261001T185207Z-aa1e13a,s47,judge-all,q6,temporal,16,synonym,1
20261001T185207Z-aa1e13a,s47,judge-all,q8,update,21,same,1
20261001T185207Z-aa1e13a,s47,judge-all,q8,update,112,same,1
20261001T185207Z-aa1e13a,s47,judge-all,q3,multi-session,39,same,1
20261001T185207Z-aa1e13a,s47,judge-all,q3,multi-session,118,synonym,1
20261001T185207Z-aa1e13a,s47,judge-all,q1,extract,75,synonym,1
20261001T185207Z-aa1e13a,s47,judge-all,q7,update,10,translation,1
20261001T185207Z-aa1e13a,s47,judge-all,q7,update,124,translation,1
20261001T185207Z-aa1e13a,s47,judge-all,q2,extract,76,translation,1
20261001T185207Z-aa1e13a,s47,judge-all,q5,temporal,113,translation,0
20261001T185207Z-aa1e13a,s47,rrf-fallback,q4,multi-session,8,same,0
20261001T185207Z-aa1e13a,s47,rrf-fallback,q4,multi-session,119,same,0
20261001T185207Z-aa1e13a,s47,rrf-fallback,q6,temporal,89,synonym,0
20261001T185207Z-aa1e13a,s47,rrf-fallback,q6,temporal,16,synonym,0
20261001T185207Z-aa1e13a,s47,rrf-fallback,q8,update,21,same,0
20261001T185207Z-aa1e13a,s47,rrf-fallback,q8,update,112,same,0
20261001T185207Z-aa1e13a,s47,rrf-fallback,q3,multi-session,39,same,0
20261001T185207Z-aa1e13a,s47,rrf-fallback,q3,multi-session,118,synonym,0
20261001T185207Z-aa1e13a,s47,rrf-fallback,q1,extract,75,synonym,0
20261001T185207Z-aa1e13a,s47,rrf-fallback,q7,update,10,translation,0
20261001T185207Z-aa1e13a,s47,rrf-fallback,q7,update,124,translation,0
20261001T185207Z-aa1e13a,s47,rrf-fallback,q2,extract,76,translation,0
20261001T185207Z-aa1e13a,s47,rrf-fallback,q5,temporal,113,translation,0
20261001T185207Z-aa1e13a,s11,judge-all,q4,multi-session,10,same,1
20261001T185207Z-aa1e13a,s11,judge-all,q4,multi-session,98,same,1
20261001T185207Z-aa1e13a,s11,judge-all,q5,temporal,93,synonym,0
20261001T185207Z-aa1e13a,s11,judge-all,q3,multi-session,40,synonym,1
20261001T185207Z-aa1e13a,s11,judge-all,q3,multi-session,119,translation,1
20261001T185207Z-aa1e13a,s11,judge-all,q1,extract,87,same,0
20261001T185207Z-aa1e13a,s11,judge-all,q8,update,17,same,1
20261001T185207Z-aa1e13a,s11,judge-all,q8,update,135,same,0
20261001T185207Z-aa1e13a,s11,judge-all,q7,update,11,synonym,0
20261001T185207Z-aa1e13a,s11,judge-all,q7,update,116,synonym,0
20261001T185207Z-aa1e13a,s11,judge-all,q2,extract,50,translation,1
20261001T185207Z-aa1e13a,s11,judge-all,q6,temporal,77,translation,1
20261001T185207Z-aa1e13a,s11,judge-all,q6,temporal,16,translation,1
20261001T185207Z-aa1e13a,s11,rrf-fallback,q4,multi-session,10,same,0
20261001T185207Z-aa1e13a,s11,rrf-fallback,q4,multi-session,98,same,0
20261001T185207Z-aa1e13a,s11,rrf-fallback,q5,temporal,93,synonym,0
20261001T185207Z-aa1e13a,s11,rrf-fallback,q3,multi-session,40,synonym,0
20261001T185207Z-aa1e13a,s11,rrf-fallback,q3,multi-session,119,translation,0
20261001T185207Z-aa1e13a,s11,rrf-fallback,q1,extract,87,same,1
20261001T185207Z-aa1e13a,s11,rrf-fallback,q8,update,17,same,0
20261001T185207Z-aa1e13a,s11,rrf-fallback,q8,update,135,same,0
20261001T185207Z-aa1e13a,s11,rrf-fallback,q7,update,11,synonym,0
20261001T185207Z-aa1e13a,s11,rrf-fallback,q7,update,116,synonym,0
20261001T185207Z-aa1e13a,s11,rrf-fallback,q2,extract,50,translation,0
20261001T185207Z-aa1e13a,s11,rrf-fallback,q6,temporal,77,translation,0
20261001T185207Z-aa1e13a,s11,rrf-fallback,q6,temporal,16,translation,0
20261001T185207Z-aa1e13a,s01,judge-all,q4,multi-session,9,translation,1
20261001T185207Z-aa1e13a,s01,judge-all,q4,multi-session,130,same,1
20261001T185207Z-aa1e13a,s01,judge-all,q7,update,3,same,0
20261001T185207Z-aa1e13a,s01,judge-all,q7,update,118,same,0
20261001T185207Z-aa1e13a,s01,judge-all,q1,extract,68,synonym,1
20261001T185207Z-aa1e13a,s01,judge-all,q2,extract,95,translation,0
20261001T185207Z-aa1e13a,s01,judge-all,q3,multi-session,14,translation,1
20261001T185207Z-aa1e13a,s01,judge-all,q3,multi-session,106,synonym,1
20261001T185207Z-aa1e13a,s01,judge-all,q5,temporal,74,same,0
20261001T185207Z-aa1e13a,s01,judge-all,q8,update,41,same,0
20261001T185207Z-aa1e13a,s01,judge-all,q8,update,141,same,1
20261001T185207Z-aa1e13a,s01,judge-all,q6,temporal,46,synonym,1
20261001T185207Z-aa1e13a,s01,judge-all,q6,temporal,80,synonym,0
20261001T185207Z-aa1e13a,s01,rrf-fallback,q4,multi-session,9,translation,0
20261001T185207Z-aa1e13a,s01,rrf-fallback,q4,multi-session,130,same,1
20261001T185207Z-aa1e13a,s01,rrf-fallback,q7,update,3,same,0
20261001T185207Z-aa1e13a,s01,rrf-fallback,q7,update,118,same,1
20261001T185207Z-aa1e13a,s01,rrf-fallback,q1,extract,68,synonym,0
20261001T185207Z-aa1e13a,s01,rrf-fallback,q2,extract,95,translation,0
20261001T185207Z-aa1e13a,s01,rrf-fallback,q3,multi-session,14,translation,0
20261001T185207Z-aa1e13a,s01,rrf-fallback,q3,multi-session,106,synonym,0
20261001T185207Z-aa1e13a,s01,rrf-fallback,q5,temporal,74,same,0
20261001T185207Z-aa1e13a,s01,rrf-fallback,q8,update,41,same,0
20261001T185207Z-aa1e13a,s01,rrf-fallback,q8,update,141,same,1
20261001T185207Z-aa1e13a,s01,rrf-fallback,q6,temporal,46,synonym,0
20261001T185207Z-aa1e13a,s01,rrf-fallback,q6,temporal,80,synonym,0
20261001T185207Z-aa1e13a,s29,judge-all,q2,extract,59,translation,1
20261001T185207Z-aa1e13a,s29,judge-all,q1,extract,93,synonym,1
20261001T185207Z-aa1e13a,s29,judge-all,q7,update,11,synonym,1
20261001T185207Z-aa1e13a,s29,judge-all,q7,update,130,synonym,1
20261001T185207Z-aa1e13a,s29,judge-all,q4,multi-session,33,translation,1
20261001T185207Z-aa1e13a,s29,judge-all,q4,multi-session,112,same,1
20261001T185207Z-aa1e13a,s29,judge-all,q3,multi-session,26,same,1
20261001T185207Z-aa1e13a,s29,judge-all,q3,multi-session,135,synonym,1
20261001T185207Z-aa1e13a,s29,judge-all,q6,temporal,38,same,0
20261001T185207Z-aa1e13a,s29,judge-all,q6,temporal,70,same,1
20261001T185207Z-aa1e13a,s29,judge-all,q5,temporal,95,translation,1
20261001T185207Z-aa1e13a,s29,judge-all,q8,update,45,same,1
20261001T185207Z-aa1e13a,s29,judge-all,q8,update,101,same,1
20261001T185207Z-aa1e13a,s29,rrf-fallback,q2,extract,59,translation,0
20261001T185207Z-aa1e13a,s29,rrf-fallback,q1,extract,93,synonym,0
20261001T185207Z-aa1e13a,s29,rrf-fallback,q7,update,11,synonym,0
20261001T185207Z-aa1e13a,s29,rrf-fallback,q7,update,130,synonym,0
20261001T185207Z-aa1e13a,s29,rrf-fallback,q4,multi-session,33,translation,0
20261001T185207Z-aa1e13a,s29,rrf-fallback,q4,multi-session,112,same,0
20261001T185207Z-aa1e13a,s29,rrf-fallback,q3,multi-session,26,same,0
20261001T185207Z-aa1e13a,s29,rrf-fallback,q3,multi-session,135,synonym,0
20261001T185207Z-aa1e13a,s29,rrf-fallback,q6,temporal,38,same,0
20261001T185207Z-aa1e13a,s29,rrf-fallback,q6,temporal,70,same,0
20261001T185207Z-aa1e13a,s29,rrf-fallback,q5,temporal,95,translation,0
20261001T185207Z-aa1e13a,s29,rrf-fallback,q8,update,45,same,0
20261001T185207Z-aa1e13a,s29,rrf-fallback,q8,update,101,same,0
20261001T185207Z-aa1e13a,s19,judge-all,q8,update,15,same,0
20261001T185207Z-aa1e13a,s19,judge-all,q8,update,135,same,1
20261001T185207Z-aa1e13a,s19,judge-all,q5,temporal,87,translation,0
20261001T185207Z-aa1e13a,s19,judge-all,q2,extract,56,translation,0
20261001T185207Z-aa1e13a,s19,judge-all,q6,temporal,69,synonym,1
20261001T185207Z-aa1e13a,s19,judge-all,q6,temporal,46,synonym,0
20261001T185207Z-aa1e13a,s19,judge-all,q4,multi-session,26,same,1
20261001T185207Z-aa1e13a,s19,judge-all,q4,multi-session,117,same,0
20261001T185207Z-aa1e13a,s19,judge-all,q1,extract,71,translation,1
20261001T185207Z-aa1e13a,s19,judge-all,q7,update,5,same,1
20261001T185207Z-aa1e13a,s19,judge-all,q7,update,118,same,1
20261001T185207Z-aa1e13a,s19,judge-all,q3,multi-session,47,synonym,1
20261001T185207Z-aa1e13a,s19,judge-all,q3,multi-session,129,synonym,1
20261001T185207Z-aa1e13a,s19,rrf-fallback,q8,update,15,same,0
20261001T185207Z-aa1e13a,s19,rrf-fallback,q8,update,135,same,0
20261001T185207Z-aa1e13a,s19,rrf-fallback,q5,temporal,87,translation,0
20261001T185207Z-aa1e13a,s19,rrf-fallback,q2,extract,56,translation,0
20261001T185207Z-aa1e13a,s19,rrf-fallback,q6,temporal,69,synonym,0
20261001T185207Z-aa1e13a,s19,rrf-fallback,q6,temporal,46,synonym,0
20261001T185207Z-aa1e13a,s19,rrf-fallback,q4,multi-session,26,same,0
20261001T185207Z-aa1e13a,s19,rrf-fallback,q4,multi-session,117,same,0
20261001T185207Z-aa1e13a,s19,rrf-fallback,q1,extract,71,translation,0
20261001T185207Z-aa1e13a,s19,rrf-fallback,q7,update,5,same,0
20261001T185207Z-aa1e13a,s19,rrf-fallback,q7,update,118,same,0
20261001T185207Z-aa1e13a,s19,rrf-fallback,q3,multi-session,47,synonym,0
20261001T185207Z-aa1e13a,s19,rrf-fallback,q3,multi-session,129,synonym,0
20261001T185207Z-aa1e13a,s28,judge-all,q4,multi-session,27,synonym,1
20261001T185207Z-aa1e13a,s28,judge-all,q4,multi-session,107,synonym,1
20261001T185207Z-aa1e13a,s28,judge-all,q1,extract,50,synonym,1
20261001T185207Z-aa1e13a,s28,judge-all,q3,multi-session,44,translation,1
20261001T185207Z-aa1e13a,s28,judge-all,q3,multi-session,134,translation,1
20261001T185207Z-aa1e13a,s28,judge-all,q2,extract,93,same,1
20261001T185207Z-aa1e13a,s28,judge-all,q5,temporal,111,translation,1
20261001T185207Z-aa1e13a,s28,judge-all,q8,update,33,same,1
20261001T185207Z-aa1e13a,s28,judge-all,q8,update,142,same,1
20261001T185207Z-aa1e13a,s28,judge-all,q7,update,9,same,1
20261001T185207Z-aa1e13a,s28,judge-all,q7,update,122,same,1
20261001T185207Z-aa1e13a,s28,judge-all,q6,temporal,81,same,1
20261001T185207Z-aa1e13a,s28,judge-all,q6,temporal,29,same,1
20261001T185207Z-aa1e13a,s28,rrf-fallback,q4,multi-session,27,synonym,0
20261001T185207Z-aa1e13a,s28,rrf-fallback,q4,multi-session,107,synonym,0
20261001T185207Z-aa1e13a,s28,rrf-fallback,q1,extract,50,synonym,0
20261001T185207Z-aa1e13a,s28,rrf-fallback,q3,multi-session,44,translation,0
20261001T185207Z-aa1e13a,s28,rrf-fallback,q3,multi-session,134,translation,0
20261001T185207Z-aa1e13a,s28,rrf-fallback,q2,extract,93,same,0
20261001T185207Z-aa1e13a,s28,rrf-fallback,q5,temporal,111,translation,0
20261001T185207Z-aa1e13a,s28,rrf-fallback,q8,update,33,same,0
20261001T185207Z-aa1e13a,s28,rrf-fallback,q8,update,142,same,0
20261001T185207Z-aa1e13a,s28,rrf-fallback,q7,update,9,same,0
20261001T185207Z-aa1e13a,s28,rrf-fallback,q7,update,122,same,0
20261001T185207Z-aa1e13a,s28,rrf-fallback,q6,temporal,81,same,0
20261001T185207Z-aa1e13a,s28,rrf-fallback,q6,temporal,29,same,0
20261001T185207Z-aa1e13a,s25,judge-all,q1,extract,71,synonym,0
20261001T185207Z-aa1e13a,s25,judge-all,q5,temporal,62,same,0
20261001T185207Z-aa1e13a,s25,judge-all,q4,multi-session,23,same,0
20261001T185207Z-aa1e13a,s25,judge-all,q4,multi-session,118,translation,0
20261001T185207Z-aa1e13a,s25,judge-all,q7,update,47,same,1
20261001T185207Z-aa1e13a,s25,judge-all,q7,update,104,same,0
20261001T185207Z-aa1e13a,s25,judge-all,q3,multi-session,38,translation,0
20261001T185207Z-aa1e13a,s25,judge-all,q3,multi-session,100,synonym,1
20261001T185207Z-aa1e13a,s25,judge-all,q8,update,46,same,0
20261001T185207Z-aa1e13a,s25,judge-all,q8,update,136,same,0
20261001T185207Z-aa1e13a,s25,judge-all,q2,extract,50,synonym,1
20261001T185207Z-aa1e13a,s25,judge-all,q6,temporal,52,translation,1
20261001T185207Z-aa1e13a,s25,judge-all,q6,temporal,32,translation,0
20261001T185207Z-aa1e13a,s25,rrf-fallback,q1,extract,71,synonym,0
20261001T185207Z-aa1e13a,s25,rrf-fallback,q5,temporal,62,same,0
20261001T185207Z-aa1e13a,s25,rrf-fallback,q4,multi-session,23,same,0
20261001T185207Z-aa1e13a,s25,rrf-fallback,q4,multi-session,118,translation,0
20261001T185207Z-aa1e13a,s25,rrf-fallback,q7,update,47,same,0
20261001T185207Z-aa1e13a,s25,rrf-fallback,q7,update,104,same,0
20261001T185207Z-aa1e13a,s25,rrf-fallback,q3,multi-session,38,translation,0
20261001T185207Z-aa1e13a,s25,rrf-fallback,q3,multi-session,100,synonym,0
20261001T185207Z-aa1e13a,s25,rrf-fallback,q8,update,46,same,0
20261001T185207Z-aa1e13a,s25,rrf-fallback,q8,update,136,same,0
20261001T185207Z-aa1e13a,s25,rrf-fallback,q2,extract,50,synonym,0
20261001T185207Z-aa1e13a,s25,rrf-fallback,q6,temporal,52,translation,0
20261001T185207Z-aa1e13a,s25,rrf-fallback,q6,temporal,32,translation,0
20261001T185207Z-aa1e13a,s02,judge-all,q2,extract,70,same,1
20261001T185207Z-aa1e13a,s02,judge-all,q5,temporal,53,synonym,0
20261001T185207Z-aa1e13a,s02,judge-all,q6,temporal,83,translation,0
20261001T185207Z-aa1e13a,s02,judge-all,q6,temporal,11,translation,1
20261001T185207Z-aa1e13a,s02,judge-all,q8,update,46,same,1
20261001T185207Z-aa1e13a,s02,judge-all,q8,update,118,same,1
20261001T185207Z-aa1e13a,s02,judge-all,q7,update,10,translation,0
20261001T185207Z-aa1e13a,s02,judge-all,q7,update,141,translation,1
20261001T185207Z-aa1e13a,s02,judge-all,q1,extract,87,synonym,1
20261001T185207Z-aa1e13a,s02,judge-all,q3,multi-session,29,same,1
20261001T185207Z-aa1e13a,s02,judge-all,q3,multi-session,140,same,1
20261001T185207Z-aa1e13a,s02,judge-all,q4,multi-session,17,synonym,1
20261001T185207Z-aa1e13a,s02,judge-all,q4,multi-session,112,translation,1
20261001T185207Z-aa1e13a,s02,rrf-fallback,q2,extract,70,same,0
20261001T185207Z-aa1e13a,s02,rrf-fallback,q5,temporal,53,synonym,0
20261001T185207Z-aa1e13a,s02,rrf-fallback,q6,temporal,83,translation,0
20261001T185207Z-aa1e13a,s02,rrf-fallback,q6,temporal,11,translation,0
20261001T185207Z-aa1e13a,s02,rrf-fallback,q8,update,46,same,0
20261001T185207Z-aa1e13a,s02,rrf-fallback,q8,update,118,same,0
20261001T185207Z-aa1e13a,s02,rrf-fallback,q7,update,10,translation,0
20261001T185207Z-aa1e13a,s02,rrf-fallback,q7,update,141,translation,0
20261001T185207Z-aa1e13a,s02,rrf-fallback,q1,extract,87,synonym,0
20261001T185207Z-aa1e13a,s02,rrf-fallback,q3,multi-session,29,same,0
20261001T185207Z-aa1e13a,s02,rrf-fallback,q3,multi-session,140,same,1
20261001T185207Z-aa1e13a,s02,rrf-fallback,q4,multi-session,17,synonym,0
20261001T185207Z-aa1e13a,s02,rrf-fallback,q4,multi-session,112,translation,0
20261001T185207Z-aa1e13a,s18,judge-all,q5,temporal,62,synonym,1
20261001T185207Z-aa1e13a,s18,judge-all,q8,update,39,same,0
20261001T185207Z-aa1e13a,s18,judge-all,q8,update,141,same,1
20261001T185207Z-aa1e13a,s18,judge-all,q7,update,38,translation,0
20261001T185207Z-aa1e13a,s18,judge-all,q7,update,113,translation,0
20261001T185207Z-aa1e13a,s18,judge-all,q4,multi-session,26,same,1
20261001T185207Z-aa1e13a,s18,judge-all,q4,multi-session,101,same,1
20261001T185207Z-aa1e13a,s18,judge-all,q1,extract,89,translation,0
20261001T185207Z-aa1e13a,s18,judge-all,q6,temporal,27,synonym,0
20261001T185207Z-aa1e13a,s18,judge-all,q6,temporal,63,synonym,1
20261001T185207Z-aa1e13a,s18,judge-all,q2,extract,88,synonym,0
20261001T185207Z-aa1e13a,s18,judge-all,q3,multi-session,20,translation,1
20261001T185207Z-aa1e13a,s18,judge-all,q3,multi-session,98,same,1
20261001T185207Z-aa1e13a,s18,rrf-fallback,q5,temporal,62,synonym,0
20261001T185207Z-aa1e13a,s18,rrf-fallback,q8,update,39,same,0
20261001T185207Z-aa1e13a,s18,rrf-fallback,q8,update,141,same,0
20261001T185207Z-aa1e13a,s18,rrf-fallback,q7,update,38,translation,0
20261001T185207Z-aa1e13a,s18,rrf-fallback,q7,update,113,translation,0
20261001T185207Z-aa1e13a,s18,rrf-fallback,q4,multi-session,26,same,0
20261001T185207Z-aa1e13a,s18,rrf-fallback,q4,multi-session,101,same,0
20261001T185207Z-aa1e13a,s18,rrf-fallback,q1,extract,89,translation,0
20261001T185207Z-aa1e13a,s18,rrf-fallback,q6,temporal,27,synonym,0
20261001T185207Z-aa1e13a,s18,rrf-fallback,q6,temporal,63,synonym,0
20261001T185207Z-aa1e13a,s18,rrf-fallback,q2,extract,88,synonym,0
20261001T185207Z-aa1e13a,s18,rrf-fallback,q3,multi-session,20,translation,0
20261001T185207Z-aa1e13a,s18,rrf-fallback,q3,multi-session,98,same,0
20261001T185207Z-aa1e13a,s17,judge-all,q1,extract,63,translation,1
20261001T185207Z-aa1e13a,s17,judge-all,q5,temporal,142,synonym,1
20261001T185207Z-aa1e13a,s17,judge-all,q4,multi-session,11,synonym,1
20261001T185207Z-aa1e13a,s17,judge-all,q4,multi-session,116,same,1
20261001T185207Z-aa1e13a,s17,judge-all,q3,multi-session,29,synonym,1
20261001T185207Z-aa1e13a,s17,judge-all,q3,multi-session,99,translation,1
20261001T185207Z-aa1e13a,s17,judge-all,q8,update,44,same,1
20261001T185207Z-aa1e13a,s17,judge-all,q8,update,136,same,1
20261001T185207Z-aa1e13a,s17,judge-all,q2,extract,57,translation,1
20261001T185207Z-aa1e13a,s17,judge-all,q6,temporal,3,same,1
20261001T185207Z-aa1e13a,s17,judge-all,q6,temporal,71,same,1
20261001T185207Z-aa1e13a,s17,judge-all,q7,update,22,same,1
20261001T185207Z-aa1e13a,s17,judge-all,q7,update,141,same,1
20261001T185207Z-aa1e13a,s17,rrf-fallback,q1,extract,63,translation,0
20261001T185207Z-aa1e13a,s17,rrf-fallback,q5,temporal,142,synonym,0
20261001T185207Z-aa1e13a,s17,rrf-fallback,q4,multi-session,11,synonym,0
20261001T185207Z-aa1e13a,s17,rrf-fallback,q4,multi-session,116,same,0
20261001T185207Z-aa1e13a,s17,rrf-fallback,q3,multi-session,29,synonym,0
20261001T185207Z-aa1e13a,s17,rrf-fallback,q3,multi-session,99,translation,0
20261001T185207Z-aa1e13a,s17,rrf-fallback,q8,update,44,same,0
20261001T185207Z-aa1e13a,s17,rrf-fallback,q8,update,136,same,1
20261001T185207Z-aa1e13a,s17,rrf-fallback,q2,extract,57,translation,0
20261001T185207Z-aa1e13a,s17,rrf-fallback,q6,temporal,3,same,0
20261001T185207Z-aa1e13a,s17,rrf-fallback,q6,temporal,71,same,0
20261001T185207Z-aa1e13a,s17,rrf-fallback,q7,update,22,same,0
20261001T185207Z-aa1e13a,s17,rrf-fallback,q7,update,141,same,1
20261001T185207Z-aa1e13a,s09,judge-all,q4,multi-session,44,translation,1
20261001T185207Z-aa1e13a,s09,judge-all,q4,multi-session,137,same,1
20261001T185207Z-aa1e13a,s09,judge-all,q6,temporal,26,synonym,0
20261001T185207Z-aa1e13a,s09,judge-all,q6,temporal,89,synonym,1
20261001T185207Z-aa1e13a,s09,judge-all,q5,temporal,142,same,1
20261001T185207Z-aa1e13a,s09,judge-all,q8,update,41,same,1
20261001T185207Z-aa1e13a,s09,judge-all,q8,update,130,same,0
20261001T185207Z-aa1e13a,s09,judge-all,q3,multi-session,33,synonym,1
20261001T185207Z-aa1e13a,s09,judge-all,q3,multi-session,116,same,1
20261001T185207Z-aa1e13a,s09,judge-all,q7,update,11,translation,0
20261001T185207Z-aa1e13a,s09,judge-all,q7,update,119,translation,1
20261001T185207Z-aa1e13a,s09,judge-all,q2,extract,76,translation,1
20261001T185207Z-aa1e13a,s09,judge-all,q1,extract,74,synonym,0
20261001T185207Z-aa1e13a,s09,rrf-fallback,q4,multi-session,44,translation,0
20261001T185207Z-aa1e13a,s09,rrf-fallback,q4,multi-session,137,same,0
20261001T185207Z-aa1e13a,s09,rrf-fallback,q6,temporal,26,synonym,0
20261001T185207Z-aa1e13a,s09,rrf-fallback,q6,temporal,89,synonym,0
20261001T185207Z-aa1e13a,s09,rrf-fallback,q5,temporal,142,same,1
20261001T185207Z-aa1e13a,s09,rrf-fallback,q8,update,41,same,0
20261001T185207Z-aa1e13a,s09,rrf-fallback,q8,update,130,same,1
20261001T185207Z-aa1e13a,s09,rrf-fallback,q3,multi-session,33,synonym,0
20261001T185207Z-aa1e13a,s09,rrf-fallback,q3,multi-session,116,same,0
20261001T185207Z-aa1e13a,s09,rrf-fallback,q7,update,11,translation,0
20261001T185207Z-aa1e13a,s09,rrf-fallback,q7,update,119,translation,0
20261001T185207Z-aa1e13a,s09,rrf-fallback,q2,extract,76,translation,0
20261001T185207Z-aa1e13a,s09,rrf-fallback,q1,extract,74,synonym,0
20261001T185207Z-aa1e13a,s48,judge-all,q7,update,10,translation,0
20261001T185207Z-aa1e13a,s48,judge-all,q7,update,104,translation,0
20261001T185207Z-aa1e13a,s48,judge-all,q4,multi-session,14,synonym,1
20261001T185207Z-aa1e13a,s48,judge-all,q4,multi-session,140,same,0
20261001T185207Z-aa1e13a,s48,judge-all,q8,update,9,same,0
20261001T185207Z-aa1e13a,s48,judge-all,q8,update,98,same,0
20261001T185207Z-aa1e13a,s48,judge-all,q6,temporal,57,translation,0
20261001T185207Z-aa1e13a,s48,judge-all,q6,temporal,20,translation,1
20261001T185207Z-aa1e13a,s48,judge-all,q5,temporal,123,synonym,0
20261001T185207Z-aa1e13a,s48,judge-all,q2,extract,86,synonym,0
20261001T185207Z-aa1e13a,s48,judge-all,q3,multi-session,15,same,1
20261001T185207Z-aa1e13a,s48,judge-all,q3,multi-session,129,same,1
20261001T185207Z-aa1e13a,s48,judge-all,q1,extract,75,translation,1
20261001T185207Z-aa1e13a,s48,rrf-fallback,q7,update,10,translation,0
20261001T185207Z-aa1e13a,s48,rrf-fallback,q7,update,104,translation,0
20261001T185207Z-aa1e13a,s48,rrf-fallback,q4,multi-session,14,synonym,0
20261001T185207Z-aa1e13a,s48,rrf-fallback,q4,multi-session,140,same,1
20261001T185207Z-aa1e13a,s48,rrf-fallback,q8,update,9,same,0
20261001T185207Z-aa1e13a,s48,rrf-fallback,q8,update,98,same,0
20261001T185207Z-aa1e13a,s48,rrf-fallback,q6,temporal,57,translation,0
20261001T185207Z-aa1e13a,s48,rrf-fallback,q6,temporal,20,translation,0
20261001T185207Z-aa1e13a,s48,rrf-fallback,q5,temporal,123,synonym,0
20261001T185207Z-aa1e13a,s48,rrf-fallback,q2,extract,86,synonym,0
20261001T185207Z-aa1e13a,s48,rrf-fallback,q3,multi-session,15,same,0
20261001T185207Z-aa1e13a,s48,rrf-fallback,q3,multi-session,129,same,0
20261001T185207Z-aa1e13a,s48,rrf-fallback,q1,extract,75,translation,0
20261001T185207Z-aa1e13a,s03,judge-all,q3,multi-session,28,same,1
20261001T185207Z-aa1e13a,s03,judge-all,q3,multi-session,104,translation,0
20261001T185207Z-aa1e13a,s03,judge-all,q8,update,39,same,0
20261001T185207Z-aa1e13a,s03,judge-all,q8,update,128,same,0
20261001T185207Z-aa1e13a,s03,judge-all,q7,update,38,synonym,0
20261001T185207Z-aa1e13a,s03,judge-all,q7,update,124,synonym,1
20261001T185207Z-aa1e13a,s03,judge-all,q2,extract,53,same,0
20261001T185207Z-aa1e13a,s03,judge-all,q4,multi-session,35,synonym,1
20261001T185207Z-aa1e13a,s03,judge-all,q4,multi-session,125,synonym,0
20261001T185207Z-aa1e13a,s03,judge-all,q5,temporal,106,translation,0
20261001T185207Z-aa1e13a,s03,judge-all,q6,temporal,81,translation,0
20261001T185207Z-aa1e13a,s03,judge-all,q6,temporal,17,translation,0
20261001T185207Z-aa1e13a,s03,judge-all,q1,extract,95,same,0
20261001T185207Z-aa1e13a,s03,rrf-fallback,q3,multi-session,28,same,0
20261001T185207Z-aa1e13a,s03,rrf-fallback,q3,multi-session,104,translation,0
20261001T185207Z-aa1e13a,s03,rrf-fallback,q8,update,39,same,0
20261001T185207Z-aa1e13a,s03,rrf-fallback,q8,update,128,same,0
20261001T185207Z-aa1e13a,s03,rrf-fallback,q7,update,38,synonym,0
20261001T185207Z-aa1e13a,s03,rrf-fallback,q7,update,124,synonym,0
20261001T185207Z-aa1e13a,s03,rrf-fallback,q2,extract,53,same,0
20261001T185207Z-aa1e13a,s03,rrf-fallback,q4,multi-session,35,synonym,0
20261001T185207Z-aa1e13a,s03,rrf-fallback,q4,multi-session,125,synonym,0
20261001T185207Z-aa1e13a,s03,rrf-fallback,q5,temporal,106,translation,0
20261001T185207Z-aa1e13a,s03,rrf-fallback,q6,temporal,81,translation,0
20261001T185207Z-aa1e13a,s03,rrf-fallback,q6,temporal,17,translation,0
20261001T185207Z-aa1e13a,s03,rrf-fallback,q1,extract,95,same,0
20261001T185207Z-aa1e13a,s38,judge-all,q2,extract,80,translation,1
20261001T185207Z-aa1e13a,s38,judge-all,q6,temporal,38,translation,1
20261001T185207Z-aa1e13a,s38,judge-all,q6,temporal,77,translation,1
20261001T185207Z-aa1e13a,s38,judge-all,q5,temporal,68,synonym,1
20261001T185207Z-aa1e13a,s38,judge-all,q8,update,10,same,1
20261001T185207Z-aa1e13a,s38,judge-all,q8,update,112,same,1
20261001T185207Z-aa1e13a,s38,judge-all,q3,multi-session,21,translation,1
20261001T185207Z-aa1e13a,s38,judge-all,q3,multi-session,99,synonym,1
20261001T185207Z-aa1e13a,s38,judge-all,q7,update,8,same,1
20261001T185207Z-aa1e13a,s38,judge-all,q7,update,141,same,1
20261001T185207Z-aa1e13a,s38,judge-all,q1,extract,89,same,1
20261001T185207Z-aa1e13a,s38,judge-all,q4,multi-session,15,synonym,1
20261001T185207Z-aa1e13a,s38,judge-all,q4,multi-session,130,same,1
20261001T185207Z-aa1e13a,s38,rrf-fallback,q2,extract,80,translation,0
20261001T185207Z-aa1e13a,s38,rrf-fallback,q6,temporal,38,translation,0
20261001T185207Z-aa1e13a,s38,rrf-fallback,q6,temporal,77,translation,0
20261001T185207Z-aa1e13a,s38,rrf-fallback,q5,temporal,68,synonym,0
20261001T185207Z-aa1e13a,s38,rrf-fallback,q8,update,10,same,0
20261001T185207Z-aa1e13a,s38,rrf-fallback,q8,update,112,same,0
20261001T185207Z-aa1e13a,s38,rrf-fallback,q3,multi-session,21,translation,0
20261001T185207Z-aa1e13a,s38,rrf-fallback,q3,multi-session,99,synonym,0
20261001T185207Z-aa1e13a,s38,rrf-fallback,q7,update,8,same,0
20261001T185207Z-aa1e13a,s38,rrf-fallback,q7,update,141,same,1
20261001T185207Z-aa1e13a,s38,rrf-fallback,q1,extract,89,same,0
20261001T185207Z-aa1e13a,s38,rrf-fallback,q4,multi-session,15,synonym,0
20261001T185207Z-aa1e13a,s38,rrf-fallback,q4,multi-session,130,same,1
20261001T185207Z-aa1e13a,s35,judge-all,q8,update,26,same,1
20261001T185207Z-aa1e13a,s35,judge-all,q8,update,107,same,1
20261001T185207Z-aa1e13a,s35,judge-all,q5,temporal,118,synonym,1
20261001T185207Z-aa1e13a,s35,judge-all,q4,multi-session,5,same,1
20261001T185207Z-aa1e13a,s35,judge-all,q4,multi-session,104,synonym,1
20261001T185207Z-aa1e13a,s35,judge-all,q7,update,2,same,1
20261001T185207Z-aa1e13a,s35,judge-all,q7,update,131,same,1
20261001T185207Z-aa1e13a,s35,judge-all,q2,extract,86,translation,1
20261001T185207Z-aa1e13a,s35,judge-all,q3,multi-session,47,translation,1
20261001T185207Z-aa1e13a,s35,judge-all,q3,multi-session,98,synonym,1
20261001T185207Z-aa1e13a,s35,judge-all,q6,temporal,14,same,1
20261001T185207Z-aa1e13a,s35,judge-all,q6,temporal,59,same,1
20261001T185207Z-aa1e13a,s35,judge-all,q1,extract,74,translation,1
20261001T185207Z-aa1e13a,s35,rrf-fallback,q8,update,26,same,0
20261001T185207Z-aa1e13a,s35,rrf-fallback,q8,update,107,same,0
20261001T185207Z-aa1e13a,s35,rrf-fallback,q5,temporal,118,synonym,0
20261001T185207Z-aa1e13a,s35,rrf-fallback,q4,multi-session,5,same,0
20261001T185207Z-aa1e13a,s35,rrf-fallback,q4,multi-session,104,synonym,0
20261001T185207Z-aa1e13a,s35,rrf-fallback,q7,update,2,same,0
20261001T185207Z-aa1e13a,s35,rrf-fallback,q7,update,131,same,0
20261001T185207Z-aa1e13a,s35,rrf-fallback,q2,extract,86,translation,0
20261001T185207Z-aa1e13a,s35,rrf-fallback,q3,multi-session,47,translation,0
20261001T185207Z-aa1e13a,s35,rrf-fallback,q3,multi-session,98,synonym,0
20261001T185207Z-aa1e13a,s35,rrf-fallback,q6,temporal,14,same,0
20261001T185207Z-aa1e13a,s35,rrf-fallback,q6,temporal,59,same,0
20261001T185207Z-aa1e13a,s35,rrf-fallback,q1,extract,74,translation,0
20261001T185207Z-aa1e13a,s27,judge-all,q3,multi-session,9,synonym,0
20261001T185207Z-aa1e13a,s27,judge-all,q3,multi-session,134,same,1
20261001T185207Z-aa1e13a,s27,judge-all,q7,update,32,same,0
20261001T185207Z-aa1e13a,s27,judge-all,q7,update,106,same,1
20261001T185207Z-aa1e13a,s27,judge-all,q1,extract,70,translation,1
20261001T185207Z-aa1e13a,s27,judge-all,q8,update,17,same,0
20261001T185207Z-aa1e13a,s27,judge-all,q8,update,129,same,0
20261001T185207Z-aa1e13a,s27,judge-all,q4,multi-session,35,same,1
20261001T185207Z-aa1e13a,s27,judge-all,q4,multi-session,112,translation,0
20261001T185207Z-aa1e13a,s27,judge-all,q5,temporal,69,synonym,0
20261001T185207Z-aa1e13a,s27,judge-all,q2,extract,92,synonym,0
20261001T185207Z-aa1e13a,s27,judge-all,q6,temporal,56,translation,0
20261001T185207Z-aa1e13a,s27,judge-all,q6,temporal,28,translation,1
20261001T185207Z-aa1e13a,s27,rrf-fallback,q3,multi-session,9,synonym,0
20261001T185207Z-aa1e13a,s27,rrf-fallback,q3,multi-session,134,same,1
20261001T185207Z-aa1e13a,s27,rrf-fallback,q7,update,32,same,0
20261001T185207Z-aa1e13a,s27,rrf-fallback,q7,update,106,same,0
20261001T185207Z-aa1e13a,s27,rrf-fallback,q1,extract,70,translation,0
20261001T185207Z-aa1e13a,s27,rrf-fallback,q8,update,17,same,0
20261001T185207Z-aa1e13a,s27,rrf-fallback,q8,update,129,same,0
20261001T185207Z-aa1e13a,s27,rrf-fallback,q4,multi-session,35,same,0
20261001T185207Z-aa1e13a,s27,rrf-fallback,q4,multi-session,112,translation,0
20261001T185207Z-aa1e13a,s27,rrf-fallback,q5,temporal,69,synonym,0
20261001T185207Z-aa1e13a,s27,rrf-fallback,q2,extract,92,synonym,0
20261001T185207Z-aa1e13a,s27,rrf-fallback,q6,temporal,56,translation,0
20261001T185207Z-aa1e13a,s27,rrf-fallback,q6,temporal,28,translation,0
20261001T185207Z-aa1e13a,s24,judge-all,q8,update,32,same,0
20261001T185207Z-aa1e13a,s24,judge-all,q8,update,117,same,1
20261001T185207Z-aa1e13a,s24,judge-all,q1,extract,82,same,1
20261001T185207Z-aa1e13a,s24,judge-all,q6,temporal,65,translation,0
20261001T185207Z-aa1e13a,s24,judge-all,q6,temporal,11,translation,1
20261001T185207Z-aa1e13a,s24,judge-all,q5,temporal,118,same,1
20261001T185207Z-aa1e13a,s24,judge-all,q2,extract,89,translation,0
20261001T185207Z-aa1e13a,s24,judge-all,q7,update,28,same,1
20261001T185207Z-aa1e13a,s24,judge-all,q7,update,134,same,1
20261001T185207Z-aa1e13a,s24,judge-all,q4,multi-session,41,synonym,1
20261001T185207Z-aa1e13a,s24,judge-all,q4,multi-session,116,synonym,1
20261001T185207Z-aa1e13a,s24,judge-all,q3,multi-session,2,translation,1
20261001T185207Z-aa1e13a,s24,judge-all,q3,multi-session,113,synonym,1
20261001T185207Z-aa1e13a,s24,rrf-fallback,q8,update,32,same,0
20261001T185207Z-aa1e13a,s24,rrf-fallback,q8,update,117,same,0
20261001T185207Z-aa1e13a,s24,rrf-fallback,q1,extract,82,same,0
20261001T185207Z-aa1e13a,s24,rrf-fallback,q6,temporal,65,translation,0
20261001T185207Z-aa1e13a,s24,rrf-fallback,q6,temporal,11,translation,0
20261001T185207Z-aa1e13a,s24,rrf-fallback,q5,temporal,118,same,0
20261001T185207Z-aa1e13a,s24,rrf-fallback,q2,extract,89,translation,0
20261001T185207Z-aa1e13a,s24,rrf-fallback,q7,update,28,same,0
20261001T185207Z-aa1e13a,s24,rrf-fallback,q7,update,134,same,1
20261001T185207Z-aa1e13a,s24,rrf-fallback,q4,multi-session,41,synonym,0
20261001T185207Z-aa1e13a,s24,rrf-fallback,q4,multi-session,116,synonym,0
20261001T185207Z-aa1e13a,s24,rrf-fallback,q3,multi-session,2,translation,0
20261001T185207Z-aa1e13a,s24,rrf-fallback,q3,multi-session,113,synonym,0
20261001T185207Z-aa1e13a,s05,judge-all,q3,multi-session,17,synonym,1
20261001T185207Z-aa1e13a,s05,judge-all,q3,multi-session,136,synonym,1
20261001T185207Z-aa1e13a,s05,judge-all,q5,temporal,95,same,1
20261001T185207Z-aa1e13a,s05,judge-all,q2,extract,58,same,1
20261001T185207Z-aa1e13a,s05,judge-all,q4,multi-session,16,translation,1
20261001T185207Z-aa1e13a,s05,judge-all,q4,multi-session,101,translation,1
20261001T185207Z-aa1e13a,s05,judge-all,q7,update,8,same,1
20261001T185207Z-aa1e13a,s05,judge-all,q7,update,104,same,1
20261001T185207Z-aa1e13a,s05,judge-all,q8,update,10,same,1
20261001T185207Z-aa1e13a,s05,judge-all,q8,update,131,same,1
20261001T185207Z-aa1e13a,s05,judge-all,q1,extract,65,translation,1
20261001T185207Z-aa1e13a,s05,judge-all,q6,temporal,63,synonym,1
20261001T185207Z-aa1e13a,s05,judge-all,q6,temporal,22,synonym,1
20261001T185207Z-aa1e13a,s05,rrf-fallback,q3,multi-session,17,synonym,0
20261001T185207Z-aa1e13a,s05,rrf-fallback,q3,multi-session,136,synonym,0
20261001T185207Z-aa1e13a,s05,rrf-fallback,q5,temporal,95,same,0
20261001T185207Z-aa1e13a,s05,rrf-fallback,q2,extract,58,same,0
20261001T185207Z-aa1e13a,s05,rrf-fallback,q4,multi-session,16,translation,0
20261001T185207Z-aa1e13a,s05,rrf-fallback,q4,multi-session,101,translation,0
20261001T185207Z-aa1e13a,s05,rrf-fallback,q7,update,8,same,0
20261001T185207Z-aa1e13a,s05,rrf-fallback,q7,update,104,same,0
20261001T185207Z-aa1e13a,s05,rrf-fallback,q8,update,10,same,0
20261001T185207Z-aa1e13a,s05,rrf-fallback,q8,update,131,same,1
20261001T185207Z-aa1e13a,s05,rrf-fallback,q1,extract,65,translation,0
20261001T185207Z-aa1e13a,s05,rrf-fallback,q6,temporal,63,synonym,0
20261001T185207Z-aa1e13a,s05,rrf-fallback,q6,temporal,22,synonym,0
20261001T185207Z-aa1e13a,s26,judge-all,q6,temporal,57,same,1
20261001T185207Z-aa1e13a,s26,judge-all,q6,temporal,38,same,1
20261001T185207Z-aa1e13a,s26,judge-all,q8,update,26,same,1
20261001T185207Z-aa1e13a,s26,judge-all,q8,update,117,same,1
20261001T185207Z-aa1e13a,s26,judge-all,q2,extract,82,same,1
20261001T185207Z-aa1e13a,s26,judge-all,q4,multi-session,29,synonym,1
20261001T185207Z-aa1e13a,s26,judge-all,q4,multi-session,141,synonym,1
20261001T185207Z-aa1e13a,s26,judge-all,q5,temporal,105,translation,1
20261001T185207Z-aa1e13a,s26,judge-all,q7,update,17,synonym,1
20261001T185207Z-aa1e13a,s26,judge-all,q7,update,137,synonym,1
20261001T185207Z-aa1e13a,s26,judge-all,q3,multi-session,8,translation,1
20261001T185207Z-aa1e13a,s26,judge-all,q3,multi-session,112,same,1
20261001T185207Z-aa1e13a,s26,judge-all,q1,extract,93,translation,1
20261001T185207Z-aa1e13a,s26,rrf-fallback,q6,temporal,57,same,0
20261001T185207Z-aa1e13a,s26,rrf-fallback,q6,temporal,38,same,0
20261001T185207Z-aa1e13a,s26,rrf-fallback,q8,update,26,same,0
20261001T185207Z-aa1e13a,s26,rrf-fallback,q8,update,117,same,0
20261001T185207Z-aa1e13a,s26,rrf-fallback,q2,extract,82,same,0
20261001T185207Z-aa1e13a,s26,rrf-fallback,q4,multi-session,29,synonym,0
20261001T185207Z-aa1e13a,s26,rrf-fallback,q4,multi-session,141,synonym,0
20261001T185207Z-aa1e13a,s26,rrf-fallback,q5,temporal,105,translation,0
20261001T185207Z-aa1e13a,s26,rrf-fallback,q7,update,17,synonym,0
20261001T185207Z-aa1e13a,s26,rrf-fallback,q7,update,137,synonym,0
20261001T185207Z-aa1e13a,s26,rrf-fallback,q3,multi-session,8,translation,0
20261001T185207Z-aa1e13a,s26,rrf-fallback,q3,multi-session,112,same,0
20261001T185207Z-aa1e13a,s26,rrf-fallback,q1,extract,93,translation,0
20261001T185207Z-aa1e13a,s40,judge-all,q5,temporal,53,translation,1
20261001T185207Z-aa1e13a,s40,judge-all,q1,extract,58,synonym,1
20261001T185207Z-aa1e13a,s40,judge-all,q7,update,10,translation,1
20261001T185207Z-aa1e13a,s40,judge-all,q7,update,140,translation,1
20261001T185207Z-aa1e13a,s40,judge-all,q4,multi-session,47,same,1
20261001T185207Z-aa1e13a,s40,judge-all,q4,multi-session,99,same,1
20261001T185207Z-aa1e13a,s40,judge-all,q8,update,38,same,1
20261001T185207Z-aa1e13a,s40,judge-all,q8,update,131,same,1
20261001T185207Z-aa1e13a,s40,judge-all,q2,extract,94,same,1
20261001T185207Z-aa1e13a,s40,judge-all,q6,temporal,32,synonym,1
20261001T185207Z-aa1e13a,s40,judge-all,q6,temporal,80,synonym,1
20261001T185207Z-aa1e13a,s40,judge-all,q3,multi-session,22,synonym,1
20261001T185207Z-aa1e13a,s40,judge-all,q3,multi-session,119,translation,1
20261001T185207Z-aa1e13a,s40,rrf-fallback,q5,temporal,53,translation,0
20261001T185207Z-aa1e13a,s40,rrf-fallback,q1,extract,58,synonym,0
20261001T185207Z-aa1e13a,s40,rrf-fallback,q7,update,10,translation,0
20261001T185207Z-aa1e13a,s40,rrf-fallback,q7,update,140,translation,0
20261001T185207Z-aa1e13a,s40,rrf-fallback,q4,multi-session,47,same,0
20261001T185207Z-aa1e13a,s40,rrf-fallback,q4,multi-session,99,same,0
20261001T185207Z-aa1e13a,s40,rrf-fallback,q8,update,38,same,0
20261001T185207Z-aa1e13a,s40,rrf-fallback,q8,update,131,same,0
20261001T185207Z-aa1e13a,s40,rrf-fallback,q2,extract,94,same,0
20261001T185207Z-aa1e13a,s40,rrf-fallback,q6,temporal,32,synonym,0
20261001T185207Z-aa1e13a,s40,rrf-fallback,q6,temporal,80,synonym,0
20261001T185207Z-aa1e13a,s40,rrf-fallback,q3,multi-session,22,synonym,0
20261001T185207Z-aa1e13a,s40,rrf-fallback,q3,multi-session,119,translation,0
20261001T185207Z-aa1e13a,s36,judge-all,q2,extract,68,same,0
20261001T185207Z-aa1e13a,s36,judge-all,q6,temporal,5,same,1
20261001T185207Z-aa1e13a,s36,judge-all,q6,temporal,51,same,0
20261001T185207Z-aa1e13a,s36,judge-all,q4,multi-session,27,synonym,1
20261001T185207Z-aa1e13a,s36,judge-all,q4,multi-session,124,synonym,1
20261001T185207Z-aa1e13a,s36,judge-all,q5,temporal,94,synonym,1
20261001T185207Z-aa1e13a,s36,judge-all,q1,extract,71,translation,0
20261001T185207Z-aa1e13a,s36,judge-all,q3,multi-session,38,translation,1
20261001T185207Z-aa1e13a,s36,judge-all,q3,multi-session,116,translation,1
20261001T185207Z-aa1e13a,s36,judge-all,q7,update,11,same,1
20261001T185207Z-aa1e13a,s36,judge-all,q7,update,113,same,0
20261001T185207Z-aa1e13a,s36,judge-all,q8,update,32,same,0
20261001T185207Z-aa1e13a,s36,judge-all,q8,update,117,same,1
20261001T185207Z-aa1e13a,s36,rrf-fallback,q2,extract,68,same,0
20261001T185207Z-aa1e13a,s36,rrf-fallback,q6,temporal,5,same,0
20261001T185207Z-aa1e13a,s36,rrf-fallback,q6,temporal,51,same,0
20261001T185207Z-aa1e13a,s36,rrf-fallback,q4,multi-session,27,synonym,0
20261001T185207Z-aa1e13a,s36,rrf-fallback,q4,multi-session,124,synonym,0
20261001T185207Z-aa1e13a,s36,rrf-fallback,q5,temporal,94,synonym,0
20261001T185207Z-aa1e13a,s36,rrf-fallback,q1,extract,71,translation,0
20261001T185207Z-aa1e13a,s36,rrf-fallback,q3,multi-session,38,translation,0
20261001T185207Z-aa1e13a,s36,rrf-fallback,q3,multi-session,116,translation,0
20261001T185207Z-aa1e13a,s36,rrf-fallback,q7,update,11,same,0
20261001T185207Z-aa1e13a,s36,rrf-fallback,q7,update,113,same,0
20261001T185207Z-aa1e13a,s36,rrf-fallback,q8,update,32,same,0
20261001T185207Z-aa1e13a,s36,rrf-fallback,q8,update,117,same,0
20261001T185207Z-aa1e13a,s08,judge-all,q8,update,47,same,1
20261001T185207Z-aa1e13a,s08,judge-all,q8,update,124,same,1
20261001T185207Z-aa1e13a,s08,judge-all,q3,multi-session,44,synonym,1
20261001T185207Z-aa1e13a,s08,judge-all,q3,multi-session,141,synonym,1
20261001T185207Z-aa1e13a,s08,judge-all,q5,temporal,92,same,1
20261001T185207Z-aa1e13a,s08,judge-all,q1,extract,93,same,1
20261001T185207Z-aa1e13a,s08,judge-all,q2,extract,74,synonym,1
20261001T185207Z-aa1e13a,s08,judge-all,q7,update,27,same,1
20261001T185207Z-aa1e13a,s08,judge-all,q7,update,98,same,1
20261001T185207Z-aa1e13a,s08,judge-all,q6,temporal,11,translation,1
20261001T185207Z-aa1e13a,s08,judge-all,q6,temporal,83,translation,1
20261001T185207Z-aa1e13a,s08,judge-all,q4,multi-session,16,translation,1
20261001T185207Z-aa1e13a,s08,judge-all,q4,multi-session,131,translation,1
20261001T185207Z-aa1e13a,s08,rrf-fallback,q8,update,47,same,0
20261001T185207Z-aa1e13a,s08,rrf-fallback,q8,update,124,same,1
20261001T185207Z-aa1e13a,s08,rrf-fallback,q3,multi-session,44,synonym,0
20261001T185207Z-aa1e13a,s08,rrf-fallback,q3,multi-session,141,synonym,0
20261001T185207Z-aa1e13a,s08,rrf-fallback,q5,temporal,92,same,0
20261001T185207Z-aa1e13a,s08,rrf-fallback,q1,extract,93,same,0
20261001T185207Z-aa1e13a,s08,rrf-fallback,q2,extract,74,synonym,0
20261001T185207Z-aa1e13a,s08,rrf-fallback,q7,update,27,same,0
20261001T185207Z-aa1e13a,s08,rrf-fallback,q7,update,98,same,0
20261001T185207Z-aa1e13a,s08,rrf-fallback,q6,temporal,11,translation,0
20261001T185207Z-aa1e13a,s08,rrf-fallback,q6,temporal,83,translation,0
20261001T185207Z-aa1e13a,s08,rrf-fallback,q4,multi-session,16,translation,0
20261001T185207Z-aa1e13a,s08,rrf-fallback,q4,multi-session,131,translation,0
20261001T185207Z-aa1e13a,s21,judge-all,q8,update,33,same,1
20261001T185207Z-aa1e13a,s21,judge-all,q8,update,140,same,1
20261001T185207Z-aa1e13a,s21,judge-all,q1,extract,88,same,1
20261001T185207Z-aa1e13a,s21,judge-all,q5,temporal,110,translation,0
20261001T185207Z-aa1e13a,s21,judge-all,q4,multi-session,38,same,1
20261001T185207Z-aa1e13a,s21,judge-all,q4,multi-session,129,translation,1
20261001T185207Z-aa1e13a,s21,judge-all,q3,multi-session,20,synonym,1
20261001T185207Z-aa1e13a,s21,judge-all,q3,multi-session,106,synonym,1
20261001T185207Z-aa1e13a,s21,judge-all,q6,temporal,86,same,1
20261001T185207Z-aa1e13a,s21,judge-all,q6,temporal,22,same,1
20261001T185207Z-aa1e13a,s21,judge-all,q7,update,3,synonym,1
20261001T185207Z-aa1e13a,s21,judge-all,q7,update,143,synonym,1
20261001T185207Z-aa1e13a,s21,judge-all,q2,extract,59,translation,1
20261001T185207Z-aa1e13a,s21,rrf-fallback,q8,update,33,same,0
20261001T185207Z-aa1e13a,s21,rrf-fallback,q8,update,140,same,1
20261001T185207Z-aa1e13a,s21,rrf-fallback,q1,extract,88,same,0
20261001T185207Z-aa1e13a,s21,rrf-fallback,q5,temporal,110,translation,0
20261001T185207Z-aa1e13a,s21,rrf-fallback,q4,multi-session,38,same,0
20261001T185207Z-aa1e13a,s21,rrf-fallback,q4,multi-session,129,translation,0
20261001T185207Z-aa1e13a,s21,rrf-fallback,q3,multi-session,20,synonym,0
20261001T185207Z-aa1e13a,s21,rrf-fallback,q3,multi-session,106,synonym,0
20261001T185207Z-aa1e13a,s21,rrf-fallback,q6,temporal,86,same,0
20261001T185207Z-aa1e13a,s21,rrf-fallback,q6,temporal,22,same,0
20261001T185207Z-aa1e13a,s21,rrf-fallback,q7,update,3,synonym,0
20261001T185207Z-aa1e13a,s21,rrf-fallback,q7,update,143,synonym,0
20261001T185207Z-aa1e13a,s21,rrf-fallback,q2,extract,59,translation,0
20261001T185207Z-aa1e13a,s46,judge-all,q2,extract,71,synonym,1
20261001T185207Z-aa1e13a,s46,judge-all,q4,multi-session,5,same,1
20261001T185207Z-aa1e13a,s46,judge-all,q4,multi-session,113,synonym,1
20261001T185207Z-aa1e13a,s46,judge-all,q7,update,22,translation,0
20261001T185207Z-aa1e13a,s46,judge-all,q7,update,124,translation,0
20261001T185207Z-aa1e13a,s46,judge-all,q1,extract,59,translation,1
20261001T185207Z-aa1e13a,s46,judge-all,q5,temporal,140,same,0
20261001T185207Z-aa1e13a,s46,judge-all,q6,temporal,86,translation,1
20261001T185207Z-aa1e13a,s46,judge-all,q6,temporal,32,translation,0
20261001T185207Z-aa1e13a,s46,judge-all,q3,multi-session,4,same,1
20261001T185207Z-aa1e13a,s46,judge-all,q3,multi-session,118,synonym,1
20261001T185207Z-aa1e13a,s46,judge-all,q8,update,16,same,1
20261001T185207Z-aa1e13a,s46,judge-all,q8,update,134,same,1
20261001T185207Z-aa1e13a,s46,rrf-fallback,q2,extract,71,synonym,0
20261001T185207Z-aa1e13a,s46,rrf-fallback,q4,multi-session,5,same,0
20261001T185207Z-aa1e13a,s46,rrf-fallback,q4,multi-session,113,synonym,0
20261001T185207Z-aa1e13a,s46,rrf-fallback,q7,update,22,translation,0
20261001T185207Z-aa1e13a,s46,rrf-fallback,q7,update,124,translation,0
20261001T185207Z-aa1e13a,s46,rrf-fallback,q1,extract,59,translation,0
20261001T185207Z-aa1e13a,s46,rrf-fallback,q5,temporal,140,same,0
20261001T185207Z-aa1e13a,s46,rrf-fallback,q6,temporal,86,translation,0
20261001T185207Z-aa1e13a,s46,rrf-fallback,q6,temporal,32,translation,0
20261001T185207Z-aa1e13a,s46,rrf-fallback,q3,multi-session,4,same,0
20261001T185207Z-aa1e13a,s46,rrf-fallback,q3,multi-session,118,synonym,0
20261001T185207Z-aa1e13a,s46,rrf-fallback,q8,update,16,same,0
20261001T185207Z-aa1e13a,s46,rrf-fallback,q8,update,134,same,0
20261001T185207Z-aa1e13a,s15,judge-all,q8,update,8,same,1
20261001T185207Z-aa1e13a,s15,judge-all,q8,update,122,same,1
20261001T185207Z-aa1e13a,s15,judge-all,q4,multi-session,38,translation,1
20261001T185207Z-aa1e13a,s15,judge-all,q4,multi-session,98,translation,1
20261001T185207Z-aa1e13a,s15,judge-all,q6,temporal,26,same,1
20261001T185207Z-aa1e13a,s15,judge-all,q6,temporal,77,same,1
20261001T185207Z-aa1e13a,s15,judge-all,q7,update,34,synonym,0
20261001T185207Z-aa1e13a,s15,judge-all,q7,update,118,synonym,0
20261001T185207Z-aa1e13a,s15,judge-all,q5,temporal,89,synonym,1
20261001T185207Z-aa1e13a,s15,judge-all,q3,multi-session,35,synonym,1
20261001T185207Z-aa1e13a,s15,judge-all,q3,multi-session,140,same,1
20261001T185207Z-aa1e13a,s15,judge-all,q1,extract,75,translation,0
20261001T185207Z-aa1e13a,s15,judge-all,q2,extract,50,same,1
20261001T185207Z-aa1e13a,s15,rrf-fallback,q8,update,8,same,0
20261001T185207Z-aa1e13a,s15,rrf-fallback,q8,update,122,same,0
20261001T185207Z-aa1e13a,s15,rrf-fallback,q4,multi-session,38,translation,0
20261001T185207Z-aa1e13a,s15,rrf-fallback,q4,multi-session,98,translation,0
20261001T185207Z-aa1e13a,s15,rrf-fallback,q6,temporal,26,same,0
20261001T185207Z-aa1e13a,s15,rrf-fallback,q6,temporal,77,same,0
20261001T185207Z-aa1e13a,s15,rrf-fallback,q7,update,34,synonym,0
20261001T185207Z-aa1e13a,s15,rrf-fallback,q7,update,118,synonym,0
20261001T185207Z-aa1e13a,s15,rrf-fallback,q5,temporal,89,synonym,0
20261001T185207Z-aa1e13a,s15,rrf-fallback,q3,multi-session,35,synonym,0
20261001T185207Z-aa1e13a,s15,rrf-fallback,q3,multi-session,140,same,0
20261001T185207Z-aa1e13a,s15,rrf-fallback,q1,extract,75,translation,0
20261001T185207Z-aa1e13a,s15,rrf-fallback,q2,extract,50,same,0
20261001T185207Z-aa1e13a,s30,judge-all,q6,temporal,57,translation,0
20261001T185207Z-aa1e13a,s30,judge-all,q6,temporal,8,translation,0
20261001T185207Z-aa1e13a,s30,judge-all,q2,extract,81,synonym,1
20261001T185207Z-aa1e13a,s30,judge-all,q7,update,35,same,1
20261001T185207Z-aa1e13a,s30,judge-all,q7,update,106,same,1
20261001T185207Z-aa1e13a,s30,judge-all,q8,update,23,same,0
20261001T185207Z-aa1e13a,s30,judge-all,q8,update,130,same,1
20261001T185207Z-aa1e13a,s30,judge-all,q4,multi-session,44,translation,1
20261001T185207Z-aa1e13a,s30,judge-all,q4,multi-session,99,synonym,1
20261001T185207Z-aa1e13a,s30,judge-all,q3,multi-session,40,synonym,1
20261001T185207Z-aa1e13a,s30,judge-all,q3,multi-session,104,translation,1
20261001T185207Z-aa1e13a,s30,judge-all,q1,extract,58,same,0
20261001T185207Z-aa1e13a,s30,judge-all,q5,temporal,128,same,0
20261001T185207Z-aa1e13a,s30,rrf-fallback,q6,temporal,57,translation,0
20261001T185207Z-aa1e13a,s30,rrf-fallback,q6,temporal,8,translation,0
20261001T185207Z-aa1e13a,s30,rrf-fallback,q2,extract,81,synonym,0
20261001T185207Z-aa1e13a,s30,rrf-fallback,q7,update,35,same,0
20261001T185207Z-aa1e13a,s30,rrf-fallback,q7,update,106,same,0
20261001T185207Z-aa1e13a,s30,rrf-fallback,q8,update,23,same,0
20261001T185207Z-aa1e13a,s30,rrf-fallback,q8,update,130,same,0
20261001T185207Z-aa1e13a,s30,rrf-fallback,q4,multi-session,44,translation,0
20261001T185207Z-aa1e13a,s30,rrf-fallback,q4,multi-session,99,synonym,0
20261001T185207Z-aa1e13a,s30,rrf-fallback,q3,multi-session,40,synonym,0
20261001T185207Z-aa1e13a,s30,rrf-fallback,q3,multi-session,104,translation,0
20261001T185207Z-aa1e13a,s30,rrf-fallback,q1,extract,58,same,0
20261001T185207Z-aa1e13a,s30,rrf-fallback,q5,temporal,128,same,0
20261001T185207Z-aa1e13a,s34,judge-all,q5,temporal,65,translation,1
20261001T185207Z-aa1e13a,s34,judge-all,q1,extract,86,synonym,1
20261001T185207Z-aa1e13a,s34,judge-all,q2,extract,58,synonym,1
20261001T185207Z-aa1e13a,s34,judge-all,q8,update,40,same,1
20261001T185207Z-aa1e13a,s34,judge-all,q8,update,100,same,1
20261001T185207Z-aa1e13a,s34,judge-all,q6,temporal,29,synonym,1
20261001T185207Z-aa1e13a,s34,judge-all,q6,temporal,56,synonym,1
20261001T185207Z-aa1e13a,s34,judge-all,q7,update,23,same,1
20261001T185207Z-aa1e13a,s34,judge-all,q7,update,140,same,0
20261001T185207Z-aa1e13a,s34,judge-all,q3,multi-session,34,same,1
20261001T185207Z-aa1e13a,s34,judge-all,q3,multi-session,116,same,1
20261001T185207Z-aa1e13a,s34,judge-all,q4,multi-session,5,translation,1
20261001T185207Z-aa1e13a,s34,judge-all,q4,multi-session,134,translation,1
20261001T185207Z-aa1e13a,s34,rrf-fallback,q5,temporal,65,translation,0
20261001T185207Z-aa1e13a,s34,rrf-fallback,q1,extract,86,synonym,0
20261001T185207Z-aa1e13a,s34,rrf-fallback,q2,extract,58,synonym,0
20261001T185207Z-aa1e13a,s34,rrf-fallback,q8,update,40,same,0
20261001T185207Z-aa1e13a,s34,rrf-fallback,q8,update,100,same,0
20261001T185207Z-aa1e13a,s34,rrf-fallback,q6,temporal,29,synonym,0
20261001T185207Z-aa1e13a,s34,rrf-fallback,q6,temporal,56,synonym,0
20261001T185207Z-aa1e13a,s34,rrf-fallback,q7,update,23,same,0
20261001T185207Z-aa1e13a,s34,rrf-fallback,q7,update,140,same,0
20261001T185207Z-aa1e13a,s34,rrf-fallback,q3,multi-session,34,same,0
20261001T185207Z-aa1e13a,s34,rrf-fallback,q3,multi-session,116,same,0
20261001T185207Z-aa1e13a,s34,rrf-fallback,q4,multi-session,5,translation,0
20261001T185207Z-aa1e13a,s34,rrf-fallback,q4,multi-session,134,translation,0
20261001T185207Z-aa1e13a,s16,judge-all,q5,temporal,119,same,0
20261001T185207Z-aa1e13a,s16,judge-all,q2,extract,82,translation,1
20261001T185207Z-aa1e13a,s16,judge-all,q1,extract,83,translation,1
20261001T185207Z-aa1e13a,s16,judge-all,q6,temporal,53,same,1
20261001T185207Z-aa1e13a,s16,judge-all,q6,temporal,40,same,0
20261001T185207Z-aa1e13a,s16,judge-all,q7,update,20,synonym,1
20261001T185207Z-aa1e13a,s16,judge-all,q7,update,113,synonym,1
20261001T185207Z-aa1e13a,s16,judge-all,q8,update,22,same,1
20261001T185207Z-aa1e13a,s16,judge-all,q8,update,100,same,1
20261001T185207Z-aa1e13a,s16,judge-all,q3,multi-session,23,translation,1
20261001T185207Z-aa1e13a,s16,judge-all,q3,multi-session,117,synonym,1
20261001T185207Z-aa1e13a,s16,judge-all,q4,multi-session,8,synonym,1
20261001T185207Z-aa1e13a,s16,judge-all,q4,multi-session,110,same,1
20261001T185207Z-aa1e13a,s16,rrf-fallback,q5,temporal,119,same,0
20261001T185207Z-aa1e13a,s16,rrf-fallback,q2,extract,82,translation,0
20261001T185207Z-aa1e13a,s16,rrf-fallback,q1,extract,83,translation,0
20261001T185207Z-aa1e13a,s16,rrf-fallback,q6,temporal,53,same,0
20261001T185207Z-aa1e13a,s16,rrf-fallback,q6,temporal,40,same,0
20261001T185207Z-aa1e13a,s16,rrf-fallback,q7,update,20,synonym,0
20261001T185207Z-aa1e13a,s16,rrf-fallback,q7,update,113,synonym,0
20261001T185207Z-aa1e13a,s16,rrf-fallback,q8,update,22,same,0
20261001T185207Z-aa1e13a,s16,rrf-fallback,q8,update,100,same,0
20261001T185207Z-aa1e13a,s16,rrf-fallback,q3,multi-session,23,translation,0
20261001T185207Z-aa1e13a,s16,rrf-fallback,q3,multi-session,117,synonym,0
20261001T185207Z-aa1e13a,s16,rrf-fallback,q4,multi-session,8,synonym,0
20261001T185207Z-aa1e13a,s16,rrf-fallback,q4,multi-session,110,same,0
20261001T185207Z-aa1e13a,s43,judge-all,q8,update,8,same,0
20261001T185207Z-aa1e13a,s43,judge-all,q8,update,128,same,0
20261001T185207Z-aa1e13a,s43,judge-all,q4,multi-session,26,translation,0
20261001T185207Z-aa1e13a,s43,judge-all,q4,multi-session,110,translation,1
20261001T185207Z-aa1e13a,s43,judge-all,q3,multi-session,11,synonym,0
20261001T185207Z-aa1e13a,s43,judge-all,q3,multi-session,105,translation,1
20261001T185207Z-aa1e13a,s43,judge-all,q6,temporal,2,same,1
20261001T185207Z-aa1e13a,s43,judge-all,q6,temporal,70,same,0
20261001T185207Z-aa1e13a,s43,judge-all,q5,temporal,111,same,0
20261001T185207Z-aa1e13a,s43,judge-all,q2,extract,75,synonym,0
20261001T185207Z-aa1e13a,s43,judge-all,q1,extract,76,synonym,1
20261001T185207Z-aa1e13a,s43,judge-all,q7,update,17,same,0
20261001T185207Z-aa1e13a,s43,judge-all,q7,update,116,same,0
20261001T185207Z-aa1e13a,s43,rrf-fallback,q8,update,8,same,0
20261001T185207Z-aa1e13a,s43,rrf-fallback,q8,update,128,same,1
20261001T185207Z-aa1e13a,s43,rrf-fallback,q4,multi-session,26,translation,0
20261001T185207Z-aa1e13a,s43,rrf-fallback,q4,multi-session,110,translation,0
20261001T185207Z-aa1e13a,s43,rrf-fallback,q3,multi-session,11,synonym,0
20261001T185207Z-aa1e13a,s43,rrf-fallback,q3,multi-session,105,translation,0
20261001T185207Z-aa1e13a,s43,rrf-fallback,q6,temporal,2,same,0
20261001T185207Z-aa1e13a,s43,rrf-fallback,q6,temporal,70,same,1
20261001T185207Z-aa1e13a,s43,rrf-fallback,q5,temporal,111,same,1
20261001T185207Z-aa1e13a,s43,rrf-fallback,q2,extract,75,synonym,0
20261001T185207Z-aa1e13a,s43,rrf-fallback,q1,extract,76,synonym,0
20261001T185207Z-aa1e13a,s43,rrf-fallback,q7,update,17,same,0
20261001T185207Z-aa1e13a,s43,rrf-fallback,q7,update,116,same,1
20261001T185207Z-aa1e13a,s45,judge-all,q2,extract,87,translation,1
20261001T185207Z-aa1e13a,s45,judge-all,q4,multi-session,29,same,1
20261001T185207Z-aa1e13a,s45,judge-all,q4,multi-session,136,same,1
20261001T185207Z-aa1e13a,s45,judge-all,q5,temporal,94,same,1
20261001T185207Z-aa1e13a,s45,judge-all,q1,extract,81,synonym,1
20261001T185207Z-aa1e13a,s45,judge-all,q7,update,21,synonym,0
20261001T185207Z-aa1e13a,s45,judge-all,q7,update,116,synonym,1
20261001T185207Z-aa1e13a,s45,judge-all,q6,temporal,71,translation,1
20261001T185207Z-aa1e13a,s45,judge-all,q6,temporal,46,translation,0
20261001T185207Z-aa1e13a,s45,judge-all,q8,update,38,same,0
20261001T185207Z-aa1e13a,s45,judge-all,q8,update,142,same,0
20261001T185207Z-aa1e13a,s45,judge-all,q3,multi-session,20,translation,1
20261001T185207Z-aa1e13a,s45,judge-all,q3,multi-session,137,synonym,1
20261001T185207Z-aa1e13a,s45,rrf-fallback,q2,extract,87,translation,0
20261001T185207Z-aa1e13a,s45,rrf-fallback,q4,multi-session,29,same,0
20261001T185207Z-aa1e13a,s45,rrf-fallback,q4,multi-session,136,same,0
20261001T185207Z-aa1e13a,s45,rrf-fallback,q5,temporal,94,same,0
20261001T185207Z-aa1e13a,s45,rrf-fallback,q1,extract,81,synonym,0
20261001T185207Z-aa1e13a,s45,rrf-fallback,q7,update,21,synonym,0
20261001T185207Z-aa1e13a,s45,rrf-fallback,q7,update,116,synonym,0
20261001T185207Z-aa1e13a,s45,rrf-fallback,q6,temporal,71,translation,0
20261001T185207Z-aa1e13a,s45,rrf-fallback,q6,temporal,46,translation,0
20261001T185207Z-aa1e13a,s45,rrf-fallback,q8,update,38,same,0
20261001T185207Z-aa1e13a,s45,rrf-fallback,q8,update,142,same,0
20261001T185207Z-aa1e13a,s45,rrf-fallback,q3,multi-session,20,translation,0
20261001T185207Z-aa1e13a,s45,rrf-fallback,q3,multi-session,137,synonym,0
20261001T185207Z-aa1e13a,s13,judge-all,q8,update,26,same,0
20261001T185207Z-aa1e13a,s13,judge-all,q8,update,129,same,0
20261001T185207Z-aa1e13a,s13,judge-all,q5,temporal,77,synonym,0
20261001T185207Z-aa1e13a,s13,judge-all,q6,temporal,93,same,1
20261001T185207Z-aa1e13a,s13,judge-all,q6,temporal,23,same,0
20261001T185207Z-aa1e13a,s13,judge-all,q4,multi-session,4,synonym,1
20261001T185207Z-aa1e13a,s13,judge-all,q4,multi-session,106,translation,1
20261001T185207Z-aa1e13a,s13,judge-all,q1,extract,51,translation,1
20261001T185207Z-aa1e13a,s13,judge-all,q7,update,40,same,1
20261001T185207Z-aa1e13a,s13,judge-all,q7,update,131,same,0
20261001T185207Z-aa1e13a,s13,judge-all,q2,extract,63,translation,0
20261001T185207Z-aa1e13a,s13,judge-all,q3,multi-session,46,same,0
20261001T185207Z-aa1e13a,s13,judge-all,q3,multi-session,112,synonym,0
20261001T185207Z-aa1e13a,s13,rrf-fallback,q8,update,26,same,0
20261001T185207Z-aa1e13a,s13,rrf-fallback,q8,update,129,same,0
20261001T185207Z-aa1e13a,s13,rrf-fallback,q5,temporal,77,synonym,0
20261001T185207Z-aa1e13a,s13,rrf-fallback,q6,temporal,93,same,0
20261001T185207Z-aa1e13a,s13,rrf-fallback,q6,temporal,23,same,0
20261001T185207Z-aa1e13a,s13,rrf-fallback,q4,multi-session,4,synonym,0
20261001T185207Z-aa1e13a,s13,rrf-fallback,q4,multi-session,106,translation,0
20261001T185207Z-aa1e13a,s13,rrf-fallback,q1,extract,51,translation,0
20261001T185207Z-aa1e13a,s13,rrf-fallback,q7,update,40,same,0
20261001T185207Z-aa1e13a,s13,rrf-fallback,q7,update,131,same,0
20261001T185207Z-aa1e13a,s13,rrf-fallback,q2,extract,63,translation,0
20261001T185207Z-aa1e13a,s13,rrf-fallback,q3,multi-session,46,same,0
20261001T185207Z-aa1e13a,s13,rrf-fallback,q3,multi-session,112,synonym,0
20261001T185207Z-aa1e13a,s31,judge-all,q1,extract,63,same,1
20261001T185207Z-aa1e13a,s31,judge-all,q8,update,8,same,1
20261001T185207Z-aa1e13a,s31,judge-all,q8,update,130,same,1
20261001T185207Z-aa1e13a,s31,judge-all,q4,multi-session,9,synonym,1
20261001T185207Z-aa1e13a,s31,judge-all,q4,multi-session,119,same,1
20261001T185207Z-aa1e13a,s31,judge-all,q3,multi-session,35,translation,1
20261001T185207Z-aa1e13a,s31,judge-all,q3,multi-session,123,synonym,1
20261001T185207Z-aa1e13a,s31,judge-all,q5,temporal,128,translation,1
20261001T185207Z-aa1e13a,s31,judge-all,q2,extract,77,translation,1
20261001T185207Z-aa1e13a,s31,judge-all,q7,update,46,synonym,1
20261001T185207Z-aa1e13a,s31,judge-all,q7,update,111,synonym,1
20261001T185207Z-aa1e13a,s31,judge-all,q6,temporal,70,same,1
20261001T185207Z-aa1e13a,s31,judge-all,q6,temporal,4,same,0
20261001T185207Z-aa1e13a,s31,rrf-fallback,q1,extract,63,same,0
20261001T185207Z-aa1e13a,s31,rrf-fallback,q8,update,8,same,0
20261001T185207Z-aa1e13a,s31,rrf-fallback,q8,update,130,same,1
20261001T185207Z-aa1e13a,s31,rrf-fallback,q4,multi-session,9,synonym,0
20261001T185207Z-aa1e13a,s31,rrf-fallback,q4,multi-session,119,same,1
20261001T185207Z-aa1e13a,s31,rrf-fallback,q3,multi-session,35,translation,0
20261001T185207Z-aa1e13a,s31,rrf-fallback,q3,multi-session,123,synonym,0
20261001T185207Z-aa1e13a,s31,rrf-fallback,q5,temporal,128,translation,0
20261001T185207Z-aa1e13a,s31,rrf-fallback,q2,extract,77,translation,0
20261001T185207Z-aa1e13a,s31,rrf-fallback,q7,update,46,synonym,0
20261001T185207Z-aa1e13a,s31,rrf-fallback,q7,update,111,synonym,0
20261001T185207Z-aa1e13a,s31,rrf-fallback,q6,temporal,70,same,0
20261001T185207Z-aa1e13a,s31,rrf-fallback,q6,temporal,4,same,0
20261001T185207Z-aa1e13a,s44,judge-all,q1,extract,59,synonym,1
20261001T185207Z-aa1e13a,s44,judge-all,q6,temporal,65,synonym,1
20261001T185207Z-aa1e13a,s44,judge-all,q6,temporal,15,synonym,1
20261001T185207Z-aa1e13a,s44,judge-all,q2,extract,50,same,1
20261001T185207Z-aa1e13a,s44,judge-all,q4,multi-session,9,same,1
20261001T185207Z-aa1e13a,s44,judge-all,q4,multi-session,137,translation,1
20261001T185207Z-aa1e13a,s44,judge-all,q7,update,21,translation,1
20261001T185207Z-aa1e13a,s44,judge-all,q7,update,142,translation,1
20261001T185207Z-aa1e13a,s44,judge-all,q3,multi-session,23,translation,1
20261001T185207Z-aa1e13a,s44,judge-all,q3,multi-session,123,synonym,1
20261001T185207Z-aa1e13a,s44,judge-all,q8,update,44,same,1
20261001T185207Z-aa1e13a,s44,judge-all,q8,update,124,same,1
20261001T185207Z-aa1e13a,s44,judge-all,q5,temporal,52,same,1
20261001T185207Z-aa1e13a,s44,rrf-fallback,q1,extract,59,synonym,0
20261001T185207Z-aa1e13a,s44,rrf-fallback,q6,temporal,65,synonym,0
20261001T185207Z-aa1e13a,s44,rrf-fallback,q6,temporal,15,synonym,0
20261001T185207Z-aa1e13a,s44,rrf-fallback,q2,extract,50,same,0
20261001T185207Z-aa1e13a,s44,rrf-fallback,q4,multi-session,9,same,0
20261001T185207Z-aa1e13a,s44,rrf-fallback,q4,multi-session,137,translation,0
20261001T185207Z-aa1e13a,s44,rrf-fallback,q7,update,21,translation,0
20261001T185207Z-aa1e13a,s44,rrf-fallback,q7,update,142,translation,0
20261001T185207Z-aa1e13a,s44,rrf-fallback,q3,multi-session,23,translation,0
20261001T185207Z-aa1e13a,s44,rrf-fallback,q3,multi-session,123,synonym,0
20261001T185207Z-aa1e13a,s44,rrf-fallback,q8,update,44,same,0
20261001T185207Z-aa1e13a,s44,rrf-fallback,q8,update,124,same,0
20261001T185207Z-aa1e13a,s44,rrf-fallback,q5,temporal,52,same,0
20261001T185207Z-aa1e13a,s33,judge-all,q2,extract,80,synonym,1
20261001T185207Z-aa1e13a,s33,judge-all,q8,update,32,same,1
20261001T185207Z-aa1e13a,s33,judge-all,q8,update,123,same,1
20261001T185207Z-aa1e13a,s33,judge-all,q6,temporal,38,translation,1
20261001T185207Z-aa1e13a,s33,judge-all,q6,temporal,89,translation,0
20261001T185207Z-aa1e13a,s33,judge-all,q3,multi-session,23,translation,0
20261001T185207Z-aa1e13a,s33,judge-all,q3,multi-session,118,synonym,1
20261001T185207Z-aa1e13a,s33,judge-all,q7,update,5,same,0
20261001T185207Z-aa1e13a,s33,judge-all,q7,update,101,same,0
20261001T185207Z-aa1e13a,s33,judge-all,q5,temporal,110,same,0
20261001T185207Z-aa1e13a,s33,judge-all,q4,multi-session,34,translation,1
20261001T185207Z-aa1e13a,s33,judge-all,q4,multi-session,140,synonym,1
20261001T185207Z-aa1e13a,s33,judge-all,q1,extract,64,same,1
20261001T185207Z-aa1e13a,s33,rrf-fallback,q2,extract,80,synonym,0
20261001T185207Z-aa1e13a,s33,rrf-fallback,q8,update,32,same,0
20261001T185207Z-aa1e13a,s33,rrf-fallback,q8,update,123,same,0
20261001T185207Z-aa1e13a,s33,rrf-fallback,q6,temporal,38,translation,0
20261001T185207Z-aa1e13a,s33,rrf-fallback,q6,temporal,89,translation,0
20261001T185207Z-aa1e13a,s33,rrf-fallback,q3,multi-session,23,translation,0
20261001T185207Z-aa1e13a,s33,rrf-fallback,q3,multi-session,118,synonym,0
20261001T185207Z-aa1e13a,s33,rrf-fallback,q7,update,5,same,0
20261001T185207Z-aa1e13a,s33,rrf-fallback,q7,update,101,same,0
20261001T185207Z-aa1e13a,s33,rrf-fallback,q5,temporal,110,same,0
20261001T185207Z-aa1e13a,s33,rrf-fallback,q4,multi-session,34,translation,0
20261001T185207Z-aa1e13a,s33,rrf-fallback,q4,multi-session,140,synonym,0
20261001T185207Z-aa1e13a,s33,rrf-fallback,q1,extract,64,same,0
20261001T185207Z-aa1e13a,s04,judge-all,q3,multi-session,17,same,1
20261001T185207Z-aa1e13a,s04,judge-all,q3,multi-session,107,translation,1
20261001T185207Z-aa1e13a,s04,judge-all,q5,temporal,129,synonym,1
20261001T185207Z-aa1e13a,s04,judge-all,q2,extract,56,translation,1
20261001T185207Z-aa1e13a,s04,judge-all,q6,temporal,28,translation,1
20261001T185207Z-aa1e13a,s04,judge-all,q6,temporal,74,translation,1
20261001T185207Z-aa1e13a,s04,judge-all,q8,update,45,same,1
20261001T185207Z-aa1e13a,s04,judge-all,q8,update,112,same,1
20261001T185207Z-aa1e13a,s04,judge-all,q1,extract,70,synonym,1
20261001T185207Z-aa1e13a,s04,judge-all,q4,multi-session,3,synonym,1
20261001T185207Z-aa1e13a,s04,judge-all,q4,multi-session,117,same,1
20261001T185207Z-aa1e13a,s04,judge-all,q7,update,8,same,1
20261001T185207Z-aa1e13a,s04,judge-all,q7,update,137,same,1
20261001T185207Z-aa1e13a,s04,rrf-fallback,q3,multi-session,17,same,0
20261001T185207Z-aa1e13a,s04,rrf-fallback,q3,multi-session,107,translation,0
20261001T185207Z-aa1e13a,s04,rrf-fallback,q5,temporal,129,synonym,0
20261001T185207Z-aa1e13a,s04,rrf-fallback,q2,extract,56,translation,0
20261001T185207Z-aa1e13a,s04,rrf-fallback,q6,temporal,28,translation,0
20261001T185207Z-aa1e13a,s04,rrf-fallback,q6,temporal,74,translation,0
20261001T185207Z-aa1e13a,s04,rrf-fallback,q8,update,45,same,0
20261001T185207Z-aa1e13a,s04,rrf-fallback,q8,update,112,same,0
20261001T185207Z-aa1e13a,s04,rrf-fallback,q1,extract,70,synonym,0
20261001T185207Z-aa1e13a,s04,rrf-fallback,q4,multi-session,3,synonym,0
20261001T185207Z-aa1e13a,s04,rrf-fallback,q4,multi-session,117,same,0
20261001T185207Z-aa1e13a,s04,rrf-fallback,q7,update,8,same,0
20261001T185207Z-aa1e13a,s04,rrf-fallback,q7,update,137,same,0
20261001T185207Z-aa1e13a,s14,judge-all,q1,extract,92,same,1
20261001T185207Z-aa1e13a,s14,judge-all,q5,temporal,75,translation,1
20261001T185207Z-aa1e13a,s14,judge-all,q6,temporal,95,synonym,1
20261001T185207Z-aa1e13a,s14,judge-all,q6,temporal,47,synonym,1
20261001T185207Z-aa1e13a,s14,judge-all,q7,update,16,synonym,1
20261001T185207Z-aa1e13a,s14,judge-all,q7,update,130,synonym,1
20261001T185207Z-aa1e13a,s14,judge-all,q2,extract,63,synonym,1
20261001T185207Z-aa1e13a,s14,judge-all,q4,multi-session,33,translation,1
20261001T185207Z-aa1e13a,s14,judge-all,q4,multi-session,112,translation,1
20261001T185207Z-aa1e13a,s14,judge-all,q3,multi-session,34,same,1
20261001T185207Z-aa1e13a,s14,judge-all,q3,multi-session,122,same,1
20261001T185207Z-aa1e13a,s14,judge-all,q8,update,38,same,1
20261001T185207Z-aa1e13a,s14,judge-all,q8,update,107,same,1
20261001T185207Z-aa1e13a,s14,rrf-fallback,q1,extract,92,same,0
20261001T185207Z-aa1e13a,s14,rrf-fallback,q5,temporal,75,translation,0
20261001T185207Z-aa1e13a,s14,rrf-fallback,q6,temporal,95,synonym,0
20261001T185207Z-aa1e13a,s14,rrf-fallback,q6,temporal,47,synonym,0
20261001T185207Z-aa1e13a,s14,rrf-fallback,q7,update,16,synonym,0
20261001T185207Z-aa1e13a,s14,rrf-fallback,q7,update,130,synonym,0
20261001T185207Z-aa1e13a,s14,rrf-fallback,q2,extract,63,synonym,0
20261001T185207Z-aa1e13a,s14,rrf-fallback,q4,multi-session,33,translation,0
20261001T185207Z-aa1e13a,s14,rrf-fallback,q4,multi-session,112,translation,0
20261001T185207Z-aa1e13a,s14,rrf-fallback,q3,multi-session,34,same,0
20261001T185207Z-aa1e13a,s14,rrf-fallback,q3,multi-session,122,same,0
20261001T185207Z-aa1e13a,s14,rrf-fallback,q8,update,38,same,0
20261001T185207Z-aa1e13a,s14,rrf-fallback,q8,update,107,same,0
20261001T185207Z-aa1e13a,s22,judge-all,q1,extract,75,synonym,1
20261001T185207Z-aa1e13a,s22,judge-all,q7,update,47,synonym,0
20261001T185207Z-aa1e13a,s22,judge-all,q7,update,111,synonym,1
20261001T185207Z-aa1e13a,s22,judge-all,q3,multi-session,5,same,1
20261001T185207Z-aa1e13a,s22,judge-all,q3,multi-session,125,translation,1
20261001T185207Z-aa1e13a,s22,judge-all,q6,temporal,3,translation,0
20261001T185207Z-aa1e13a,s22,judge-all,q6,temporal,81,translation,1
20261001T185207Z-aa1e13a,s22,judge-all,q4,multi-session,32,same,1
20261001T185207Z-aa1e13a,s22,judge-all,q4,multi-session,129,translation,1
20261001T185207Z-aa1e13a,s22,judge-all,q5,temporal,135,same,1
20261001T185207Z-aa1e13a,s22,judge-all,q2,extract,70,synonym,1
20261001T185207Z-aa1e13a,s22,judge-all,q8,update,20,same,1
20261001T185207Z-aa1e13a,s22,judge-all,q8,update,113,same,1
20261001T185207Z-aa1e13a,s22,rrf-fallback,q1,extract,75,synonym,0
20261001T185207Z-aa1e13a,s22,rrf-fallback,q7,update,47,synonym,0
20261001T185207Z-aa1e13a,s22,rrf-fallback,q7,update,111,synonym,0
20261001T185207Z-aa1e13a,s22,rrf-fallback,q3,multi-session,5,same,0
20261001T185207Z-aa1e13a,s22,rrf-fallback,q3,multi-session,125,translation,0
20261001T185207Z-aa1e13a,s22,rrf-fallback,q6,temporal,3,translation,0
20261001T185207Z-aa1e13a,s22,rrf-fallback,q6,temporal,81,translation,0
20261001T185207Z-aa1e13a,s22,rrf-fallback,q4,multi-session,32,same,0
20261001T185207Z-aa1e13a,s22,rrf-fallback,q4,multi-session,129,translation,0
20261001T185207Z-aa1e13a,s22,rrf-fallback,q5,temporal,135,same,0
20261001T185207Z-aa1e13a,s22,rrf-fallback,q2,extract,70,synonym,0
20261001T185207Z-aa1e13a,s22,rrf-fallback,q8,update,20,same,0
20261001T185207Z-aa1e13a,s22,rrf-fallback,q8,update,113,same,0
20261001T185207Z-aa1e13a,s23,judge-all,q6,temporal,17,same,1
20261001T185207Z-aa1e13a,s23,judge-all,q6,temporal,82,same,1
20261001T185207Z-aa1e13a,s23,judge-all,q3,multi-session,33,synonym,1
20261001T185207Z-aa1e13a,s23,judge-all,q3,multi-session,117,translation,1
20261001T185207Z-aa1e13a,s23,judge-all,q4,multi-session,46,synonym,1
20261001T185207Z-aa1e13a,s23,judge-all,q4,multi-session,105,same,1
20261001T185207Z-aa1e13a,s23,judge-all,q8,update,34,same,1
20261001T185207Z-aa1e13a,s23,judge-all,q8,update,131,same,1
20261001T185207Z-aa1e13a,s23,judge-all,q2,extract,63,translation,1
20261001T185207Z-aa1e13a,s23,judge-all,q7,update,47,translation,0
20261001T185207Z-aa1e13a,s23,judge-all,q7,update,112,translation,1
20261001T185207Z-aa1e13a,s23,judge-all,q5,temporal,107,synonym,1
20261001T185207Z-aa1e13a,s23,judge-all,q1,extract,94,same,1
20261001T185207Z-aa1e13a,s23,rrf-fallback,q6,temporal,17,same,0
20261001T185207Z-aa1e13a,s23,rrf-fallback,q6,temporal,82,same,0
20261001T185207Z-aa1e13a,s23,rrf-fallback,q3,multi-session,33,synonym,0
20261001T185207Z-aa1e13a,s23,rrf-fallback,q3,multi-session,117,translation,0
20261001T185207Z-aa1e13a,s23,rrf-fallback,q4,multi-session,46,synonym,0
20261001T185207Z-aa1e13a,s23,rrf-fallback,q4,multi-session,105,same,0
20261001T185207Z-aa1e13a,s23,rrf-fallback,q8,update,34,same,0
20261001T185207Z-aa1e13a,s23,rrf-fallback,q8,update,131,same,0
20261001T185207Z-aa1e13a,s23,rrf-fallback,q2,extract,63,translation,0
20261001T185207Z-aa1e13a,s23,rrf-fallback,q7,update,47,translation,0
20261001T185207Z-aa1e13a,s23,rrf-fallback,q7,update,112,translation,0
20261001T185207Z-aa1e13a,s23,rrf-fallback,q5,temporal,107,synonym,0
20261001T185207Z-aa1e13a,s23,rrf-fallback,q1,extract,94,same,0
20261001T185207Z-aa1e13a,s39,judge-all,q8,update,20,same,0
20261001T185207Z-aa1e13a,s39,judge-all,q8,update,112,same,0
20261001T185207Z-aa1e13a,s39,judge-all,q4,multi-session,38,synonym,1
20261001T185207Z-aa1e13a,s39,judge-all,q4,multi-session,142,synonym,1
20261001T185207Z-aa1e13a,s39,judge-all,q6,temporal,8,same,0
20261001T185207Z-aa1e13a,s39,judge-all,q6,temporal,92,same,0
20261001T185207Z-aa1e13a,s39,judge-all,q1,extract,70,same,0
20261001T185207Z-aa1e13a,s39,judge-all,q7,update,44,translation,0
20261001T185207Z-aa1e13a,s39,judge-all,q7,update,136,translation,0
20261001T185207Z-aa1e13a,s39,judge-all,q3,multi-session,16,same,1
20261001T185207Z-aa1e13a,s39,judge-all,q3,multi-session,113,synonym,1
20261001T185207Z-aa1e13a,s39,judge-all,q2,extract,82,translation,1
20261001T185207Z-aa1e13a,s39,judge-all,q5,temporal,51,translation,0
20261001T185207Z-aa1e13a,s39,rrf-fallback,q8,update,20,same,0
20261001T185207Z-aa1e13a,s39,rrf-fallback,q8,update,112,same,0
20261001T185207Z-aa1e13a,s39,rrf-fallback,q4,multi-session,38,synonym,0
20261001T185207Z-aa1e13a,s39,rrf-fallback,q4,multi-session,142,synonym,0
20261001T185207Z-aa1e13a,s39,rrf-fallback,q6,temporal,8,same,0
20261001T185207Z-aa1e13a,s39,rrf-fallback,q6,temporal,92,same,0
20261001T185207Z-aa1e13a,s39,rrf-fallback,q1,extract,70,same,0
20261001T185207Z-aa1e13a,s39,rrf-fallback,q7,update,44,translation,0
20261001T185207Z-aa1e13a,s39,rrf-fallback,q7,update,136,translation,0
20261001T185207Z-aa1e13a,s39,rrf-fallback,q3,multi-session,16,same,0
20261001T185207Z-aa1e13a,s39,rrf-fallback,q3,multi-session,113,synonym,0
20261001T185207Z-aa1e13a,s39,rrf-fallback,q2,extract,82,translation,0
20261001T185207Z-aa1e13a,s39,rrf-fallback,q5,temporal,51,translation,0
20261001T185207Z-aa1e13a,s07,judge-all,q1,extract,95,synonym,0
20261001T185207Z-aa1e13a,s07,judge-all,q5,temporal,56,synonym,0
20261001T185207Z-aa1e13a,s07,judge-all,q2,extract,57,synonym,0
20261001T185207Z-aa1e13a,s07,judge-all,q4,multi-session,11,same,1
20261001T185207Z-aa1e13a,s07,judge-all,q4,multi-session,107,translation,1
20261001T185207Z-aa1e13a,s07,judge-all,q8,update,45,same,0
20261001T185207Z-aa1e13a,s07,judge-all,q8,update,140,same,0
20261001T185207Z-aa1e13a,s07,judge-all,q7,update,21,same,0
20261001T185207Z-aa1e13a,s07,judge-all,q7,update,122,same,0
20261001T185207Z-aa1e13a,s07,judge-all,q6,temporal,70,translation,1
20261001T185207Z-aa1e13a,s07,judge-all,q6,temporal,20,translation,1
20261001T185207Z-aa1e13a,s07,judge-all,q3,multi-session,44,same,1
20261001T185207Z-aa1e13a,s07,judge-all,q3,multi-session,100,translation,1
20261001T185207Z-aa1e13a,s07,rrf-fallback,q1,extract,95,synonym,0
20261001T185207Z-aa1e13a,s07,rrf-fallback,q5,temporal,56,synonym,0
20261001T185207Z-aa1e13a,s07,rrf-fallback,q2,extract,57,synonym,0
20261001T185207Z-aa1e13a,s07,rrf-fallback,q4,multi-session,11,same,0
20261001T185207Z-aa1e13a,s07,rrf-fallback,q4,multi-session,107,translation,0
20261001T185207Z-aa1e13a,s07,rrf-fallback,q8,update,45,same,0
20261001T185207Z-aa1e13a,s07,rrf-fallback,q8,update,140,same,0
20261001T185207Z-aa1e13a,s07,rrf-fallback,q7,update,21,same,0
20261001T185207Z-aa1e13a,s07,rrf-fallback,q7,update,122,same,0
20261001T185207Z-aa1e13a,s07,rrf-fallback,q6,temporal,70,translation,0
20261001T185207Z-aa1e13a,s07,rrf-fallback,q6,temporal,20,translation,0
20261001T185207Z-aa1e13a,s07,rrf-fallback,q3,multi-session,44,same,0
20261001T185207Z-aa1e13a,s07,rrf-fallback,q3,multi-session,100,translation,0
20261001T185207Z-aa1e13a,s12,judge-all,q2,extract,51,synonym,1
20261001T185207Z-aa1e13a,s12,judge-all,q6,temporal,63,same,1
20261001T185207Z-aa1e13a,s12,judge-all,q6,temporal,26,same,1
20261001T185207Z-aa1e13a,s12,judge-all,q3,multi-session,47,synonym,1
20261001T185207Z-aa1e13a,s12,judge-all,q3,multi-session,141,same,1
20261001T185207Z-aa1e13a,s12,judge-all,q4,multi-session,46,translation,1
20261001T185207Z-aa1e13a,s12,judge-all,q4,multi-session,99,same,1
20261001T185207Z-aa1e13a,s12,judge-all,q7,update,16,translation,1
20261001T185207Z-aa1e13a,s12,judge-all,q7,update,104,translation,1
20261001T185207Z-aa1e13a,s12,judge-all,q1,extract,64,translation,1
20261001T185207Z-aa1e13a,s12,judge-all,q5,temporal,82,synonym,0
20261001T185207Z-aa1e13a,s12,judge-all,q8,update,21,same,1
20261001T185207Z-aa1e13a,s12,judge-all,q8,update,100,same,1
20261001T185207Z-aa1e13a,s12,rrf-fallback,q2,extract,51,synonym,0
20261001T185207Z-aa1e13a,s12,rrf-fallback,q6,temporal,63,same,0
20261001T185207Z-aa1e13a,s12,rrf-fallback,q6,temporal,26,same,0
20261001T185207Z-aa1e13a,s12,rrf-fallback,q3,multi-session,47,synonym,0
20261001T185207Z-aa1e13a,s12,rrf-fallback,q3,multi-session,141,same,1
20261001T185207Z-aa1e13a,s12,rrf-fallback,q4,multi-session,46,translation,0
20261001T185207Z-aa1e13a,s12,rrf-fallback,q4,multi-session,99,same,0
20261001T185207Z-aa1e13a,s12,rrf-fallback,q7,update,16,translation,0
20261001T185207Z-aa1e13a,s12,rrf-fallback,q7,update,104,translation,0
20261001T185207Z-aa1e13a,s12,rrf-fallback,q1,extract,64,translation,0
20261001T185207Z-aa1e13a,s12,rrf-fallback,q5,temporal,82,synonym,0
20261001T185207Z-aa1e13a,s12,rrf-fallback,q8,update,21,same,0
20261001T185207Z-aa1e13a,s12,rrf-fallback,q8,update,100,same,0
20261001T185207Z-aa1e13a,s20,judge-all,q7,update,20,translation,0
20261001T185207Z-aa1e13a,s20,judge-all,q7,update,143,translation,1
20261001T185207Z-aa1e13a,s20,judge-all,q2,extract,62,translation,1
20261001T185207Z-aa1e13a,s20,judge-all,q6,temporal,22,synonym,1
20261001T185207Z-aa1e13a,s20,judge-all,q6,temporal,69,synonym,1
20261001T185207Z-aa1e13a,s20,judge-all,q4,multi-session,14,same,1
20261001T185207Z-aa1e13a,s20,judge-all,q4,multi-session,124,same,1
20261001T185207Z-aa1e13a,s20,judge-all,q5,temporal,116,synonym,1
20261001T185207Z-aa1e13a,s20,judge-all,q1,extract,81,synonym,1
20261001T185207Z-aa1e13a,s20,judge-all,q3,multi-session,17,same,1
20261001T185207Z-aa1e13a,s20,judge-all,q3,multi-session,141,translation,1
20261001T185207Z-aa1e13a,s20,judge-all,q8,update,47,same,1
20261001T185207Z-aa1e13a,s20,judge-all,q8,update,140,same,1
20261001T185207Z-aa1e13a,s20,rrf-fallback,q7,update,20,translation,0
20261001T185207Z-aa1e13a,s20,rrf-fallback,q7,update,143,translation,0
20261001T185207Z-aa1e13a,s20,rrf-fallback,q2,extract,62,translation,0
20261001T185207Z-aa1e13a,s20,rrf-fallback,q6,temporal,22,synonym,0
20261001T185207Z-aa1e13a,s20,rrf-fallback,q6,temporal,69,synonym,0
20261001T185207Z-aa1e13a,s20,rrf-fallback,q4,multi-session,14,same,0
20261001T185207Z-aa1e13a,s20,rrf-fallback,q4,multi-session,124,same,1
20261001T185207Z-aa1e13a,s20,rrf-fallback,q5,temporal,116,synonym,0
20261001T185207Z-aa1e13a,s20,rrf-fallback,q1,extract,81,synonym,0
20261001T185207Z-aa1e13a,s20,rrf-fallback,q3,multi-session,17,same,0
20261001T185207Z-aa1e13a,s20,rrf-fallback,q3,multi-session,141,translation,0
20261001T185207Z-aa1e13a,s20,rrf-fallback,q8,update,47,same,0
20261001T185207Z-aa1e13a,s20,rrf-fallback,q8,update,140,same,1
