run_id,scenario_id,condition,packet_tokens,included_items,judge_calls,judge_failures,judged
20261001T185207Z-aa1e13a,s32,judge-all,7992,24,6,0,128
20261001T185207Z-aa1e13a,s32,rrf-fallback,7999,23,0,0,0
20261001T185207Z-aa1e13a,s41,judge-all,7997,19,6,0,128
20261001T185207Z-aa1e13a,s41,rrf-fallback,7995,18,0,0,0
20261001T185207Z-aa1e13a,s06,judge-all,7998,15,6,0,128
20261001T185207Z-aa1e13a,s06,rrf-fallback,7999,20,0,0,0
20261001T185207Z-aa1e13a,s10,judge-all,7997,16,6,0,128
20261001T185207Z-aa1e13a,s10,rrf-fallback,7996,25,0,0,0
20261001T185207Z-aa1e13a,s42,judge-all,8000,18,6,0,128
20261001T185207Z-aa1e13a,s42,rrf-fallback,7994,22,0,0,0
20261001T185207Z-aa1e13a,s37,judge-all,7992,17,6,0,128
20261001T185207Z-aa1e13a,s37,rrf-fallback,7993,19,0,0,0
20261001T185207Z-aa1e13a,s47,judge-all,7992,25,6,0,128
20261001T185207Z-aa1e13a,s47,rrf-fallback,7993,22,0,0,0
20261001T185207Z-aa1e13a,s11,judge-all,7997,20,6,0,128
20261001T185207Z-aa1e13a,s11,rrf-fallback,7999,22,0,0,0
20261001T185207Z-aa1e13a,s01,judge-all,7995,24,6,0,128
20261001T185207Z-aa1e13a,s01,rrf-fallback,8000,21,0,0,0
20261001T185207Z-aa1e13a,s29,judge-all,7993,18,6,0,128
20261001T185207Z-aa1e13a,s29,rrf-fallback,7992,20,0,0,0
20261001T185207Z-aa1e13a,s19,judge-all,7993,20,6,0,128
20261001T185207Z-aa1e13a,s19,rrf-fallback,7990,15,0,0,0
20261001T185207Z-aa1e13a,s28,judge-all,7991,26,6,0,128
20261001T185207Z-aa1e13a,s28,rrf-fallback,7998,17,0,0,0
20261001T185207Z-aa1e13a,s25,judge-all,7995,21,6,0,128
20261001T185207Z-aa1e13a,s25,rrf-fallback,7994,19,0,0,0
20261001T185207Z-aa1e13a,s02,judge-all,7996,18,6,0,128
20261001T185207Z-aa1e13a,s02,rrf-fallback,7993,16,0,0,0
20261001T185207Z-aa1e13a,s18,judge-all,7998,16,6,0,128
20261001T185207Z-aa1e13a,s18,rrf-fallback,7999,19,0,0,0
20261001T185207Z-aa1e13a,s17,judge-all,7995,16,6,0,128
20261001T185207Z-aa1e13a,s17,rrf-fallback,7992,22,0,0,0
20261001T185207Z-aa1e13a,s09,judge-all,7996,18,6,0,128
20261001T185207Z-aa1e13a,s09,rrf-fallback,8000,21,0,0,0
20261001T185207Z-aa1e13a,s48,judge-all,7993,17,6,0,128
20261001T185207Z-aa1e13a,s48,rrf-fallback,7997,21,0,0,0
20261001T185207Z-aa1e13a,s03,judge-all,7993,18,6,0,128
20261001T185207Z-aa1e13a,s03,rrf-fallback,7994,20,0,0,0
20261001T185207Z-aa1e13a,s38,judge-all,7996,23,6,0,128
20261001T185207Z-aa1e13a,s38,rrf-fallback,7998,24,0,0,0
20261001T185207Z-aa1e13a,s35,judge-all,7994,22,6,0,128
20261001T185207Z-aa1e13a,s35,rrf-fallback,7995,21,0,0,0
20261001T185207Z-aa1e13a,s27,judge-all,7995,17,6,0,128
20261001T185207Z-aa1e13a,s27,rrf-fallback,7998,20,0,0,0
20261001T185207Z-aa1e13a,s24,judge-all,8000,25,6,0,128
20261001T185207Z-aa1e13a,s24,rrf-fallback,7996,24,0,0,0
20261001T185207Z-aa1e13a,s05,judge-all,8000,17,6,0,128
20261001T185207Z-aa1e13a,s05,rrf-fallback,8000,26,0,0,0
20261001T185207Z-aa1e13a,s26,judge-all,7997,19,6,0,128
20261001T185207Z-aa1e13a,s26,rrf-fallback,7999,18,0,0,0
20261001T185207Z-aa1e13a,s40,judge-all,7993,16,6,0,128
20261001T185207Z-aa1e13a,s40,rrf-fallback,7990,16,0,0,0
20261001T185207Z-aa1e13a,s36,judge-all,7991,16,6,0,128
20261001T185207Z-aa1e13a,s36,rrf-fallback,8000,19,0,0,0
20261001T185207Z-aa1e13a,s08,judge-all,7997,21,6,0,128
20261001T185207Z-aa1e13a,s08,rrf-fallback,7999,20,0,0,0
20261001T185207Z-aa1e13a,s21,judge-all,7998,22,6,0,128
20261001T185207Z-aa1e13a,s21,rrf-fallback,7992,20,0,0,0
20261001T185207Z-aa1e13a,s46,judge-all,7993,20,6,0,128
20261001T185207Z-aa1e13a,s46,rrf-fallback,7995,18,0,0,0
20261001T185207Z-aa1e13a,s15,judge-all,7992,20,6,0,128
20261001T185207Z-aa1e13a,s15,rrf-fallback,7996,22,0,0,0
20261001T185207Z-aa1e13a,s30,judge-all,7998,23,6,0,128
20261001T185207Z-aa1e13a,s30,rrf-fallback,7999,19,0,0,0
20261001T185207Z-aa1e13a,s34,judge-all,7997,17,6,0,128
20261001T185207Z-aa1e13a,s34,rrf-fallback,7992,19,0,0,0
20261001T185207Z-aa1e13a,s16,judge-all,7993,16,6,0,128
20261001T185207Z-aa1e13a,s16,rrf-fallback,7993,21,0,0,0
20261001T185207Z-aa1e13a,s43,judge-all,7995,18,6,0,128
20261001T185207Z-aa1e13a,s43,rrf-fallback,8000,26,0,0,0
20261001T185207Z-aa1e13a,s45,judge-all,7997,19,6,0,128
20261001T185207Z-aa1e13a,s45,rrf-fallback,7997,16,0,0,0
20261001T185207Z-aa1e13a,s13,judge-all,7994,23,6,0,128
20261001T185207Z-aa1e13a,s13,rrf-fallback,7998,22,0,0,0
20261001T185207Z-aa1e13a,s31,judge-all,7999,17,6,0,128
20261001T185207Z-aa1e13a,s31,rrf-fallback,7996,25,0,0,0
20261001T185207Z-aa1e13a,s44,judge-all,7999,19,6,0,128
20261001T185207Z-aa1e13a,s44,rrf-fallback,7993,20,0,0,0
20261001T185207Z-aa1e13a,s33,judge-all,7998,20,6,0,128
20261001T185207Z-aa1e13a,s33,rrf-fallback,7995,21,0,0,0
20261001T185207Z-aa1e13a,s04,judge-all,7997,18,6,0,128
20261001T185207Z-aa1e13a,s04,rrf-fallback,7997,16,0,0,0
20261001T185207Z-aa1e13a,s14,judge-all,7995,19,6,0,128
20261001T185207Z-aa1e13a,s14,rrf-fallback,7999,17,0,0,0
20261001T185207Z-aa1e13a,s22,judge-all,7995,14,6,0,128
20261001T185207Z-aa1e13a,s22,rrf-fallback,7993,19,0,0,0
20261001T185207Z-aa1e13a,s23,judge-all,7993,15,6,0,128
20261001T185207Z-aa1e13a,s23,rrf-fallback,7994,23,0,0,0
20261001T185207Z-aa1e13a,s39,judge-all,7994,21,6,0,128
20261001T185207Z-aa1e13a,s39,rrf-fallback,7998,18,0,0,0
20261001T185207Z-aa1e13a,s07,judge-all,7993,16,6,0,128
20261001T185207Z-aa1e13a,s07,rrf-fallback,7997,17,0,0,0
20261001T185207Z-aa1e13a,s12,judge-all,8000,18,6,0,128
20261001T185207Z-aa1e13a,s12,rrf-fallback,7998,19,0,0,0
20261001T185207Z-aa1e13a,s20,judge-all,7999,22,6,0,128
20261001T185207Z-aa1e13a,s20,rrf-fallback,7991,23,0,0,0
