run_id,scenario_id,condition,packet_tokens,included_items,summary_tokens,summary_calls
20261002T131313Z-8321cfc,s12,last-input,7995,23,0,0
20261002T131313Z-8321cfc,s12,rule,7993,26,0,0
20261002T131313Z-8321cfc,s12,summary,7993,26,74814,1
20261002T131313Z-8321cfc,s03,last-input,7992,21,0,0
20261002T131313Z-8321cfc,s03,rule,8000,25,0,0
20261002T131313Z-8321cfc,s03,summary,8000,25,75888,1
20261002T131313Z-8321cfc,s23,last-input,8000,20,0,0
20261002T131313Z-8321cfc,s23,rule,7993,22,0,0
20261002T131313Z-8321cfc,s23,summary,7993,22,76729,1
20261002T131313Z-8321cfc,s04,last-input,7992,19,0,0
20261002T131313Z-8321cfc,s04,rule,7996,23,0,0
20261002T131313Z-8321cfc,s04,summary,7996,23,79738,1
20261002T131313Z-8321cfc,s08,last-input,7992,14,0,0
20261002T131313Z-8321cfc,s08,rule,7998,17,0,0
20261002T131313Z-8321cfc,s08,summary,7998,17,79485,1
20261002T131313Z-8321cfc,s10,last-input,7995,21,0,0
20261002T131313Z-8321cfc,s10,rule,7993,18,0,0
20261002T131313Z-8321cfc,s10,summary,7993,18,72471,1
20261002T131313Z-8321cfc,s05,last-input,7994,16,0,0
20261002T131313Z-8321cfc,s05,rule,8000,20,0,0
20261002T131313Z-8321cfc,s05,summary,8000,20,79988,1
20261002T131313Z-8321cfc,s11,last-input,7991,17,0,0
20261002T131313Z-8321cfc,s11,rule,7999,17,0,0
20261002T131313Z-8321cfc,s11,summary,7999,17,75189,1
20261002T131313Z-8321cfc,s15,last-input,7993,21,0,0
20261002T131313Z-8321cfc,s15,rule,7999,24,0,0
20261002T131313Z-8321cfc,s15,summary,7999,24,78920,1
20261002T131313Z-8321cfc,s17,last-input,8000,25,0,0
20261002T131313Z-8321cfc,s17,rule,7992,21,0,0
20261002T131313Z-8321cfc,s17,summary,7992,21,77797,1
20261002T131313Z-8321cfc,s02,last-input,8000,21,0,0
20261002T131313Z-8321cfc,s02,rule,7996,17,0,0
20261002T131313Z-8321cfc,s02,summary,7996,17,77414,1
20261002T131313Z-8321cfc,s14,last-input,7997,21,0,0
20261002T131313Z-8321cfc,s14,rule,7996,18,0,0
20261002T131313Z-8321cfc,s14,summary,7996,18,78444,1
20261002T131313Z-8321cfc,s21,last-input,7999,25,0,0
20261002T131313Z-8321cfc,s21,rule,8000,22,0,0
20261002T131313Z-8321cfc,s21,summary,8000,22,75300,1
20261002T131313Z-8321cfc,s07,last-input,7995,19,0,0
20261002T131313Z-8321cfc,s07,rule,7992,20,0,0
20261002T131313Z-8321cfc,s07,summary,7992,20,79817,1
20261002T131313Z-8321cfc,s13,last-input,7997,22,0,0
20261002T131313Z-8321cfc,s13,rule,8000,19,0,0
20261002T131313Z-8321cfc,s13,summary,8000,19,79316,1
20261002T131313Z-8321cfc,s01,last-input,7996,25,0,0
20261002T131313Z-8321cfc,s01,rule,7999,22,0,0
20261002T131313Z-8321cfc,s01,summary,7999,22,74307,1
20261002T131313Z-8321cfc,s06,last-input,7994,20,0,0
20261002T131313Z-8321cfc,s06,rule,7999,17,0,0
20261002T131313Z-8321cfc,s06,summary,7999,17,76597,1
20261002T131313Z-8321cfc,s18,last-input,7996,24,0,0
20261002T131313Z-8321cfc,s18,rule,7998,21,0,0
20261002T131313Z-8321cfc,s18,summary,7998,21,76291,1
20261002T131313Z-8321cfc,s16,last-input,8000,25,0,0
20261002T131313Z-8321cfc,s16,rule,7994,21,0,0
20261002T131313Z-8321cfc,s16,summary,7994,21,80491,1
20261002T131313Z-8321cfc,s22,last-input,8000,17,0,0
20261002T131313Z-8321cfc,s22,rule,7993,13,0,0
20261002T131313Z-8321cfc,s22,summary,7993,13,80141,1
20261002T131313Z-8321cfc,s24,last-input,7997,20,0,0
20261002T131313Z-8321cfc,s24,rule,8000,17,0,0
20261002T131313Z-8321cfc,s24,summary,8000,17,81824,1
20261002T131313Z-8321cfc,s20,last-input,7996,24,0,0
20261002T131313Z-8321cfc,s20,rule,8000,21,0,0
20261002T131313Z-8321cfc,s20,summary,8000,21,74989,1
20261002T131313Z-8321cfc,s19,last-input,7998,19,0,0
20261002T131313Z-8321cfc,s19,rule,7999,22,0,0
20261002T131313Z-8321cfc,s19,summary,7999,22,80331,1
20261002T131313Z-8321cfc,s09,last-input,8000,20,0,0
20261002T131313Z-8321cfc,s09,rule,7999,23,0,0
20261002T131313Z-8321cfc,s09,summary,7999,23,71921,1
