scenario,target,condition,exact,ready,cost_usd
1,1,packet,1,1,0.122102
2,2,packet,1,1,0.122034
3,3,packet,1,1,0.121846
4,4,packet,1,1,0.122136
5,5,packet,1,1,0.121888
6,6,packet,1,1,0.121892
7,7,packet,1,1,0.12207
8,8,packet,1,1,0.122034
9,1,packet,1,1,0.121838
10,2,packet,1,1,0.12227
11,3,packet,1,1,0.122114
12,4,packet,1,1,0.12218799999999999
13,5,packet,1,1,0.121984
14,6,packet,1,1,0.12221000000000001
15,7,packet,1,1,0.122388
16,8,packet,1,1,0.122112
17,1,packet,1,1,0.122198
18,2,packet,1,1,0.122394
19,3,packet,1,1,0.12229799999999999
20,4,packet,1,1,0.12225
21,5,packet,1,1,0.12210599999999999
22,6,packet,1,1,0.122164
23,7,packet,1,1,0.122366
24,8,packet,1,1,0.122238
25,1,packet,1,1,0.12208
26,2,packet,1,1,0.122462
27,3,packet,1,1,0.12221599999999999
28,4,packet,1,1,0.122232
29,5,packet,1,1,0.122282
30,6,packet,1,1,0.12224600000000001
31,7,packet,1,1,0.122192
32,8,packet,1,1,0.12232
33,1,packet,1,1,0.122392
34,2,packet,1,1,0.122178
35,3,packet,1,1,0.12249
36,4,packet,1,1,0.122128
37,5,packet,1,1,0.122222
38,6,packet,1,1,0.122432
39,7,packet,1,1,0.12225
40,8,packet,1,1,0.122184
41,1,packet,1,1,0.122348
42,2,packet,1,1,0.122112
43,3,packet,1,1,0.12238399999999999
44,4,packet,1,1,0.122366
45,5,packet,1,1,0.122224
46,6,packet,1,1,0.122174
47,7,packet,1,1,0.122382
48,8,packet,1,1,0.1224
