scenario,target,condition,exact,input_tokens,cost_usd
1,1,fast,0,11880,0.043327
1,1,native,1,16256,0.110948
2,2,fast,0,11846,0.041321
2,2,native,1,16725,0.125024
3,3,fast,0,11827,0.040555
3,3,native,1,16688,0.123656
4,4,fast,0,11858,0.040629
4,4,native,1,16747,0.0981184
5,5,fast,0,11835,0.043127
5,5,native,1,16614,0.0971182
6,6,fast,0,11858,0.041749
6,6,native,1,16618,0.0920456
7,7,fast,1,11912,0.040845
7,7,native,1,16592,0.0930594
8,8,fast,1,11919,0.040343
8,8,native,1,16793,0.0989114
9,1,fast,0,11880,0.041387
9,1,native,1,16694,0.091664
10,2,fast,0,11896,0.041411
10,2,native,1,16784,0.0998236
11,3,fast,0,11898,0.041169
11,3,native,1,16570,0.0939414
12,4,fast,0,11911,0.041021
12,4,native,1,16713,0.0971742
13,5,fast,0,11921,0.043031
13,5,native,1,16745,0.0963634
14,6,fast,0,11911,0.041131
14,6,native,1,16623,0.0951442
15,7,fast,1,12034,0.041193
15,7,native,1,16783,0.0936478
16,8,fast,1,11870,0.039427
16,8,native,1,16716,0.0937752
17,1,fast,0,11961,0.042451
17,1,native,1,16775,0.0974086
18,2,fast,0,11939,0.041163
18,2,native,1,16745,0.0981174
19,3,fast,0,11887,0.040325
19,3,native,1,16472,0.0887444
20,4,fast,0,11882,0.041255
20,4,native,1,16823,0.0990976
21,5,fast,0,11905,0.041537
21,5,native,1,16747,0.1013128
22,6,fast,0,11936,0.041321
22,6,native,1,16861,0.0991928
23,7,fast,1,11924,0.039633
23,7,native,1,16751,0.0950578
24,8,fast,1,11904,0.040093
24,8,native,1,16795,0.0951656
25,1,fast,0,11913,0.041069
25,1,native,1,16700,0.095643
26,2,fast,0,11908,0.041629
26,2,native,1,16805,0.0990092
27,3,fast,0,11916,0.041851
27,3,native,1,16916,0.0999654
28,4,fast,0,11921,0.041741
28,4,native,1,16847,0.1003954
29,5,fast,0,11913,0.043579
29,5,native,1,16809,0.0955748
30,6,fast,0,11910,0.041197
30,6,native,1,16720,0.0940682
31,7,fast,1,11943,0.039719
31,7,native,1,16630,0.0952638
32,8,fast,1,11943,0.039719
32,8,native,1,16785,0.0977688
33,1,fast,0,12140,0.042287
33,1,native,1,16929,0.0994574
34,2,fast,0,11949,0.041323
34,2,native,1,16841,0.0998498
35,3,fast,0,11984,0.043273
35,3,native,1,16756,0.0966182
36,4,fast,0,11937,0.041725
36,4,native,1,16805,0.1000382
37,5,fast,0,11982,0.041725
37,5,native,1,16897,0.0980488
38,6,fast,0,11969,0.041053
38,6,native,1,16844,0.0977106
39,7,fast,1,11993,0.040569
39,7,native,1,16706,0.0952618
40,8,fast,1,11924,0.040703
40,8,native,1,16759,0.096169
41,1,fast,0,11970,0.041377
41,1,native,1,16807,0.0953794
42,2,fast,0,11962,0.041585
42,2,native,1,16600,0.0935886
43,3,fast,0,11952,0.041115
43,3,native,1,16661,0.0970342
44,4,fast,0,12011,0.042411
44,4,native,1,16706,0.091485
45,5,fast,0,12065,0.042687
45,5,native,1,16970,0.1030804
46,6,fast,0,11993,0.041599
46,6,native,1,16764,0.0962262
47,7,fast,1,12015,0.040677
47,7,native,1,16901,0.0968056
48,8,fast,1,11982,0.039875
48,8,native,1,16681,0.0969872
