condition,category,n,correct,accuracy,ci95_low,ci95_high
baseline,constraint,50,50,1.0,0.928652,1.0
baseline,indirect-constraint,100,73,0.73,0.635679,0.807304
baseline,indirect-request,100,76,0.76,0.667677,0.833087
baseline,mixed,30,28,0.933333,0.786765,0.981523
baseline,request,70,66,0.942857,0.86208,0.977556
flag,constraint,50,49,0.98,0.895046,0.996461
flag,indirect-constraint,100,69,0.69,0.593739,0.772203
flag,indirect-request,100,81,0.81,0.722212,0.874852
flag,mixed,30,28,0.933333,0.786765,0.981523
flag,request,70,69,0.985714,0.923418,0.997474
flag_text,constraint,50,49,0.98,0.895046,0.996461
flag_text,indirect-constraint,100,54,0.54,0.442649,0.634392
flag_text,indirect-request,100,84,0.84,0.755797,0.899047
flag_text,mixed,30,28,0.933333,0.786765,0.981523
flag_text,request,70,68,0.971429,0.901677,0.992129
oracle_flag,constraint,50,50,1.0,0.928652,1.0
oracle_flag,indirect-constraint,100,70,0.7,0.604151,0.781051
oracle_flag,indirect-request,100,82,0.82,0.733326,0.882998
oracle_flag,mixed,30,28,0.933333,0.786765,0.981523
oracle_flag,request,70,68,0.971429,0.901677,0.992129
flag_hint,constraint,50,11,0.22,0.127539,0.352415
flag_hint,indirect-constraint,100,96,0.96,0.901629,0.984337
flag_hint,indirect-request,100,95,0.95,0.88825,0.978456
flag_hint,mixed,30,13,0.433333,0.273775,0.608027
flag_hint,request,70,70,1.0,0.947977,1.0
