low,high,positives,n,precision,ci_low,ci_high,half_width,target_met
0.0,0.1,0,49,0.0,0,0.07270029673590504,0.03635014836795252,True
0.1,0.2,0,107,0.0,0,0.03465846757895952,0.01732923378947976,True
0.2,0.3,0,37,0.0,0,0.09406095745514377,0.047030478727571885,True
0.3,0.4,3,36,0.08333333333333333,0.0287480892712918,0.21827010276918848,0.09476100674894834,True
0.4,0.5,10,48,0.20833333333333334,0.11730147795889813,0.3425917352135348,0.11264512862731833,False
0.5,0.6,21,58,0.3620689655172414,0.25054734348500335,0.4907271384171466,0.12008989746607164,False
0.6,0.7,43,100,0.43,0.3373313900052838,0.5278478830413564,0.09525824651803634,True
0.7,0.8,67,102,0.6568627450980392,0.5605422456017035,0.7417963433841017,0.09062704889119909,True
0.8,0.9,224,246,0.9105691056910569,0.8683120256153325,0.9402002477610787,0.03594411107287314,True
0.9,1.0,46,47,0.9787234042553191,0.8888676347566887,0.9962343289895351,0.05368334711642324,True
