threshold,n,tp,fp,fn,tn,precision,precision_low,precision_high,recall,f1,ask_rate
0.5,834,401,152,13,268,0.7251356238698011,0.6864682666659992,0.7606966003266967,0.9685990338164251,0.8293691830403309,0.0
0.55,834,391,136,23,284,0.7419354838709677,0.7029196802643695,0.7774496050365566,0.9444444444444444,0.8310308182784272,0.031149301825993556
0.6,834,380,115,34,305,0.7676767676767676,0.7284976788560801,0.8027330765580633,0.9178743961352657,0.8360836083608361,0.06981740064446831
0.65,834,353,80,61,340,0.815242494226328,0.7759700777605918,0.8489704040982788,0.8526570048309179,0.833530106257379,0.14822771213748656
0.7,834,337,58,77,362,0.8531645569620253,0.8148601237141676,0.8846657030802288,0.8140096618357487,0.8331273176761433,0.19978517722878625
0.75,834,306,35,108,385,0.8973607038123167,0.8605974189980532,0.925270643323894,0.7391304347826086,0.8105960264900662,0.2706766917293233
0.8,834,270,23,144,397,0.9215017064846417,0.884967839455705,0.9471257754554128,0.6521739130434783,0.7637906647807637,0.3297529538131042
0.85,834,218,9,196,411,0.960352422907489,0.926379094923259,0.9790036437165702,0.5265700483091788,0.6801872074882995,0.4113856068743287
0.9,834,46,1,368,419,0.9787234042553191,0.8888676347566887,0.9962343289895351,0.1111111111111111,0.19956616052060738,0.6100966702470462
0.95,834,4,0,410,420,1.0,0.5100999795960008,1,0.00966183574879227,0.019138755980861243,0.6562835660580022
