cohort,condition,threshold,operation,tp,predicted,gold,precision,recall,precision_lower,precision_upper,recall_lower,recall_upper
original,C0,0.5,replace,2,542,2,0.0036900369003690036,1.0,0.0010125039678477244,0.013353568533771794,0.34237195288961925,1
original,C0,0.5,release,0,226,0,0.0,,0,0.01671411963717621,,
original,C0,0.55,replace,2,536,2,0.0037313432835820895,1.0,0.0010238445852804772,0.013501897780628339,0.34237195288961925,1
original,C0,0.55,release,0,128,0,0.0,,0,0.02913799589810803,,
original,C0,0.6,replace,2,493,2,0.004056795131845842,1.0,0.00111320212747135,0.014669695278864994,0.34237195288961925,1
original,C0,0.6,release,0,59,0,0.0,,0,0.061131479784092065,,
original,C0,0.65,replace,2,421,2,0.004750593824228029,1.0,0.001303725071028463,0.01715397775280046,0.34237195288961925,1
original,C0,0.65,release,0,32,0,0.0,,0,0.1071827150573635,,
original,C0,0.7,replace,2,334,2,0.005988023952095809,1.0,0.00164363662491754,0.02156724089875036,0.34237195288961925,1
original,C0,0.7,release,0,17,0,0.0,,0,0.18432366037156456,,
original,C0,0.75,replace,2,240,2,0.008333333333333333,1.0,0.002288235363161974,0.029870346273441456,0.34237195288961925,1
original,C0,0.75,release,0,6,0,0.0,,0,0.3903430336530645,,
original,C0,0.8,replace,1,153,2,0.006535947712418301,0.5,0.0011546587784428824,0.036090561877301516,0.09452865480086614,0.9054713451991339
original,C0,0.8,release,0,2,0,0.0,,0,0.6576280471103807,,
original,C0,0.85,replace,1,57,2,0.017543859649122806,0.5,0.003103584706680096,0.09290966938262721,0.09452865480086614,0.9054713451991339
original,C0,0.85,release,0,0,0,,,,,,
original,C0,0.9,replace,0,7,2,0.0,0.0,0,0.35433884297520657,0,0.6576280471103807
original,C0,0.9,release,0,0,0,,,,,,
original,C0,0.95,replace,0,1,2,0.0,0.0,0,0.7934567085261071,0,0.6576280471103807
original,C0,0.95,release,0,0,0,,,,,,
original,C1,0.5,replace,2,624,2,0.003205128205128205,1.0,0.0008793838409447592,0.011610390649945937,0.34237195288961925,1
original,C1,0.5,release,0,169,0,0.0,,0,0.022226130746301812,,
original,C1,0.55,replace,2,545,2,0.003669724770642202,1.0,0.0010069273510611631,0.013280619365514258,0.34237195288961925,1
original,C1,0.55,release,0,103,0,0.0,,0,0.03595603210734395,,
original,C1,0.6,replace,2,470,2,0.00425531914893617,1.0,0.0011677142591651766,0.015381275951909579,0.34237195288961925,1
original,C1,0.6,release,0,52,0,0.0,,0,0.06879459041288215,,
original,C1,0.65,replace,2,368,2,0.005434782608695652,1.0,0.001491649624352994,0.019596899908566397,0.34237195288961925,1
original,C1,0.65,release,0,24,0,0.0,,0,0.13798057582897535,,
original,C1,0.7,replace,2,280,2,0.007142857142857143,1.0,0.001960978526654814,0.02566569776040107,0.34237195288961925,1
original,C1,0.7,release,0,9,0,0.0,,0,0.2991527535509594,,
original,C1,0.75,replace,2,200,2,0.01,1.0,0.0027466006037749346,0.03572248519617954,0.34237195288961925,1
original,C1,0.75,release,0,4,0,0.0,,0,0.48990002040399916,,
original,C1,0.8,replace,2,127,2,0.015748031496062992,1.0,0.00432926528219783,0.05560274410931068,0.34237195288961925,1
original,C1,0.8,release,0,3,0,0.0,,0,0.5615060804490177,,
original,C1,0.85,replace,2,70,2,0.02857142857142857,1.0,0.007870446893806289,0.09832443512391814,0.34237195288961925,1
original,C1,0.85,release,0,0,0,,,,,,
original,C1,0.9,replace,1,20,2,0.05,0.5,0.008881219432873136,0.23613589351256675,0.09452865480086614,0.9054713451991339
original,C1,0.9,release,0,0,0,,,,,,
original,C1,0.95,replace,0,0,2,,0.0,,,0,0.6576280471103807
original,C1,0.95,release,0,0,0,,,,,,
original,C2,0.5,replace,0,1269,2,0.0,0.0,0,0.0030181288857938013,0,0.6576280471103807
original,C2,0.5,release,0,393,0,0.0,,0,0.009680436728407503,,
original,C2,0.55,replace,0,1240,2,0.0,0.0,0,0.0030884961557806076,0,0.6576280471103807
original,C2,0.55,release,0,188,0,0.0,,1.734723475976807e-18,0.020024853837749476,,
original,C2,0.6,replace,0,1106,2,0.0,0.0,0,0.003461394851301303,0,0.6576280471103807
original,C2,0.6,release,0,75,0,0.0,,0,0.04872554590470005,,
original,C2,0.65,replace,0,944,2,0.0,0.0,0,0.004052997884878654,0,0.6576280471103807
original,C2,0.65,release,0,26,0,0.0,,0,0.12873304380462175,,
original,C2,0.7,replace,0,746,2,0.0,0.0,0,0.0051232153564166084,0,0.6576280471103807
original,C2,0.7,release,0,12,0,0.0,,0,0.2425007574992425,,
original,C2,0.75,replace,0,566,2,0.0,0.0,0,0.0067415225564437554,0,0.6576280471103807
original,C2,0.75,release,0,4,0,0.0,,0,0.48990002040399916,,
original,C2,0.8,replace,0,367,2,0.0,0.0,0,0.010359139859174374,0,0.6576280471103807
original,C2,0.8,release,0,3,0,0.0,,0,0.5615060804490177,,
original,C2,0.85,replace,0,179,2,0.0,0.0,1.734723475976807e-18,0.021010535895551116,0,0.6576280471103807
original,C2,0.85,release,0,0,0,,,,,,
original,C2,0.9,replace,0,29,2,0.0,0.0,0,0.11697359446555587,0,0.6576280471103807
original,C2,0.9,release,0,0,0,,,,,,
original,C2,0.95,replace,0,1,2,0.0,0.0,0,0.7934567085261071,0,0.6576280471103807
original,C2,0.95,release,0,0,0,,,,,,
original,C3,0.5,replace,0,460,2,0.0,0.0,0,0.008282137695282184,0,0.6576280471103807
original,C3,0.5,release,0,104,0,0.0,,0,0.03562261687512055,,
original,C3,0.55,replace,0,344,2,0.0,0.0,0,0.011044107432808497,0,0.6576280471103807
original,C3,0.55,release,0,29,0,0.0,,0,0.11697359446555587,,
original,C3,0.6,replace,0,266,2,0.0,0.0,0,0.014236500228282073,0,0.6576280471103807
original,C3,0.6,release,0,5,0,0.0,,0,0.43449149475208104,,
original,C3,0.65,replace,0,189,2,0.0,0.0,0,0.019921012893483563,0,0.6576280471103807
original,C3,0.65,release,0,2,0,0.0,,0,0.6576280471103807,,
original,C3,0.7,replace,0,129,2,0.0,0.0,0,0.028918651988533713,0,0.6576280471103807
original,C3,0.7,release,0,2,0,0.0,,0,0.6576280471103807,,
original,C3,0.75,replace,0,73,2,0.0,0.0,0,0.04999375338358389,0,0.6576280471103807
original,C3,0.75,release,0,2,0,0.0,,0,0.6576280471103807,,
original,C3,0.8,replace,0,25,2,0.0,0.0,0,0.13319649395317873,0,0.6576280471103807
original,C3,0.8,release,0,0,0,,,,,,
original,C3,0.85,replace,0,5,2,0.0,0.0,0,0.43449149475208104,0,0.6576280471103807
original,C3,0.85,release,0,0,0,,,,,,
original,C3,0.9,replace,0,3,2,0.0,0.0,0,0.5615060804490177,0,0.6576280471103807
original,C3,0.9,release,0,0,0,,,,,,
original,C3,0.95,replace,0,0,2,,0.0,,,0,0.6576280471103807
original,C3,0.95,release,0,0,0,,,,,,
extension,C1,0.5,replace,0,1,0,0.0,,0,0.7934567085261071,,
extension,C1,0.5,release,0,0,0,,,,,,
extension,C1,0.55,replace,0,0,0,,,,,,
extension,C1,0.55,release,0,0,0,,,,,,
extension,C1,0.6,replace,0,0,0,,,,,,
extension,C1,0.6,release,0,0,0,,,,,,
extension,C1,0.65,replace,0,0,0,,,,,,
extension,C1,0.65,release,0,0,0,,,,,,
extension,C1,0.7,replace,0,0,0,,,,,,
extension,C1,0.7,release,0,0,0,,,,,,
extension,C1,0.75,replace,0,0,0,,,,,,
extension,C1,0.75,release,0,0,0,,,,,,
extension,C1,0.8,replace,0,0,0,,,,,,
extension,C1,0.8,release,0,0,0,,,,,,
extension,C1,0.85,replace,0,0,0,,,,,,
extension,C1,0.85,release,0,0,0,,,,,,
extension,C1,0.9,replace,0,0,0,,,,,,
extension,C1,0.9,release,0,0,0,,,,,,
extension,C1,0.95,replace,0,0,0,,,,,,
extension,C1,0.95,release,0,0,0,,,,,,
extension,C2,0.5,replace,0,1,0,0.0,,0,0.7934567085261071,,
extension,C2,0.5,release,0,0,0,,,,,,
extension,C2,0.55,replace,0,0,0,,,,,,
extension,C2,0.55,release,0,0,0,,,,,,
extension,C2,0.6,replace,0,0,0,,,,,,
extension,C2,0.6,release,0,0,0,,,,,,
extension,C2,0.65,replace,0,0,0,,,,,,
extension,C2,0.65,release,0,0,0,,,,,,
extension,C2,0.7,replace,0,0,0,,,,,,
extension,C2,0.7,release,0,0,0,,,,,,
extension,C2,0.75,replace,0,0,0,,,,,,
extension,C2,0.75,release,0,0,0,,,,,,
extension,C2,0.8,replace,0,0,0,,,,,,
extension,C2,0.8,release,0,0,0,,,,,,
extension,C2,0.85,replace,0,0,0,,,,,,
extension,C2,0.85,release,0,0,0,,,,,,
extension,C2,0.9,replace,0,0,0,,,,,,
extension,C2,0.9,release,0,0,0,,,,,,
extension,C2,0.95,replace,0,0,0,,,,,,
extension,C2,0.95,release,0,0,0,,,,,,
extension,C3,0.5,replace,0,2,0,0.0,,0,0.6576280471103807,,
extension,C3,0.5,release,0,0,0,,,,,,
extension,C3,0.55,replace,0,1,0,0.0,,0,0.7934567085261071,,
extension,C3,0.55,release,0,0,0,,,,,,
extension,C3,0.6,replace,0,0,0,,,,,,
extension,C3,0.6,release,0,0,0,,,,,,
extension,C3,0.65,replace,0,0,0,,,,,,
extension,C3,0.65,release,0,0,0,,,,,,
extension,C3,0.7,replace,0,0,0,,,,,,
extension,C3,0.7,release,0,0,0,,,,,,
extension,C3,0.75,replace,0,0,0,,,,,,
extension,C3,0.75,release,0,0,0,,,,,,
extension,C3,0.8,replace,0,0,0,,,,,,
extension,C3,0.8,release,0,0,0,,,,,,
extension,C3,0.85,replace,0,0,0,,,,,,
extension,C3,0.85,release,0,0,0,,,,,,
extension,C3,0.9,replace,0,0,0,,,,,,
extension,C3,0.9,release,0,0,0,,,,,,
extension,C3,0.95,replace,0,0,0,,,,,,
extension,C3,0.95,release,0,0,0,,,,,,
