condition,replicate,late_acted,late_acted_wrong,late_wrong_rate,late_threshold_mean,late_window_range,late_wrong_signals,late_missed_signals,late_asks,restarts,late_restarts,late_frozen_blocks,frozen_final
asked-10,0,1791,141,0.078727,0.83771,0.006005,12,55,188,2,1,0,0
asked-10,1,1694,140,0.082645,0.843717,0.004324,12,78,210,1,0,0,0
asked-10,2,1796,153,0.085189,0.835066,0.006658,12,57,211,3,0,0,0
asked-10,3,1752,132,0.075342,0.840559,0.003717,10,47,181,3,1,0,0
asked-10,4,1830,160,0.087432,0.826421,0.006683,12,58,185,4,1,0,0
asked-10,5,1735,116,0.066859,0.838907,0.002847,9,60,164,1,1,0,0
asked-10,6,1868,164,0.087794,0.832412,0.004546,11,62,185,2,1,0,0
asked-10,7,1845,159,0.086179,0.835924,0.003796,6,62,182,1,0,0,0
asked-10,8,1819,167,0.091809,0.831454,0.007301,12,73,206,5,2,0,0
asked-10,9,1696,157,0.092571,0.842214,0.00328,11,62,176,1,0,0,0
asked-10,10,1818,163,0.089659,0.833692,0.006824,8,59,205,4,2,0,0
asked-10,11,1793,144,0.080312,0.8373,0.006047,11,51,176,4,2,0,0
asked-10,12,1781,137,0.076923,0.83941,0.00513,10,59,188,2,1,0,0
asked-10,13,1890,160,0.084656,0.830564,0.005113,9,54,196,2,1,0,0
asked-10,14,1796,122,0.067929,0.832154,0.003942,7,57,187,1,1,0,0
asked-10,15,1802,154,0.085461,0.831848,0.005192,11,70,187,2,1,0,0
asked-10,16,1767,137,0.077533,0.832926,0.005175,13,49,173,2,1,0,0
asked-10,17,1900,165,0.086842,0.825131,0.007619,11,67,199,3,1,0,0
asked-10,18,1731,130,0.075101,0.838882,0.004973,11,60,187,2,1,0,0
asked-10,19,1910,173,0.090576,0.825912,0.006106,9,63,186,3,1,0,0
asked-10,20,1825,145,0.079452,0.826981,0.00821,13,60,203,2,1,0,0
asked-10,21,1802,148,0.082131,0.83562,0.005573,15,53,184,3,0,0,0
asked-10,22,1924,170,0.088358,0.827919,0.003951,8,55,167,2,1,0,0
asked-10,23,2073,190,0.091655,0.807026,0.008089,6,56,184,4,1,0,0
asked-10,24,1795,161,0.089694,0.836411,0.00542,13,56,189,3,2,0,0
asked-10,25,1870,144,0.077005,0.826209,0.004843,10,64,183,1,1,0,0
asked-10,26,1804,149,0.082594,0.83235,0.006071,9,57,161,3,0,0,0
asked-10,27,1730,144,0.083237,0.83876,0.003172,7,51,159,2,0,0,0
asked-10,28,1763,167,0.094725,0.841802,0.004146,13,60,189,1,1,0,0
asked-10,29,1929,172,0.089165,0.827413,0.003232,6,49,170,1,0,0,0
asked-10,30,2035,183,0.089926,0.812544,0.003903,4,53,190,1,0,0,0
asked-10,31,1793,164,0.091467,0.835475,0.008592,14,68,192,3,2,0,0
asked-10,32,1862,154,0.082707,0.82886,0.00477,8,65,189,2,1,0,0
asked-10,33,1771,153,0.086392,0.835,0.004907,11,68,187,1,0,0,0
asked-10,34,1814,146,0.080485,0.838013,0.005289,16,54,205,3,2,0,0
asked-10,35,1781,154,0.086468,0.836244,0.005568,9,63,186,2,1,0,0
asked-10,36,1772,143,0.0807,0.83796,0.005507,9,50,174,2,1,0,0
asked-10,37,1753,139,0.079293,0.837902,0.003653,9,66,217,0,0,0,0
asked-10,38,1889,155,0.082054,0.831145,0.006223,9,70,200,1,1,0,0
asked-10,39,1786,147,0.082307,0.836124,0.005012,7,72,191,1,0,0,0
asked-10,40,1754,150,0.085519,0.84081,0.004739,16,53,202,2,1,0,0
asked-10,41,1764,147,0.083333,0.841087,0.003313,9,63,187,1,0,0,0
asked-10,42,1798,176,0.097887,0.83631,0.00646,15,63,199,4,1,0,0
asked-10,43,1805,167,0.092521,0.838444,0.005824,11,53,165,2,1,0,0
asked-10,44,1714,130,0.075846,0.839967,0.003431,10,59,184,3,0,0,0
asked-10,45,1891,165,0.087255,0.825281,0.006831,10,62,189,2,1,0,0
asked-10,46,1837,156,0.084921,0.828929,0.00635,15,41,177,5,2,0,0
asked-10,47,1758,155,0.088168,0.833345,0.005596,7,60,172,1,0,0,0
asked-10,48,1949,169,0.086711,0.816995,0.004183,5,58,184,1,0,0,0
asked-10,49,1758,149,0.084755,0.837669,0.004261,8,51,187,2,1,0,0
asked-10,50,1706,146,0.08558,0.841154,0.004722,13,53,175,2,1,0,0
asked-10,51,1750,148,0.084571,0.842776,0.002194,9,63,181,0,0,11,1
asked-10,52,1787,158,0.088416,0.835928,0.006822,13,65,189,2,2,0,0
asked-10,53,1761,162,0.091993,0.837606,0.005914,12,46,176,3,2,0,0
asked-10,54,1754,147,0.083808,0.834641,0.006464,13,72,209,2,1,0,0
asked-10,55,1780,151,0.084831,0.836306,0.004541,7,48,171,2,1,0,0
asked-10,56,1762,124,0.070375,0.834258,0.004622,10,82,202,2,1,0,0
asked-10,57,1835,162,0.088283,0.832284,0.007805,12,61,192,3,2,0,0
asked-10,58,1834,171,0.093239,0.83064,0.004919,7,59,184,2,0,0,0
asked-10,59,1801,151,0.083842,0.833298,0.003413,6,60,172,1,0,0,0
asked-10,60,1858,154,0.082885,0.833042,0.002602,5,57,187,1,0,0,0
asked-10,61,1973,166,0.084136,0.817464,0.003633,5,57,163,1,0,0,0
asked-10,62,1815,151,0.083196,0.834306,0.001933,4,43,164,0,0,0,0
asked-10,63,1797,164,0.091263,0.838759,0.006784,12,65,189,3,1,0,0
asked-10,64,1769,140,0.079141,0.837662,0.005542,11,62,206,1,1,0,0
asked-10,65,1881,158,0.083998,0.827275,0.006834,11,65,202,2,1,0,0
asked-10,66,1743,162,0.092943,0.840481,0.006266,15,63,191,3,2,0,0
asked-10,67,1920,188,0.097917,0.819744,0.006227,11,59,202,3,1,0,0
asked-10,68,1756,130,0.074032,0.83608,0.006917,10,77,195,2,1,0,0
asked-10,69,1697,141,0.083088,0.844155,0.002866,11,56,170,2,0,0,0
asked-10,70,1958,175,0.089377,0.816932,0.004555,5,51,171,2,0,0,0
asked-10,71,1896,172,0.090717,0.824283,0.007555,6,58,186,4,1,0,0
asked-10,72,1806,140,0.077519,0.831679,0.003378,7,61,198,1,1,0,0
asked-10,73,1853,158,0.085267,0.835943,0.005441,11,55,202,2,2,0,0
asked-10,74,1748,139,0.079519,0.840555,0.002073,6,49,179,0,0,0,0
asked-10,75,1737,142,0.08175,0.837684,0.002557,7,55,191,1,0,0,0
asked-10,76,1814,134,0.07387,0.834642,0.005854,10,72,224,3,1,0,0
asked-10,77,1735,142,0.081844,0.836824,0.005397,10,64,163,4,0,0,0
asked-10,78,1858,171,0.092034,0.830914,0.006995,15,57,184,3,1,0,0
asked-10,79,1781,163,0.091522,0.830365,0.009311,14,54,192,4,3,0,0
asked-10,80,1788,169,0.094519,0.83386,0.006568,17,64,220,2,2,0,0
asked-10,81,1812,175,0.096578,0.832992,0.005971,11,60,185,1,1,0,0
asked-10,82,1783,144,0.080763,0.844212,0.003008,11,71,207,0,0,0,0
asked-10,83,1790,189,0.105587,0.835169,0.007844,13,70,208,3,1,0,0
asked-10,84,1831,166,0.090661,0.833426,0.005408,10,63,192,1,0,0,0
asked-10,85,1779,170,0.095559,0.839834,0.005264,10,71,187,1,1,0,0
asked-10,86,1803,158,0.087632,0.834025,0.00574,8,55,160,3,1,0,0
asked-10,87,1795,141,0.078552,0.840038,0.00593,11,60,180,3,0,0,0
asked-10,88,1684,134,0.079572,0.842938,0.002551,7,61,165,0,0,0,0
asked-10,89,1862,169,0.090763,0.837392,0.004364,10,57,190,2,1,0,0
asked-10,90,1851,145,0.078336,0.8277,0.003636,7,69,208,1,0,0,0
asked-10,91,1849,169,0.091401,0.82592,0.004976,5,40,157,1,1,0,0
asked-10,92,1854,135,0.072816,0.836152,0.004068,11,54,200,2,1,0,0
asked-10,93,1870,173,0.092513,0.830807,0.005106,10,58,204,3,0,0,0
asked-10,94,1608,126,0.078358,0.844917,0.003257,10,55,171,1,0,0,0
asked-10,95,1957,163,0.083291,0.82354,0.006771,6,55,184,1,1,0,0
asked-10,96,1768,148,0.08371,0.837474,0.005264,10,51,174,1,1,0,0
asked-10,97,1808,143,0.079093,0.828742,0.005936,10,62,198,3,0,0,0
asked-10,98,1833,143,0.078014,0.834452,0.003957,8,50,177,1,0,0,0
asked-10,99,1709,145,0.084845,0.836448,0.003359,8,61,195,1,0,0,0
asked-3,0,2111,55,0.026054,0.797079,0.005719,4,60,171,2,1,0,0
asked-3,1,2314,90,0.038894,0.766478,0.002917,4,59,194,0,0,0,0
asked-3,2,2169,64,0.029507,0.786204,0.005658,4,55,185,1,1,0,0
asked-3,3,2313,82,0.035452,0.767462,0.002212,3,50,157,0,0,0,0
asked-3,4,2109,70,0.033191,0.795873,0.002338,3,64,176,1,0,0,0
asked-3,5,2241,65,0.029005,0.775152,0.002781,4,64,160,0,0,0,0
asked-3,6,2014,59,0.029295,0.815287,0.005697,5,73,184,2,1,0,0
asked-3,7,2294,72,0.031386,0.78293,0.002953,5,50,164,0,0,0,0
asked-3,8,2194,57,0.02598,0.789984,0.008458,4,81,196,1,1,0,0
asked-3,9,2119,73,0.03445,0.785605,0.00301,2,53,168,1,0,0,0
asked-3,10,2271,82,0.036107,0.777146,0.002762,4,59,196,0,0,0,0
asked-3,11,2144,66,0.030784,0.797991,0.005373,6,50,168,2,1,0,0
asked-3,12,2306,89,0.038595,0.773219,0.006773,7,67,176,2,1,0,0
asked-3,13,2099,66,0.031444,0.8029,0.005176,5,56,194,1,0,0,0
asked-3,14,2033,44,0.021643,0.803792,0.002865,4,56,172,0,0,0,0
asked-3,15,2358,86,0.036472,0.764925,0.003318,5,56,169,1,0,0,0
asked-3,16,2339,71,0.030355,0.758855,0.002137,2,63,163,1,0,0,0
asked-3,17,2250,76,0.033778,0.780357,0.005459,4,74,193,1,1,0,0
asked-3,18,2123,57,0.026849,0.792891,0.00448,6,68,184,1,0,0,0
asked-3,19,2073,57,0.027496,0.808806,0.002682,2,73,185,0,0,0,0
asked-3,20,2260,66,0.029204,0.772423,0.007501,6,70,178,1,1,0,0
asked-3,21,2154,60,0.027855,0.792274,0.006164,7,59,170,1,1,0,0
asked-3,22,2474,76,0.030719,0.75646,0.001296,2,46,149,0,0,0,0
asked-3,23,2258,71,0.031444,0.781401,0.005123,3,62,176,1,0,0,0
asked-3,24,1958,60,0.030644,0.817522,0.008225,9,61,181,2,2,0,0
asked-3,25,2358,86,0.036472,0.765779,0.002907,4,57,174,0,0,0,0
asked-3,26,2322,77,0.033161,0.768748,0.003223,4,63,152,0,0,0,0
asked-3,27,2189,67,0.030608,0.7867,0.001959,1,52,143,1,0,0,0
asked-3,28,1906,65,0.034103,0.827928,0.003453,6,70,188,0,0,0,0
asked-3,29,2356,83,0.035229,0.77266,0.003633,4,50,155,1,0,0,0
asked-3,30,2445,80,0.03272,0.755489,0.001275,2,43,163,0,0,0,0
asked-3,31,2462,92,0.037368,0.752096,0.000959,2,58,182,0,0,0,0
asked-3,32,2214,70,0.031617,0.788888,0.002929,4,74,177,0,0,0,0
asked-3,33,2298,79,0.034378,0.770386,0.005432,4,66,186,1,1,0,0
asked-3,34,2254,59,0.026176,0.783374,0.002748,2,60,187,0,0,0,0
asked-3,35,2345,77,0.032836,0.758846,0.002189,2,51,156,0,0,0,0
asked-3,36,2188,65,0.029707,0.789349,0.003482,6,60,165,1,0,0,0
asked-3,37,2139,58,0.027115,0.79007,0.006844,3,67,195,1,1,0,0
asked-3,38,2376,71,0.029882,0.767067,0.002428,2,62,170,0,0,0,0
asked-3,39,2319,75,0.032342,0.771752,0.003212,3,67,182,0,0,0,0
asked-3,40,2142,61,0.028478,0.796536,0.007085,6,59,189,1,0,0,0
asked-3,41,2304,78,0.033854,0.770123,0.004083,5,66,171,1,0,0,0
asked-3,42,2322,106,0.04565,0.770143,0.002479,2,57,166,1,0,0,0
asked-3,43,2297,79,0.034393,0.776121,0.007604,6,57,162,2,2,0,0
asked-3,44,2191,64,0.02921,0.780972,0.002902,2,50,163,2,0,0,0
asked-3,45,2370,81,0.034177,0.762077,0.002703,5,53,165,0,0,0,0
asked-3,46,2134,79,0.03702,0.791848,0.004468,5,52,168,1,0,0,0
asked-3,47,2320,77,0.03319,0.764083,0.002976,5,51,159,0,0,0,0
asked-3,48,2373,66,0.027813,0.765457,0.002733,3,59,179,0,0,0,0
asked-3,49,2138,79,0.03695,0.789955,0.006851,5,63,179,1,1,0,0
asked-3,50,2029,58,0.028586,0.802134,0.002832,3,59,166,0,0,0,0
asked-3,51,2153,72,0.033442,0.798535,0.003697,5,58,169,1,0,0,0
asked-3,52,2302,72,0.031277,0.769236,0.004856,3,68,177,1,1,0,0
asked-3,53,2278,84,0.036874,0.768725,0.003902,4,65,160,1,0,0,0
asked-3,54,2108,62,0.029412,0.78925,0.005728,2,72,191,2,1,0,0
asked-3,55,2451,81,0.033048,0.753252,0.001568,3,43,147,0,0,0,0
asked-3,56,2375,69,0.029053,0.757323,0.001886,3,61,187,0,0,0,0
asked-3,57,2233,60,0.02687,0.779856,0.005883,5,59,183,2,1,0,0
asked-3,58,2381,79,0.033179,0.760956,0.002057,1,56,161,1,0,0,0
asked-3,59,2136,65,0.030431,0.79141,0.006439,4,62,163,2,1,0,0
asked-3,60,2339,77,0.03292,0.77218,0.006117,4,56,171,2,1,0,0
asked-3,61,2109,63,0.029872,0.797045,0.006249,6,58,156,2,1,0,0
asked-3,62,2439,88,0.03608,0.75,0.0,0,52,128,0,0,0,0
asked-3,63,2392,97,0.040552,0.762879,0.003018,4,56,160,0,0,0,0
asked-3,64,2176,73,0.033548,0.794327,0.004647,7,66,192,0,0,0,0
asked-3,65,2475,82,0.033131,0.754358,0.001419,2,51,170,0,0,0,0
asked-3,66,2209,76,0.034405,0.785512,0.006575,5,65,184,2,1,0,0
asked-3,67,2326,79,0.033964,0.77292,0.00276,6,59,182,0,0,0,0
asked-3,68,1927,44,0.022833,0.817584,0.004968,6,76,187,0,0,0,0
asked-3,69,2059,62,0.030112,0.802788,0.001488,0,57,166,0,0,0,0
asked-3,70,2362,70,0.029636,0.763128,0.002296,2,61,153,1,0,0,0
asked-3,71,2314,93,0.04019,0.77016,0.003158,5,54,171,1,0,0,0
asked-3,72,2192,67,0.030566,0.784853,0.007353,5,72,188,1,1,0,0
asked-3,73,2532,96,0.037915,0.753377,0.001929,3,60,183,0,0,0,0
asked-3,74,2068,58,0.028046,0.802857,0.002853,2,61,170,0,0,0,0
asked-3,75,2168,73,0.033672,0.784307,0.002932,3,75,194,1,0,0,0
asked-3,76,2410,85,0.03527,0.756233,0.002295,5,65,190,1,0,0,0
asked-3,77,2316,91,0.039292,0.766351,0.00238,4,47,149,1,0,0,0
asked-3,78,2171,71,0.032704,0.787103,0.007315,8,58,170,2,2,0,0
asked-3,79,2076,75,0.036127,0.796625,0.007162,6,60,187,1,1,0,0
asked-3,80,2211,85,0.038444,0.782938,0.003469,4,54,191,1,0,0,0
asked-3,81,2371,82,0.034585,0.757234,0.002509,3,66,162,0,0,0,0
asked-3,82,2310,93,0.04026,0.779781,0.003147,4,62,186,0,0,0,0
asked-3,83,2305,95,0.041215,0.768246,0.003631,4,67,172,1,0,0,0
asked-3,84,2170,59,0.027189,0.794407,0.008231,7,67,186,1,1,0,0
asked-3,85,2153,77,0.035764,0.795175,0.004246,6,83,181,0,0,0,0
asked-3,86,2364,86,0.036379,0.7619,0.001053,1,56,151,0,0,0,0
asked-3,87,2031,61,0.030034,0.810203,0.005722,5,68,173,1,0,0,0
asked-3,88,2010,60,0.029851,0.804353,0.006979,5,61,166,1,1,0,0
asked-3,89,2205,80,0.036281,0.792574,0.005063,5,69,171,1,1,0,0
asked-3,90,2185,72,0.032952,0.791235,0.003787,5,61,190,1,1,0,0
asked-3,91,2302,83,0.036056,0.769891,0.005838,4,52,151,1,1,0,0
asked-3,92,2350,70,0.029787,0.774845,0.002728,3,58,172,0,0,0,0
asked-3,93,2223,87,0.039136,0.789665,0.005944,4,71,200,1,0,0,0
asked-3,94,1995,55,0.027569,0.79697,0.003451,3,68,163,0,0,0,0
asked-3,95,2342,68,0.029035,0.7754,0.004873,4,53,172,1,1,0,0
asked-3,96,1993,51,0.02559,0.809112,0.003833,7,58,170,0,0,0,0
asked-3,97,2372,95,0.040051,0.759202,0.002664,6,65,194,0,0,0,0
asked-3,98,2382,71,0.029807,0.762903,0.002213,3,44,165,0,0,0,0
asked-3,99,2082,68,0.032661,0.794534,0.009207,6,59,180,2,2,0,0
asked-5,0,1833,78,0.042553,0.833241,0.00406,8,67,186,1,0,0,0
asked-5,1,1860,95,0.051075,0.825751,0.004817,8,80,204,1,0,0,0
asked-5,2,1898,83,0.04373,0.822687,0.004123,4,61,203,1,0,0,0
asked-5,3,1839,74,0.040239,0.830594,0.002481,4,62,180,0,0,0,0
asked-5,4,1974,98,0.049645,0.812456,0.002265,3,66,183,1,0,0,0
asked-5,5,1948,77,0.039528,0.811742,0.002934,5,61,165,0,0,0,0
asked-5,6,2031,98,0.048252,0.815214,0.006589,7,72,182,2,1,0,0
asked-5,7,2125,100,0.047059,0.803478,0.002213,3,56,169,0,0,0,0
asked-5,8,1979,83,0.04194,0.814623,0.006256,4,87,198,1,0,0,0
asked-5,9,1964,100,0.050916,0.806681,0.004915,4,49,168,2,1,0,0
asked-5,10,2107,118,0.056004,0.798179,0.004996,5,60,206,1,1,0,0
asked-5,11,1955,92,0.047059,0.820098,0.008494,10,57,169,3,2,0,0
asked-5,12,2082,99,0.04755,0.805268,0.003277,4,69,182,0,0,0,0
asked-5,13,1980,84,0.042424,0.8174,0.004625,4,60,196,2,0,0,0
asked-5,14,1816,55,0.030286,0.830383,0.002432,4,69,183,0,0,0,0
asked-5,15,2156,123,0.05705,0.789766,0.007721,6,62,173,3,2,0,0
asked-5,16,2054,100,0.048685,0.797346,0.003633,4,61,169,1,0,0,0
asked-5,17,2163,107,0.049468,0.792681,0.004528,5,66,197,1,1,0,0
asked-5,18,1934,83,0.042916,0.816158,0.007189,7,60,182,2,1,0,0
asked-5,19,1945,85,0.043702,0.822583,0.002641,4,75,183,0,0,0,0
asked-5,20,2038,99,0.048577,0.798041,0.011116,10,68,195,2,2,0,0
asked-5,21,2025,92,0.045432,0.808845,0.008986,7,54,176,3,2,0,0
asked-5,22,2195,104,0.04738,0.793541,0.005587,5,52,163,2,1,0,0
asked-5,23,2100,95,0.045238,0.801219,0.005305,6,59,183,1,1,0,0
asked-5,24,1916,83,0.043319,0.823296,0.007263,12,57,181,3,2,0,0
asked-5,25,2057,93,0.045211,0.804029,0.005063,5,62,185,2,1,0,0
asked-5,26,2058,109,0.052964,0.801256,0.00697,5,71,162,3,1,0,0
asked-5,27,1944,87,0.044753,0.814681,0.002249,2,51,147,1,0,0,0
asked-5,28,1862,87,0.046724,0.831894,0.003895,7,70,189,1,0,0,0
asked-5,29,2053,103,0.05017,0.812783,0.006821,7,55,168,2,1,0,0
asked-5,30,2237,118,0.052749,0.784096,0.005238,2,52,174,2,1,0,0
asked-5,31,2139,126,0.058906,0.793251,0.00577,6,68,182,1,1,0,0
asked-5,32,2165,107,0.049423,0.79511,0.005497,7,58,182,1,1,0,0
asked-5,33,2154,101,0.04689,0.789304,0.00512,4,62,189,1,1,0,0
asked-5,34,1928,78,0.040456,0.823985,0.005981,5,57,205,1,1,0,0
asked-5,35,2151,121,0.056253,0.787415,0.007356,5,58,166,1,1,0,0
asked-5,36,1905,71,0.03727,0.823735,0.005541,5,54,170,3,1,0,0
asked-5,37,2048,100,0.048828,0.801774,0.007963,7,63,194,1,1,0,0
asked-5,38,2055,87,0.042336,0.8104,0.004187,4,73,194,1,0,0,0
asked-5,39,2240,112,0.05,0.780742,0.003732,5,66,183,0,0,0,0
asked-5,40,1962,91,0.046381,0.817626,0.008459,9,56,201,3,1,0,0
asked-5,41,1951,93,0.047668,0.818027,0.003352,9,64,183,0,0,0,0
asked-5,42,2297,163,0.070962,0.774173,0.006645,7,52,172,3,0,0,0
asked-5,43,2184,108,0.049451,0.789348,0.009417,8,58,168,3,2,0,0
asked-5,44,1993,84,0.042148,0.806576,0.004289,4,58,171,3,0,0,0
asked-5,45,2212,119,0.053797,0.7833,0.00412,7,57,173,1,0,0,0
asked-5,46,2063,112,0.05429,0.801239,0.004806,5,48,167,3,0,0,0
asked-5,47,2050,97,0.047317,0.797356,0.005803,5,52,169,1,1,0,0
asked-5,48,2210,102,0.046154,0.784803,0.006195,4,63,182,1,1,0,0
asked-5,49,1939,92,0.047447,0.815078,0.005339,6,62,187,1,0,0,0
asked-5,50,1954,102,0.052201,0.810023,0.008572,6,62,171,2,2,0,0
asked-5,51,2097,115,0.05484,0.804532,0.005507,6,57,173,2,1,0,0
asked-5,52,2167,119,0.054915,0.788277,0.005202,4,73,181,1,1,0,0
asked-5,53,2163,124,0.057328,0.786007,0.004262,5,59,175,2,0,0,0
asked-5,54,1822,77,0.042261,0.824704,0.002559,3,80,207,0,0,0,0
asked-5,55,2166,101,0.04663,0.789531,0.008138,7,51,151,2,2,0,0
asked-5,56,2167,91,0.041994,0.78818,0.003024,5,65,197,0,0,0,0
asked-5,57,1991,89,0.044701,0.813519,0.005748,6,64,190,2,1,0,0
asked-5,58,2260,114,0.050442,0.778126,0.002687,1,56,169,1,0,0,0
asked-5,59,2014,97,0.048163,0.807191,0.006968,6,55,166,3,1,0,0
asked-5,60,2091,99,0.047346,0.807287,0.005693,7,70,187,2,1,0,0
asked-5,61,2046,91,0.044477,0.808469,0.00375,5,62,161,1,0,0,0
asked-5,62,2402,143,0.059534,0.756911,0.000737,0,47,128,0,0,0,0
asked-5,63,1834,76,0.041439,0.832435,0.003084,6,78,188,0,0,0,0
asked-5,64,2032,93,0.045768,0.810424,0.006908,8,69,197,1,1,0,0
asked-5,65,2116,88,0.041588,0.801016,0.007298,6,69,189,2,1,0,0
asked-5,66,1907,96,0.050341,0.822228,0.007096,7,72,197,2,1,0,0
asked-5,67,2048,107,0.052246,0.808877,0.006599,7,57,191,2,2,0,0
asked-5,68,1865,84,0.04504,0.820893,0.007037,7,79,187,2,1,0,0
asked-5,69,1996,92,0.046092,0.811443,0.00214,1,55,164,2,0,0,0
asked-5,70,2278,129,0.056629,0.775013,0.002622,4,56,151,0,0,0,0
asked-5,71,2065,110,0.053269,0.802897,0.003794,7,57,181,1,0,0,0
asked-5,72,2118,92,0.043437,0.796367,0.002668,5,62,192,0,0,0,0
asked-5,73,2010,99,0.049254,0.816738,0.003597,7,62,198,0,0,0,0
asked-5,74,1889,81,0.04288,0.824113,0.003738,5,59,176,1,0,0,0
asked-5,75,1911,89,0.046572,0.818731,0.003295,4,69,193,1,0,0,0
asked-5,76,1973,94,0.047643,0.814086,0.003952,7,73,219,1,0,0,0
asked-5,77,2112,117,0.055398,0.793814,0.002452,4,56,155,1,0,0,0
asked-5,78,1896,93,0.049051,0.826355,0.005313,8,60,182,1,1,0,0
asked-5,79,2048,107,0.052246,0.799993,0.007208,5,58,187,3,1,0,0
asked-5,80,2013,113,0.056135,0.806582,0.005282,10,63,206,2,1,0,0
asked-5,81,2135,98,0.045902,0.793377,0.005228,5,59,171,1,0,0,0
asked-5,82,2115,114,0.053901,0.807483,0.007188,8,65,201,2,1,0,0
asked-5,83,1798,97,0.053949,0.833523,0.004146,7,84,203,1,0,0,0
asked-5,84,2080,106,0.050962,0.804104,0.006292,8,56,183,1,1,0,0
asked-5,85,1949,110,0.056439,0.821235,0.003671,6,82,182,0,0,0,0
asked-5,86,1955,90,0.046036,0.813898,0.005529,4,59,157,1,1,0,0
asked-5,87,1995,96,0.04812,0.815426,0.005423,8,63,174,1,0,0,0
asked-5,88,1762,73,0.04143,0.833756,0.003222,6,60,166,0,0,0,0
asked-5,89,2026,99,0.048865,0.816256,0.004046,6,69,178,0,0,0,0
asked-5,90,2213,101,0.045639,0.788251,0.004381,6,55,192,2,1,0,0
asked-5,91,2217,121,0.054578,0.780282,0.003478,7,56,158,0,0,0,0
asked-5,92,2323,104,0.04477,0.779936,0.003203,4,49,177,0,0,0,0
asked-5,93,2130,126,0.059155,0.799453,0.005428,5,64,203,1,0,0,0
asked-5,94,1981,90,0.045432,0.799176,0.006184,6,63,168,2,1,0,0
asked-5,95,2249,116,0.051578,0.788297,0.005573,5,54,172,1,1,0,0
asked-5,96,1765,67,0.03796,0.836249,0.004375,7,58,173,1,0,0,0
asked-5,97,2088,109,0.052203,0.794621,0.003745,8,69,198,0,0,0,0
asked-5,98,2223,103,0.046334,0.784583,0.005383,4,51,167,1,1,0,0
asked-5,99,2004,112,0.055888,0.804339,0.007911,7,55,178,2,2,0,0
behavior-10,0,1988,182,0.091549,0.815008,0.054076,182,1289,183,20,12,0,0
behavior-10,1,1981,182,0.091873,0.810059,0.055347,182,1286,205,26,12,0,0
behavior-10,2,1931,176,0.091144,0.813918,0.051279,176,1304,197,24,8,0,0
behavior-10,3,1959,176,0.089842,0.813775,0.048842,176,1279,176,18,9,0,0
behavior-10,4,1934,177,0.09152,0.815791,0.049627,177,1331,183,19,9,0,0
behavior-10,5,1969,162,0.082275,0.810019,0.052193,162,1292,162,21,9,0,0
behavior-10,6,1996,186,0.093186,0.819645,0.051449,186,1323,193,23,12,0,0
behavior-10,7,1992,189,0.09488,0.816287,0.051897,189,1322,169,26,11,0,0
behavior-10,8,1920,188,0.097917,0.819856,0.046659,188,1401,209,19,9,0,0
behavior-10,9,1897,195,0.102794,0.815477,0.060758,195,1247,175,26,15,0,0
behavior-10,10,1966,189,0.096134,0.815644,0.048775,189,1322,206,19,8,0,0
behavior-10,11,2005,188,0.093766,0.813202,0.04405,188,1294,172,20,7,0,0
behavior-10,12,1986,176,0.08862,0.817086,0.049003,176,1265,182,25,10,0,0
behavior-10,13,2014,190,0.09434,0.814582,0.053757,190,1270,197,26,13,0,0
behavior-10,14,2022,176,0.087043,0.805562,0.057638,176,1221,174,25,13,0,0
behavior-10,15,1982,196,0.09889,0.81159,0.060894,196,1300,169,27,16,0,0
behavior-10,16,1969,183,0.092941,0.809486,0.060418,183,1275,176,27,14,0,0
behavior-10,17,1974,179,0.090679,0.815647,0.051846,179,1283,201,30,12,0,0
behavior-10,18,2008,171,0.085159,0.806349,0.055536,171,1227,181,26,13,0,0
behavior-10,19,2014,191,0.094836,0.814221,0.056067,191,1333,188,29,13,0,0
behavior-10,20,1994,176,0.088265,0.806484,0.057705,176,1231,196,23,12,0,0
behavior-10,21,2003,181,0.090364,0.811512,0.053499,181,1214,185,22,11,0,0
behavior-10,22,2035,194,0.095332,0.814851,0.061558,194,1272,167,32,16,0,0
behavior-10,23,2031,179,0.088134,0.810059,0.058381,179,1270,189,27,14,0,0
behavior-10,24,1950,185,0.094872,0.818425,0.051825,185,1282,176,26,11,0,0
behavior-10,25,1977,174,0.088012,0.81413,0.054642,174,1249,197,20,12,0,0
behavior-10,26,1979,190,0.096008,0.813008,0.05501,190,1296,163,25,13,0,0
behavior-10,27,1984,192,0.096774,0.807372,0.061604,192,1280,151,27,15,0,0
behavior-10,28,1961,210,0.107088,0.819586,0.052759,210,1327,179,25,11,0,0
behavior-10,29,2029,199,0.098078,0.815854,0.049313,199,1248,176,24,11,0,0
behavior-10,30,1990,188,0.094472,0.814682,0.048343,188,1308,190,25,10,0,0
behavior-10,31,1928,197,0.102178,0.820346,0.046868,197,1319,183,31,12,0,0
behavior-10,32,2015,179,0.088834,0.809933,0.055831,179,1279,181,20,11,0,0
behavior-10,33,1962,190,0.09684,0.814467,0.04967,190,1329,190,20,12,0,0
behavior-10,34,2031,181,0.089119,0.810019,0.051978,181,1259,196,19,10,0,0
behavior-10,35,1941,189,0.097372,0.819471,0.047564,189,1294,178,20,10,0,0
behavior-10,36,1947,170,0.087314,0.815815,0.046188,170,1291,168,22,8,0,0
behavior-10,37,1978,173,0.087462,0.810934,0.046795,173,1264,193,23,9,0,0
behavior-10,38,2054,179,0.087147,0.811044,0.055444,179,1252,195,25,12,0,0
behavior-10,39,2016,192,0.095238,0.813591,0.05092,192,1271,191,27,13,2,0
behavior-10,40,1960,186,0.094898,0.815336,0.05309,186,1304,197,27,14,0,0
behavior-10,41,2015,193,0.095782,0.809433,0.053241,193,1269,178,21,11,0,0
behavior-10,42,1908,215,0.112683,0.82305,0.049971,215,1283,200,25,13,0,0
behavior-10,43,1959,194,0.09903,0.819991,0.041911,194,1278,165,15,7,0,0
behavior-10,44,1951,178,0.091235,0.810323,0.055298,178,1297,179,21,10,0,0
behavior-10,45,1961,180,0.09179,0.816056,0.045691,180,1312,182,21,7,0,0
behavior-10,46,1949,180,0.092355,0.81775,0.042536,180,1254,173,18,8,0,0
behavior-10,47,1937,181,0.093443,0.813625,0.058424,181,1286,168,25,15,0,0
behavior-10,48,1971,173,0.087773,0.815571,0.046866,173,1311,178,24,10,0,0
behavior-10,49,1963,197,0.100357,0.811776,0.052626,197,1339,182,21,11,0,0
behavior-10,50,1978,195,0.098584,0.810105,0.054398,195,1256,170,22,12,0,0
behavior-10,51,1965,194,0.098728,0.820315,0.047337,194,1291,171,23,9,0,0
behavior-10,52,1960,181,0.092347,0.814902,0.053734,181,1272,183,19,11,0,0
behavior-10,53,1938,191,0.098555,0.813712,0.054748,191,1276,176,23,14,0,0
behavior-10,54,1939,178,0.0918,0.810381,0.051972,178,1307,197,21,11,0,0
behavior-10,55,1934,176,0.091003,0.81772,0.057581,176,1290,162,27,13,0,0
behavior-10,56,1973,160,0.081095,0.812335,0.044465,160,1252,199,20,8,0,0
behavior-10,57,1979,198,0.100051,0.814783,0.052141,198,1272,193,27,12,0,0
behavior-10,58,1967,192,0.097611,0.814318,0.05232,192,1295,179,23,12,0,0
behavior-10,59,1934,182,0.094105,0.813991,0.05183,182,1300,170,26,12,0,0
behavior-10,60,2025,186,0.091852,0.812989,0.052556,186,1191,189,23,13,0,0
behavior-10,61,1997,177,0.088633,0.813644,0.048664,177,1294,172,21,9,0,0
behavior-10,62,1969,179,0.090909,0.814592,0.052668,179,1228,150,26,13,0,0
behavior-10,63,1928,190,0.098548,0.821214,0.046769,190,1287,189,18,9,0,0
behavior-10,64,1991,183,0.091914,0.814095,0.053275,183,1333,198,23,12,0,0
behavior-10,65,2009,177,0.088104,0.813451,0.058061,177,1294,191,20,12,0,0
behavior-10,66,1963,211,0.107489,0.813924,0.059669,211,1359,193,31,16,0,0
behavior-10,67,1985,198,0.099748,0.814657,0.052811,198,1337,199,21,11,0,0
behavior-10,68,1979,168,0.084891,0.806883,0.049909,168,1273,193,16,8,0,0
behavior-10,69,1969,197,0.100051,0.815064,0.059233,197,1269,161,29,14,0,0
behavior-10,70,1975,176,0.089114,0.81384,0.056594,176,1289,169,26,13,0,0
behavior-10,71,1943,176,0.090582,0.815573,0.049302,176,1247,191,23,11,0,0
behavior-10,72,1950,173,0.088718,0.814084,0.048741,173,1319,187,24,10,0,0
behavior-10,73,2001,185,0.092454,0.817907,0.05147,185,1286,192,25,11,0,0
behavior-10,74,1932,181,0.093685,0.817386,0.053856,181,1249,179,25,12,0,0
behavior-10,75,1940,181,0.093299,0.814889,0.050524,181,1291,191,21,9,0,0
behavior-10,76,1984,172,0.086694,0.811831,0.046936,172,1225,216,21,11,0,0
behavior-10,77,1932,176,0.091097,0.813634,0.048213,176,1299,164,24,11,0,0
behavior-10,78,1965,186,0.094656,0.816547,0.055841,186,1282,178,25,13,0,0
behavior-10,79,1894,189,0.099789,0.818374,0.052344,189,1352,199,22,12,0,0
behavior-10,80,1945,197,0.101285,0.816062,0.057533,197,1284,212,27,13,0,0
behavior-10,81,1943,200,0.102934,0.814379,0.058384,200,1310,181,30,15,0,0
behavior-10,82,2030,188,0.092611,0.817077,0.049012,188,1263,206,20,11,0,0
behavior-10,83,1957,221,0.112928,0.815481,0.063935,221,1276,191,34,21,0,0
behavior-10,84,1942,182,0.093718,0.820116,0.044161,182,1319,197,20,8,0,0
behavior-10,85,1983,206,0.103883,0.816852,0.057676,206,1309,178,27,14,0,0
behavior-10,86,1965,190,0.096692,0.813771,0.04919,190,1285,162,26,11,0,0
behavior-10,87,2016,179,0.08879,0.814714,0.052019,179,1316,175,21,9,0,0
behavior-10,88,1970,185,0.093909,0.808407,0.064481,185,1258,161,27,14,0,0
behavior-10,89,1991,190,0.095429,0.820994,0.049085,190,1266,185,22,10,0,0
behavior-10,90,2005,175,0.087282,0.811436,0.052573,175,1282,203,24,12,0,0
behavior-10,91,1960,202,0.103061,0.811887,0.055541,202,1287,151,25,14,0,0
behavior-10,92,2053,168,0.081831,0.811242,0.053905,168,1265,187,21,10,0,0
behavior-10,93,1990,188,0.094472,0.817152,0.051029,188,1260,194,25,12,0,0
behavior-10,94,1874,189,0.100854,0.812356,0.054023,189,1323,168,28,12,0,0
behavior-10,95,1993,180,0.090316,0.819912,0.048546,180,1280,176,18,8,0,0
behavior-10,96,2006,182,0.090728,0.806889,0.060364,182,1264,171,26,14,0,0
behavior-10,97,1980,174,0.087879,0.807494,0.058436,174,1245,194,29,14,0,0
behavior-10,98,1983,166,0.083712,0.814947,0.048222,166,1238,171,21,9,0,0
behavior-10,99,1917,182,0.09494,0.814122,0.044492,182,1324,186,22,7,0,0
behavior-3,0,2421,77,0.031805,0.756992,0.028213,77,1491,157,11,5,15,0
behavior-3,1,2331,87,0.037323,0.763576,0.02501,87,1619,191,12,4,22,0
behavior-3,2,2374,87,0.036647,0.759595,0.037705,87,1539,174,13,8,7,0
behavior-3,3,2337,82,0.035088,0.763382,0.029278,82,1565,156,11,8,18,0
behavior-3,4,2393,92,0.038445,0.757964,0.035346,92,1553,166,15,6,6,0
behavior-3,5,2373,76,0.032027,0.760233,0.006879,76,1586,160,8,1,39,1
behavior-3,6,2460,93,0.037805,0.758461,0.02948,93,1523,182,12,7,20,0
behavior-3,7,2457,89,0.036223,0.760236,0.031289,89,1562,153,15,6,12,0
behavior-3,8,2449,74,0.030216,0.757866,0.025596,74,1532,182,12,5,15,0
behavior-3,9,2290,91,0.039738,0.760005,0.031021,91,1590,167,11,5,12,0
behavior-3,10,2414,96,0.039768,0.759124,0.034955,96,1491,187,14,8,9,0
behavior-3,11,2426,97,0.039984,0.756926,0.030173,97,1525,160,12,7,13,1
behavior-3,12,2393,95,0.039699,0.760828,0.03748,95,1519,175,17,8,8,0
behavior-3,13,2472,93,0.037621,0.75508,0.017033,93,1488,178,14,2,27,1
behavior-3,14,2391,77,0.032204,0.754532,0.018662,77,1564,152,12,4,20,0
behavior-3,15,2423,94,0.038795,0.755632,0.023955,94,1544,163,11,4,20,1
behavior-3,16,2377,77,0.032394,0.755371,0.025405,77,1541,168,13,6,19,0
behavior-3,17,2432,86,0.035362,0.757317,0.026456,86,1492,187,9,4,15,0
behavior-3,18,2402,75,0.031224,0.757088,0.025286,75,1469,174,12,6,20,0
behavior-3,19,2448,90,0.036765,0.757592,0.02289,90,1556,174,11,3,18,0
behavior-3,20,2372,77,0.032462,0.757814,0.035931,77,1528,181,11,7,7,0
behavior-3,21,2390,73,0.030544,0.75791,0.031725,73,1519,159,16,7,9,1
behavior-3,22,2484,79,0.031804,0.755463,0.024987,79,1476,153,11,7,21,0
behavior-3,23,2438,81,0.033224,0.759116,0.034882,81,1506,169,14,7,7,0
behavior-3,24,2400,99,0.04125,0.759238,0.037416,99,1505,170,12,6,10,0
behavior-3,25,2384,88,0.036913,0.759856,0.031044,88,1492,172,12,5,16,0
behavior-3,26,2423,90,0.037144,0.754146,0.016368,90,1524,145,8,3,31,0
behavior-3,27,2378,83,0.034903,0.758341,0.035353,83,1551,133,16,8,7,1
behavior-3,28,2444,103,0.042144,0.762329,0.043361,103,1511,153,15,8,1,0
behavior-3,29,2402,87,0.03622,0.764954,0.025101,87,1549,152,10,5,25,0
behavior-3,30,2431,85,0.034965,0.75777,0.030113,85,1521,173,14,6,6,0
behavior-3,31,2403,83,0.03454,0.759687,0.040508,83,1525,181,18,9,3,1
behavior-3,32,2408,79,0.032807,0.757659,0.034175,79,1576,167,15,7,9,0
behavior-3,33,2368,86,0.036318,0.758435,0.028609,86,1586,178,13,5,11,1
behavior-3,34,2475,74,0.029899,0.755326,0.011532,74,1504,173,9,3,33,1
behavior-3,35,2348,78,0.03322,0.759417,0.039513,78,1534,157,13,8,4,0
behavior-3,36,2437,82,0.033648,0.755736,0.019179,82,1508,156,11,3,21,1
behavior-3,37,2380,70,0.029412,0.755763,0.023257,70,1542,172,9,4,20,1
behavior-3,38,2437,78,0.032007,0.75768,0.030006,78,1549,161,12,6,14,0
behavior-3,39,2427,90,0.037083,0.757324,0.030354,90,1505,175,15,6,7,0
behavior-3,40,2412,85,0.03524,0.760192,0.03824,85,1538,173,13,9,9,0
behavior-3,41,2402,86,0.035803,0.757566,0.021218,86,1555,173,7,4,28,0
behavior-3,42,2394,110,0.045948,0.761568,0.041619,110,1508,173,17,9,10,0
behavior-3,43,2431,89,0.03661,0.758288,0.029727,89,1507,158,9,6,13,0
behavior-3,44,2384,75,0.03146,0.754467,0.020825,75,1538,158,8,4,21,0
behavior-3,45,2414,90,0.037283,0.758475,0.032104,90,1555,164,12,6,13,0
behavior-3,46,2378,90,0.037847,0.760032,0.030396,90,1520,159,8,6,13,0
behavior-3,47,2354,82,0.034834,0.756415,0.028224,82,1563,155,12,6,11,0
behavior-3,48,2460,79,0.032114,0.754868,0.015886,79,1509,175,10,2,21,1
behavior-3,49,2360,90,0.038136,0.758031,0.018533,90,1582,178,12,4,26,0
behavior-3,50,2313,81,0.035019,0.755806,0.025303,81,1576,162,19,8,19,1
behavior-3,51,2422,99,0.040875,0.760915,0.038087,99,1516,156,15,8,5,0
behavior-3,52,2391,77,0.032204,0.75659,0.02423,77,1576,173,11,5,19,0
behavior-3,53,2339,90,0.038478,0.759498,0.031713,90,1582,159,14,8,15,1
behavior-3,54,2399,72,0.030013,0.753721,0.015043,72,1534,176,10,3,30,1
behavior-3,55,2425,80,0.03299,0.757952,0.038987,80,1487,148,14,9,10,0
behavior-3,56,2387,72,0.030163,0.756031,0.027727,72,1483,187,10,6,11,1
behavior-3,57,2423,78,0.032191,0.757005,0.030288,78,1549,183,12,6,12,1
behavior-3,58,2396,82,0.034224,0.75602,0.02611,82,1529,161,12,6,20,0
behavior-3,59,2388,86,0.036013,0.756621,0.037672,86,1548,165,16,10,10,0
behavior-3,60,2428,84,0.034596,0.760169,0.038512,84,1452,170,12,8,3,0
behavior-3,61,2383,83,0.03483,0.759768,0.038306,83,1599,149,15,9,11,0
behavior-3,62,2391,86,0.035968,0.758908,0.033988,86,1507,126,10,6,16,0
behavior-3,63,2385,97,0.040671,0.762198,0.042659,97,1521,161,12,7,1,0
behavior-3,64,2459,92,0.037414,0.758699,0.031517,92,1528,183,13,6,14,0
behavior-3,65,2447,80,0.032693,0.758932,0.039008,80,1534,169,13,8,8,1
behavior-3,66,2396,89,0.037145,0.759688,0.037027,89,1546,170,13,7,12,0
behavior-3,67,2417,84,0.034754,0.759105,0.040826,84,1560,179,19,9,8,0
behavior-3,68,2356,77,0.032683,0.75705,0.013483,77,1574,192,8,2,29,0
behavior-3,69,2371,93,0.039224,0.758145,0.032546,93,1567,151,12,7,10,0
behavior-3,70,2411,72,0.029863,0.755674,0.025837,72,1543,151,15,6,21,0
behavior-3,71,2388,99,0.041457,0.758934,0.035033,99,1521,167,17,7,10,0
behavior-3,72,2396,74,0.030885,0.758245,0.031907,74,1535,180,10,6,8,0
behavior-3,73,2502,94,0.03757,0.756732,0.034266,94,1449,184,14,10,17,0
behavior-3,74,2395,89,0.037161,0.758119,0.032435,89,1511,157,14,6,10,0
behavior-3,75,2345,90,0.03838,0.757654,0.036376,90,1563,185,17,9,12,0
behavior-3,76,2396,80,0.033389,0.756178,0.018964,80,1502,190,10,4,25,0
behavior-3,77,2355,94,0.039915,0.759167,0.034445,94,1587,143,15,8,15,1
behavior-3,78,2421,88,0.036349,0.756994,0.024762,88,1518,167,12,4,11,0
behavior-3,79,2344,93,0.039676,0.762055,0.045532,93,1571,177,14,9,4,0
behavior-3,80,2393,100,0.041789,0.759563,0.03391,100,1530,185,9,5,1,0
behavior-3,81,2375,78,0.032842,0.758332,0.026186,78,1554,166,9,5,18,0
behavior-3,82,2422,101,0.041701,0.763715,0.049771,101,1539,179,19,11,1,0
behavior-3,83,2358,101,0.042833,0.762322,0.051115,101,1594,171,14,11,2,0
behavior-3,84,2436,80,0.032841,0.757585,0.024757,80,1503,172,12,5,19,0
behavior-3,85,2410,100,0.041494,0.759298,0.031569,100,1548,165,16,8,13,1
behavior-3,86,2381,88,0.036959,0.758303,0.029822,88,1541,154,13,6,10,0
behavior-3,87,2445,86,0.035174,0.75834,0.033529,86,1540,155,14,7,6,1
behavior-3,88,2329,84,0.036067,0.758484,0.031752,84,1571,147,13,6,13,0
behavior-3,89,2440,98,0.040164,0.759462,0.032745,98,1531,156,17,6,9,0
behavior-3,90,2439,88,0.03608,0.759459,0.03906,88,1508,178,12,7,3,0
behavior-3,91,2381,91,0.038219,0.758262,0.031041,91,1525,148,16,7,15,1
behavior-3,92,2484,79,0.031804,0.758314,0.029748,79,1493,168,15,7,17,0
behavior-3,93,2424,103,0.042492,0.763403,0.040088,103,1522,192,14,8,0,0
behavior-3,94,2314,80,0.034572,0.757915,0.026234,80,1576,170,14,6,18,1
behavior-3,95,2488,79,0.031752,0.756495,0.016875,79,1446,162,9,2,21,1
behavior-3,96,2423,76,0.031366,0.756568,0.028838,76,1496,155,9,6,13,0
behavior-3,97,2369,96,0.040523,0.758433,0.036681,96,1572,190,19,8,5,0
behavior-3,98,2414,77,0.031897,0.757892,0.028198,77,1532,158,10,5,10,0
behavior-3,99,2363,78,0.033009,0.758072,0.017031,78,1549,158,13,3,26,1
behavior-5,0,2303,127,0.055145,0.775019,0.061162,127,1367,162,21,12,0,0
behavior-5,1,2242,136,0.06066,0.776039,0.045343,136,1446,197,16,7,3,0
behavior-5,2,2257,129,0.057156,0.775398,0.056668,129,1389,189,17,9,0,0
behavior-5,3,2267,116,0.051169,0.774093,0.04949,116,1397,157,16,9,1,0
behavior-5,4,2264,132,0.058304,0.774713,0.053067,132,1423,175,24,9,0,0
behavior-5,5,2302,120,0.052129,0.768857,0.045575,120,1400,153,16,8,0,0
behavior-5,6,2341,134,0.05724,0.7746,0.050964,134,1399,187,20,9,0,0
behavior-5,7,2338,129,0.055175,0.774241,0.053559,129,1435,154,24,12,1,0
behavior-5,8,2346,118,0.050298,0.771367,0.046119,118,1389,189,19,8,0,0
behavior-5,9,2184,135,0.061813,0.776507,0.05567,135,1417,167,18,11,0,0
behavior-5,10,2259,141,0.062417,0.779277,0.057937,141,1415,193,23,12,1,0
behavior-5,11,2339,144,0.061565,0.771263,0.058208,144,1387,163,24,11,0,0
behavior-5,12,2320,125,0.053879,0.772632,0.051066,125,1348,175,18,9,1,0
behavior-5,13,2339,127,0.054297,0.773015,0.043292,127,1373,184,23,8,1,0
behavior-5,14,2330,118,0.050644,0.762793,0.041014,118,1390,163,20,8,0,0
behavior-5,15,2288,131,0.057255,0.772008,0.05035,131,1427,167,16,7,0,0
behavior-5,16,2270,122,0.053744,0.769654,0.054593,122,1376,170,19,10,0,0
behavior-5,17,2307,123,0.053316,0.775712,0.053252,123,1368,192,16,9,0,0
behavior-5,18,2290,120,0.052402,0.770338,0.043107,120,1362,178,16,7,7,0
behavior-5,19,2339,126,0.053869,0.772804,0.051958,126,1420,178,20,10,0,0
behavior-5,20,2272,135,0.059419,0.769019,0.048565,135,1402,179,18,8,2,0
behavior-5,21,2297,119,0.051807,0.771337,0.052867,119,1354,161,22,10,0,0
behavior-5,22,2358,123,0.052163,0.774495,0.046026,123,1351,163,17,9,4,0
behavior-5,23,2359,117,0.049597,0.770941,0.048065,117,1339,170,20,9,0,0
behavior-5,24,2292,133,0.058028,0.775114,0.056536,133,1383,167,20,9,0,0
behavior-5,25,2283,124,0.054314,0.773291,0.049045,124,1369,176,18,7,0,0
behavior-5,26,2292,138,0.060209,0.772329,0.054433,138,1395,149,18,11,1,0
behavior-5,27,2279,130,0.057043,0.771023,0.053359,130,1402,141,19,10,0,0
behavior-5,28,2306,136,0.058977,0.779841,0.053997,136,1379,161,18,8,0,0
behavior-5,29,2323,136,0.058545,0.77711,0.061719,136,1389,166,25,13,0,0
behavior-5,30,2313,131,0.056636,0.77414,0.05333,131,1399,174,20,12,2,0
behavior-5,31,2290,140,0.061135,0.777853,0.056931,140,1357,181,27,12,0,0
behavior-5,32,2314,125,0.054019,0.771909,0.053623,125,1405,177,23,10,0,0
behavior-5,33,2281,128,0.056116,0.773375,0.052087,128,1442,179,19,9,0,0
behavior-5,34,2343,120,0.051216,0.772267,0.054641,120,1378,180,23,12,0,0
behavior-5,35,2244,129,0.057487,0.774286,0.051263,129,1405,165,21,9,0,0
behavior-5,36,2348,121,0.051533,0.769572,0.046324,121,1350,157,22,8,0,0
behavior-5,37,2264,119,0.052562,0.773866,0.054098,119,1408,181,20,11,2,1
behavior-5,38,2343,119,0.05079,0.771967,0.047488,119,1391,175,17,8,0,0
behavior-5,39,2330,122,0.052361,0.771009,0.05014,122,1345,177,22,9,0,0
behavior-5,40,2262,136,0.060124,0.779916,0.058744,136,1414,180,19,12,0,0
behavior-5,41,2332,129,0.055317,0.769304,0.045904,129,1387,173,16,8,3,0
behavior-5,42,2223,157,0.070625,0.784641,0.056258,157,1440,183,19,11,4,0
behavior-5,43,2303,121,0.05254,0.77416,0.041441,121,1383,157,16,7,0,0
behavior-5,44,2305,120,0.052061,0.766623,0.04572,120,1367,164,20,8,6,0
behavior-5,45,2285,129,0.056455,0.774176,0.04767,129,1415,172,14,8,0,0
behavior-5,46,2305,135,0.058568,0.771323,0.039359,135,1330,166,11,5,3,0
behavior-5,47,2230,124,0.055605,0.77314,0.044746,124,1399,158,15,7,0,0
behavior-5,48,2374,120,0.050548,0.76644,0.038839,120,1342,176,14,7,6,0
behavior-5,49,2258,135,0.059787,0.772003,0.049206,135,1458,170,19,9,3,0
behavior-5,50,2225,128,0.057528,0.771215,0.049781,128,1419,163,25,10,0,0
behavior-5,51,2315,137,0.059179,0.775886,0.050654,137,1366,164,23,10,0,0
behavior-5,52,2256,126,0.055851,0.773249,0.05211,126,1443,176,16,9,0,0
behavior-5,53,2235,134,0.059955,0.773934,0.04972,134,1441,165,18,9,1,0
behavior-5,54,2283,118,0.051686,0.768947,0.041557,118,1390,182,15,7,4,0
behavior-5,55,2331,122,0.052338,0.770894,0.053894,122,1317,152,18,10,0,0
behavior-5,56,2290,103,0.044978,0.766817,0.042844,103,1353,198,17,9,0,0
behavior-5,57,2304,125,0.054253,0.772108,0.057527,125,1392,184,26,14,0,0
behavior-5,58,2320,125,0.053879,0.768252,0.047603,125,1359,167,14,7,0,0
behavior-5,59,2280,135,0.059211,0.771374,0.056322,135,1401,162,23,11,0,0
behavior-5,60,2328,128,0.054983,0.77509,0.053874,128,1307,175,21,11,0,0
behavior-5,61,2310,115,0.049784,0.771181,0.044263,115,1441,155,13,6,3,0
behavior-5,62,2294,131,0.057105,0.774158,0.055734,131,1348,129,21,9,0,0
behavior-5,63,2305,132,0.057267,0.773204,0.043319,132,1380,169,13,7,0,0
behavior-5,64,2336,124,0.053082,0.772947,0.052751,124,1414,187,22,9,3,0
behavior-5,65,2363,116,0.04909,0.770458,0.05367,116,1379,172,18,8,0,0
behavior-5,66,2258,126,0.055802,0.775968,0.056984,126,1455,176,22,10,0,0
behavior-5,67,2321,131,0.056441,0.771986,0.051719,131,1414,180,26,10,0,0
behavior-5,68,2249,122,0.054246,0.77115,0.047001,122,1440,193,18,10,3,0
behavior-5,69,2277,131,0.057532,0.773101,0.058003,131,1393,157,23,14,0,0
behavior-5,70,2277,127,0.055775,0.773015,0.053778,127,1412,153,23,11,0,0
behavior-5,71,2243,130,0.057958,0.776825,0.049959,130,1375,182,20,8,0,0
behavior-5,72,2325,108,0.046452,0.768124,0.041115,108,1371,181,17,6,6,0
behavior-5,73,2384,141,0.059144,0.774047,0.057254,141,1329,186,22,14,1,0
behavior-5,74,2261,132,0.058381,0.774509,0.052085,132,1366,167,18,9,0,0
behavior-5,75,2269,125,0.05509,0.769901,0.053622,125,1407,184,20,11,0,0
behavior-5,76,2277,135,0.059289,0.774348,0.044508,135,1350,192,15,7,2,0
behavior-5,77,2257,136,0.060257,0.773248,0.048479,136,1410,157,16,8,0,0
behavior-5,78,2294,137,0.059721,0.775923,0.055147,137,1405,175,19,9,0,0
behavior-5,79,2244,126,0.05615,0.774933,0.061303,126,1437,184,22,12,0,0
behavior-5,80,2275,140,0.061538,0.774642,0.055363,140,1412,189,21,10,0,0
behavior-5,81,2286,116,0.050744,0.769256,0.0494,116,1389,171,16,8,0,0
behavior-5,82,2319,151,0.065114,0.778308,0.062175,151,1409,184,23,14,0,0
behavior-5,83,2246,142,0.063224,0.778452,0.060041,142,1435,172,21,12,0,0
behavior-5,84,2323,131,0.056393,0.775013,0.04032,131,1350,171,15,6,6,0
behavior-5,85,2270,144,0.063436,0.778823,0.047011,144,1423,168,19,8,0,0
behavior-5,86,2272,127,0.055898,0.77312,0.049744,127,1397,154,20,10,0,0
behavior-5,87,2331,126,0.054054,0.774898,0.052495,126,1405,160,15,9,2,0
behavior-5,88,2252,127,0.056394,0.769104,0.044499,127,1396,153,19,6,2,0
behavior-5,89,2297,141,0.061384,0.779855,0.055435,141,1417,170,21,8,0,0
behavior-5,90,2371,118,0.049768,0.769756,0.05312,118,1324,184,20,10,0,0
behavior-5,91,2277,130,0.057093,0.77378,0.046989,130,1387,149,19,10,3,0
behavior-5,92,2399,117,0.04877,0.769478,0.050109,117,1331,167,20,9,1,0
behavior-5,93,2283,145,0.063513,0.782582,0.057946,145,1428,193,19,10,0,0
behavior-5,94,2222,124,0.055806,0.767661,0.048818,124,1393,163,19,10,0,0
behavior-5,95,2356,129,0.054754,0.77439,0.054554,129,1331,168,15,9,0,0
behavior-5,96,2271,120,0.05284,0.774024,0.060328,120,1412,159,17,11,3,0
behavior-5,97,2262,133,0.058798,0.773326,0.0474,133,1423,192,18,7,0,0
behavior-5,98,2318,117,0.050475,0.771002,0.049759,117,1368,162,22,9,0,0
behavior-5,99,2240,131,0.058482,0.775735,0.054083,131,1397,167,22,10,0,0
behavior-shift,0,1997,186,0.09314,0.814247,0.057217,186,1284,182,19,13,0,0
behavior-shift,1,1988,184,0.092555,0.80937,0.05665,184,1281,206,21,13,0,0
behavior-shift,2,1939,177,0.091284,0.813411,0.052325,177,1297,198,15,10,0,0
behavior-shift,3,1965,177,0.090076,0.812873,0.047878,177,1274,176,12,9,1,0
behavior-shift,4,1948,180,0.092402,0.814376,0.052751,180,1320,183,19,10,0,0
behavior-shift,5,1973,162,0.082108,0.809145,0.053614,162,1288,162,17,10,0,0
behavior-shift,6,2000,187,0.0935,0.819001,0.052963,187,1320,192,18,13,0,0
behavior-shift,7,2001,190,0.094953,0.815192,0.051353,190,1314,169,20,11,0,0
behavior-shift,8,1925,190,0.098701,0.819071,0.047695,190,1398,209,16,9,0,0
behavior-shift,9,1908,195,0.102201,0.813981,0.060732,195,1236,174,21,15,0,0
behavior-shift,10,1970,190,0.096447,0.813914,0.050088,190,1319,202,15,9,0,0
behavior-shift,11,2012,190,0.094433,0.812392,0.046057,190,1289,172,13,8,0,0
behavior-shift,12,2008,182,0.090637,0.814359,0.047748,182,1249,179,19,10,3,0
behavior-shift,13,2019,196,0.097078,0.814104,0.056229,196,1271,197,27,15,0,0
behavior-shift,14,2026,178,0.087858,0.805182,0.060906,178,1219,172,23,15,0,0
behavior-shift,15,1988,198,0.099598,0.810623,0.062642,198,1296,171,24,17,0,0
behavior-shift,16,1971,184,0.093354,0.809356,0.060276,184,1274,174,21,14,0,0
behavior-shift,17,1975,179,0.090633,0.815317,0.052436,179,1282,201,17,12,0,0
behavior-shift,18,2012,172,0.085487,0.804952,0.057475,172,1224,179,20,14,0,0
behavior-shift,19,2015,191,0.094789,0.813805,0.056798,191,1332,188,21,13,0,0
behavior-shift,20,1997,177,0.088633,0.806124,0.059856,177,1229,195,16,12,0,0
behavior-shift,21,2011,181,0.090005,0.810844,0.053172,181,1206,185,20,11,0,0
behavior-shift,22,2038,197,0.096663,0.814179,0.063469,197,1272,167,21,17,0,0
behavior-shift,23,2043,181,0.088595,0.808912,0.059846,181,1260,186,22,15,0,0
behavior-shift,24,1952,185,0.094775,0.818179,0.053191,185,1280,177,17,11,0,0
behavior-shift,25,1984,176,0.08871,0.813395,0.056119,176,1244,197,20,13,0,0
behavior-shift,26,1983,191,0.096319,0.812315,0.056294,191,1293,163,19,14,0,0
behavior-shift,27,1985,192,0.096725,0.807541,0.062369,192,1279,151,23,15,0,0
behavior-shift,28,1964,210,0.106925,0.819037,0.054039,210,1324,179,20,13,0,0
behavior-shift,29,2045,204,0.099756,0.81413,0.049694,204,1237,175,16,11,0,0
behavior-shift,30,1986,188,0.094663,0.815189,0.049066,188,1312,190,19,11,0,0
behavior-shift,31,1937,197,0.101704,0.819562,0.04829,197,1310,181,23,14,0,0
behavior-shift,32,2013,179,0.088922,0.810214,0.059559,179,1281,179,21,13,0,0
behavior-shift,33,1978,191,0.096562,0.812729,0.050312,191,1314,192,20,12,0,0
behavior-shift,34,2035,180,0.088452,0.809412,0.051667,180,1254,196,16,10,0,0
behavior-shift,35,1940,190,0.097938,0.818284,0.051657,190,1296,177,16,11,0,0
behavior-shift,36,1950,170,0.087179,0.814624,0.047309,170,1288,171,17,9,0,0
behavior-shift,37,1985,175,0.088161,0.810066,0.046447,175,1259,194,15,10,2,0
behavior-shift,38,2061,181,0.087821,0.809796,0.057153,181,1247,195,19,13,0,0
behavior-shift,39,2016,192,0.095238,0.813536,0.051188,192,1271,191,22,13,2,0
behavior-shift,40,1973,189,0.095793,0.81439,0.056258,189,1294,193,19,15,0,0
behavior-shift,41,2006,192,0.095713,0.810063,0.056508,192,1277,179,15,12,0,0
behavior-shift,42,1916,217,0.113257,0.822245,0.052931,217,1277,201,23,15,0,0
behavior-shift,43,1966,194,0.098678,0.818671,0.043901,194,1271,166,11,8,0,0
behavior-shift,44,1962,180,0.091743,0.809536,0.057372,180,1288,178,15,11,0,0
behavior-shift,45,1971,182,0.092339,0.81504,0.048158,182,1304,181,14,8,0,0
behavior-shift,46,1957,179,0.091467,0.817182,0.043802,179,1245,172,11,9,0,0
behavior-shift,47,1938,182,0.093911,0.813577,0.058402,182,1286,168,21,15,0,0
behavior-shift,48,1969,173,0.087862,0.815601,0.046866,173,1313,179,18,10,0,0
behavior-shift,49,1963,200,0.101885,0.811681,0.052619,200,1342,182,20,12,0,0
behavior-shift,50,1974,194,0.098278,0.810277,0.056752,194,1259,170,24,13,0,0
behavior-shift,51,1970,197,0.1,0.820071,0.049219,197,1289,170,17,10,0,0
behavior-shift,52,1965,181,0.092112,0.813592,0.055058,181,1267,182,17,11,0,0
behavior-shift,53,1944,193,0.09928,0.813084,0.056091,193,1272,175,20,14,0,0
behavior-shift,54,1945,179,0.092031,0.809451,0.051908,179,1302,198,18,11,1,0
behavior-shift,55,1934,178,0.092037,0.817536,0.057562,178,1292,163,19,14,0,0
behavior-shift,56,1975,162,0.082025,0.812133,0.046212,162,1252,200,13,9,0,0
behavior-shift,57,1980,198,0.1,0.814558,0.052819,198,1271,192,18,12,0,0
behavior-shift,58,1974,193,0.097771,0.813427,0.05371,193,1289,178,19,13,0,0
behavior-shift,59,1942,182,0.093718,0.812893,0.054639,182,1292,172,19,13,0,0
behavior-shift,60,2034,187,0.091937,0.811978,0.054046,187,1183,190,18,14,0,0
behavior-shift,61,2003,178,0.088867,0.812771,0.049822,178,1289,171,16,10,0,0
behavior-shift,62,1972,181,0.091785,0.8141,0.054109,181,1227,150,18,14,0,0
behavior-shift,63,1936,192,0.099174,0.820071,0.050831,192,1281,188,15,10,0,0
behavior-shift,64,2005,185,0.092269,0.812375,0.056541,185,1321,197,20,13,1,0
behavior-shift,65,2012,177,0.087972,0.812746,0.059246,177,1291,191,18,13,0,0
behavior-shift,66,1973,213,0.107957,0.814171,0.06038,213,1351,194,23,17,0,0
behavior-shift,67,1991,198,0.099448,0.814078,0.052326,198,1331,200,21,11,0,0
behavior-shift,68,1993,171,0.0858,0.805501,0.052708,171,1262,193,15,9,0,0
behavior-shift,69,1971,197,0.099949,0.81457,0.059906,197,1267,161,20,15,0,0
behavior-shift,70,1979,177,0.089439,0.812796,0.057662,177,1286,168,22,13,0,0
behavior-shift,71,1961,179,0.09128,0.813418,0.054071,179,1232,188,23,13,0,0
behavior-shift,72,1956,176,0.08998,0.813897,0.050374,176,1316,188,15,11,0,0
behavior-shift,73,2005,185,0.092269,0.81736,0.053031,185,1282,193,16,12,0,0
behavior-shift,74,1937,181,0.093443,0.816512,0.055647,181,1244,177,21,13,0,0
behavior-shift,75,1940,182,0.093814,0.814117,0.05232,182,1292,192,18,10,0,0
behavior-shift,76,1989,172,0.086476,0.81093,0.04706,172,1220,215,17,11,1,0
behavior-shift,77,1938,176,0.090815,0.812998,0.048756,176,1293,164,18,11,0,0
behavior-shift,78,1970,189,0.095939,0.815824,0.056203,189,1280,176,21,13,0,0
behavior-shift,79,1901,189,0.099421,0.817139,0.054351,189,1345,198,18,13,0,0
behavior-shift,80,1948,199,0.102156,0.815499,0.058311,199,1283,213,17,13,0,0
behavior-shift,81,1946,200,0.102775,0.813799,0.05861,200,1307,182,19,15,0,0
behavior-shift,82,2042,189,0.092556,0.815528,0.053815,189,1252,203,20,12,0,0
behavior-shift,83,1956,221,0.112986,0.815512,0.063945,221,1277,191,24,21,0,0
behavior-shift,84,1942,182,0.093718,0.820109,0.044161,182,1319,197,15,8,0,0
behavior-shift,85,1989,207,0.104072,0.815991,0.058146,207,1304,178,22,14,0,0
behavior-shift,86,1970,191,0.096954,0.813475,0.050575,191,1281,162,19,12,0,0
behavior-shift,87,2019,181,0.089648,0.814502,0.052551,181,1315,175,17,10,0,0
behavior-shift,88,1969,185,0.093956,0.80849,0.064507,185,1259,161,21,14,0,0
behavior-shift,89,1987,189,0.095118,0.821092,0.047076,189,1269,184,20,9,0,0
behavior-shift,90,2005,175,0.087282,0.811226,0.05253,175,1282,203,17,12,0,0
behavior-shift,91,1966,204,0.103764,0.811465,0.056327,204,1283,151,24,15,0,0
behavior-shift,92,2056,168,0.081712,0.81061,0.05307,168,1262,186,18,10,1,0
behavior-shift,93,1993,192,0.096337,0.816616,0.053465,192,1261,194,19,13,0,0
behavior-shift,94,1881,190,0.10101,0.811572,0.053815,190,1317,168,20,12,0,0
behavior-shift,95,2004,181,0.090319,0.818664,0.048805,181,1270,174,16,9,0,0
behavior-shift,96,2014,184,0.09136,0.805768,0.062325,184,1258,171,18,15,0,0
behavior-shift,97,1980,174,0.087879,0.807378,0.058602,174,1245,194,25,14,0,0
behavior-shift,98,1991,167,0.083877,0.813899,0.050097,167,1231,172,15,10,0,0
behavior-shift,99,1922,185,0.096254,0.814045,0.04444,185,1322,186,17,7,0,0
