model,measure,value,round,sentence,detail
e5,install_bytes,577665304,,,"{""model_snapshot"": 487352505, ""onnxruntime"": 82387071, ""tokenizers"": 7925728}"
e5,latency_ns,4759959,0,0,
e5,latency_ns,3956750,0,1,
e5,latency_ns,2870875,0,2,
e5,latency_ns,3895542,0,3,
e5,latency_ns,3434875,0,4,
e5,latency_ns,4618000,0,5,
e5,latency_ns,3060833,0,6,
e5,latency_ns,3506416,0,7,
e5,latency_ns,3378084,0,8,
e5,latency_ns,3184041,0,9,
e5,latency_ns,3729666,0,10,
e5,latency_ns,4216667,0,11,
e5,latency_ns,3619916,0,12,
e5,latency_ns,3541125,0,13,
e5,latency_ns,2928750,0,14,
e5,latency_ns,4160667,0,15,
e5,latency_ns,3354375,0,16,
e5,latency_ns,3950584,0,17,
e5,latency_ns,3266417,0,18,
e5,latency_ns,2980375,0,19,
e5,latency_ns,3320958,0,20,
e5,latency_ns,3117166,0,21,
e5,latency_ns,4678334,0,22,
e5,latency_ns,3203375,0,23,
e5,latency_ns,4397209,0,24,
e5,latency_ns,5035291,0,25,
e5,latency_ns,4119792,0,26,
e5,latency_ns,2889458,0,27,
e5,latency_ns,3919791,0,28,
e5,latency_ns,3575375,0,29,
e5,latency_ns,5270333,0,30,
e5,latency_ns,4791042,0,31,
e5,latency_ns,3991958,0,32,
e5,latency_ns,4069875,0,33,
e5,latency_ns,4174959,0,34,
e5,latency_ns,3206375,0,35,
e5,latency_ns,3786500,0,36,
e5,latency_ns,3594709,0,37,
e5,latency_ns,3133708,0,38,
e5,latency_ns,3486083,0,39,
e5,latency_ns,3192208,0,40,
e5,latency_ns,3786375,0,41,
e5,latency_ns,3328875,0,42,
e5,latency_ns,2465917,0,43,
e5,latency_ns,3467542,0,44,
e5,latency_ns,3058084,0,45,
e5,latency_ns,3991375,0,46,
e5,latency_ns,3642375,0,47,
e5,latency_ns,2579125,0,48,
e5,latency_ns,4532000,0,49,
e5,latency_ns,2666375,0,50,
e5,latency_ns,3830250,0,51,
e5,latency_ns,3855542,0,52,
e5,latency_ns,4539583,0,53,
e5,latency_ns,3780167,0,54,
e5,latency_ns,4433166,0,55,
e5,latency_ns,3303500,0,56,
e5,latency_ns,3651875,0,57,
e5,latency_ns,3562500,0,58,
e5,latency_ns,3847875,0,59,
e5,latency_ns,4224417,0,60,
e5,latency_ns,3863791,0,61,
e5,latency_ns,5338625,0,62,
e5,latency_ns,6258500,0,63,
e5,latency_ns,4202292,0,64,
e5,latency_ns,4124334,0,65,
e5,latency_ns,6622583,0,66,
e5,latency_ns,4029208,0,67,
e5,latency_ns,8445667,0,68,
e5,latency_ns,6631625,0,69,
e5,latency_ns,3746916,0,70,
e5,latency_ns,8881459,0,71,
e5,latency_ns,5198459,0,72,
e5,latency_ns,3640625,0,73,
e5,latency_ns,4224083,0,74,
e5,latency_ns,4471084,0,75,
e5,latency_ns,3714459,0,76,
e5,latency_ns,2933250,0,77,
e5,latency_ns,4818292,0,78,
e5,latency_ns,5002500,0,79,
e5,latency_ns,4529750,0,80,
e5,latency_ns,4304333,0,81,
e5,latency_ns,3898583,0,82,
e5,latency_ns,3154541,0,83,
e5,latency_ns,4205333,0,84,
e5,latency_ns,2559542,0,85,
e5,latency_ns,3045125,0,86,
e5,latency_ns,3661042,0,87,
e5,latency_ns,3243167,0,88,
e5,latency_ns,3398291,0,89,
e5,latency_ns,4186834,0,90,
e5,latency_ns,2858750,0,91,
e5,latency_ns,3134250,0,92,
e5,latency_ns,2429625,0,93,
e5,latency_ns,3443584,0,94,
e5,latency_ns,2634291,0,95,
e5,latency_ns,4092458,0,96,
e5,latency_ns,3477042,0,97,
e5,latency_ns,3456250,0,98,
e5,latency_ns,3878084,0,99,
e5,latency_ns,3418583,0,100,
e5,latency_ns,2946584,0,101,
e5,latency_ns,2995208,0,102,
e5,latency_ns,4121500,0,103,
e5,latency_ns,3462083,0,104,
e5,latency_ns,2548084,0,105,
e5,latency_ns,3584666,0,106,
e5,latency_ns,2928208,0,107,
e5,latency_ns,2372916,0,108,
e5,latency_ns,4178833,0,109,
e5,latency_ns,4269333,0,110,
e5,latency_ns,4283417,0,111,
e5,latency_ns,4063667,0,112,
e5,latency_ns,4628417,0,113,
e5,latency_ns,3335875,0,114,
e5,latency_ns,3672417,0,115,
e5,latency_ns,3522667,0,116,
e5,latency_ns,3558042,0,117,
e5,latency_ns,3580209,0,118,
e5,latency_ns,3888042,0,119,
e5,latency_ns,4448959,0,120,
e5,latency_ns,4822875,0,121,
e5,latency_ns,5065583,0,122,
e5,latency_ns,3307625,0,123,
e5,latency_ns,3840167,0,124,
e5,latency_ns,4304625,0,125,
e5,latency_ns,4486625,0,126,
e5,latency_ns,2658834,0,127,
e5,latency_ns,3636917,0,128,
e5,latency_ns,4531625,0,129,
e5,latency_ns,3185458,0,130,
e5,latency_ns,3977917,0,131,
e5,latency_ns,3534625,0,132,
e5,latency_ns,3016750,0,133,
e5,latency_ns,2681000,0,134,
e5,latency_ns,4182584,0,135,
e5,latency_ns,3703042,0,136,
e5,latency_ns,3663458,0,137,
e5,latency_ns,3416958,0,138,
e5,latency_ns,3086333,0,139,
e5,latency_ns,3283625,0,140,
e5,latency_ns,3205333,0,141,
e5,latency_ns,5429042,0,142,
e5,latency_ns,4010583,0,143,
e5,latency_ns,4837917,0,144,
e5,latency_ns,3623083,0,145,
e5,latency_ns,3093041,0,146,
e5,latency_ns,3612250,0,147,
e5,latency_ns,4328417,0,148,
e5,latency_ns,4072542,0,149,
e5,latency_ns,3286166,0,150,
e5,latency_ns,2731166,0,151,
e5,latency_ns,2651750,0,152,
e5,latency_ns,4597167,0,153,
e5,latency_ns,3345000,0,154,
e5,latency_ns,3625583,0,155,
e5,latency_ns,4035375,0,156,
e5,latency_ns,2838792,0,157,
e5,latency_ns,4172209,0,158,
e5,latency_ns,4160167,0,159,
e5,latency_ns,4520833,0,160,
e5,latency_ns,2956750,0,161,
e5,latency_ns,3008625,0,162,
e5,latency_ns,3366208,0,163,
e5,latency_ns,3307542,0,164,
e5,latency_ns,2840250,0,165,
e5,latency_ns,3404375,0,166,
e5,latency_ns,4375250,0,167,
e5,latency_ns,3320250,0,168,
e5,latency_ns,3345250,0,169,
e5,latency_ns,4347166,0,170,
e5,latency_ns,3807625,0,171,
e5,latency_ns,3498583,0,172,
e5,latency_ns,3454209,0,173,
e5,latency_ns,3690375,0,174,
e5,latency_ns,3264666,0,175,
e5,latency_ns,3692875,0,176,
e5,latency_ns,3579666,0,177,
e5,latency_ns,3572042,0,178,
e5,latency_ns,3578458,0,179,
e5,latency_ns,2860583,0,180,
e5,latency_ns,4284041,0,181,
e5,latency_ns,3841584,0,182,
e5,latency_ns,3263417,0,183,
e5,latency_ns,3160250,0,184,
e5,latency_ns,3026584,0,185,
e5,latency_ns,3431916,0,186,
e5,latency_ns,4215541,0,187,
e5,latency_ns,3791042,0,188,
e5,latency_ns,2872333,0,189,
e5,latency_ns,3295875,0,190,
e5,latency_ns,3302583,0,191,
e5,latency_ns,2859500,0,192,
e5,latency_ns,3060208,0,193,
e5,latency_ns,4770541,0,194,
e5,latency_ns,4098709,0,195,
e5,latency_ns,4009334,0,196,
e5,latency_ns,3526209,0,197,
e5,latency_ns,2749084,0,198,
e5,latency_ns,3801334,0,199,
e5,latency_ns,3965875,1,0,
e5,latency_ns,3334542,1,1,
e5,latency_ns,4198375,1,2,
e5,latency_ns,4102209,1,3,
e5,latency_ns,4474041,1,4,
e5,latency_ns,3923500,1,5,
e5,latency_ns,3423875,1,6,
e5,latency_ns,3851625,1,7,
e5,latency_ns,4923583,1,8,
e5,latency_ns,3618458,1,9,
e5,latency_ns,3281958,1,10,
e5,latency_ns,3389125,1,11,
e5,latency_ns,3432292,1,12,
e5,latency_ns,5658500,1,13,
e5,latency_ns,3827416,1,14,
e5,latency_ns,3834708,1,15,
e5,latency_ns,3107375,1,16,
e5,latency_ns,4387084,1,17,
e5,latency_ns,4019291,1,18,
e5,latency_ns,3325500,1,19,
e5,latency_ns,2872792,1,20,
e5,latency_ns,3045667,1,21,
e5,latency_ns,3665250,1,22,
e5,latency_ns,2824208,1,23,
e5,latency_ns,3236917,1,24,
e5,latency_ns,4271833,1,25,
e5,latency_ns,3258750,1,26,
e5,latency_ns,3402375,1,27,
e5,latency_ns,3143958,1,28,
e5,latency_ns,4441458,1,29,
e5,latency_ns,2793625,1,30,
e5,latency_ns,3395709,1,31,
e5,latency_ns,3307250,1,32,
e5,latency_ns,3040416,1,33,
e5,latency_ns,2912791,1,34,
e5,latency_ns,2715792,1,35,
e5,latency_ns,3155792,1,36,
e5,latency_ns,3491209,1,37,
e5,latency_ns,3022500,1,38,
e5,latency_ns,3168292,1,39,
e5,latency_ns,2760042,1,40,
e5,latency_ns,3118084,1,41,
e5,latency_ns,3617625,1,42,
e5,latency_ns,3642917,1,43,
e5,latency_ns,2960416,1,44,
e5,latency_ns,2986750,1,45,
e5,latency_ns,4507666,1,46,
e5,latency_ns,3041792,1,47,
e5,latency_ns,2911042,1,48,
e5,latency_ns,5415167,1,49,
e5,latency_ns,3083958,1,50,
e5,latency_ns,5759916,1,51,
e5,latency_ns,3110208,1,52,
e5,latency_ns,3835166,1,53,
e5,latency_ns,3289958,1,54,
e5,latency_ns,3318459,1,55,
e5,latency_ns,4170875,1,56,
e5,latency_ns,2839500,1,57,
e5,latency_ns,3662000,1,58,
e5,latency_ns,4070709,1,59,
e5,latency_ns,4409833,1,60,
e5,latency_ns,2874208,1,61,
e5,latency_ns,3483292,1,62,
e5,latency_ns,3797667,1,63,
e5,latency_ns,3488042,1,64,
e5,latency_ns,2958459,1,65,
e5,latency_ns,3296542,1,66,
e5,latency_ns,2827917,1,67,
e5,latency_ns,3189375,1,68,
e5,latency_ns,2533042,1,69,
e5,latency_ns,2270125,1,70,
e5,latency_ns,3045041,1,71,
e5,latency_ns,3252667,1,72,
e5,latency_ns,3026791,1,73,
e5,latency_ns,3331458,1,74,
e5,latency_ns,3295041,1,75,
e5,latency_ns,4064791,1,76,
e5,latency_ns,3112750,1,77,
e5,latency_ns,3389792,1,78,
e5,latency_ns,3638458,1,79,
e5,latency_ns,3039833,1,80,
e5,latency_ns,3278750,1,81,
e5,latency_ns,2785208,1,82,
e5,latency_ns,3005625,1,83,
e5,latency_ns,2700416,1,84,
e5,latency_ns,2372625,1,85,
e5,latency_ns,2364042,1,86,
e5,latency_ns,3184167,1,87,
e5,latency_ns,2573500,1,88,
e5,latency_ns,2816250,1,89,
e5,latency_ns,3169458,1,90,
e5,latency_ns,2534125,1,91,
e5,latency_ns,2526500,1,92,
e5,latency_ns,2634834,1,93,
e5,latency_ns,3099625,1,94,
e5,latency_ns,2986250,1,95,
e5,latency_ns,3295791,1,96,
e5,latency_ns,3216667,1,97,
e5,latency_ns,3414000,1,98,
e5,latency_ns,3188917,1,99,
e5,latency_ns,3634334,1,100,
e5,latency_ns,3217083,1,101,
e5,latency_ns,3908917,1,102,
e5,latency_ns,4062375,1,103,
e5,latency_ns,3285583,1,104,
e5,latency_ns,2757083,1,105,
e5,latency_ns,2892334,1,106,
e5,latency_ns,2752959,1,107,
e5,latency_ns,2823125,1,108,
e5,latency_ns,3002125,1,109,
e5,latency_ns,3039542,1,110,
e5,latency_ns,3274917,1,111,
e5,latency_ns,2895125,1,112,
e5,latency_ns,3471375,1,113,
e5,latency_ns,4175083,1,114,
e5,latency_ns,2968459,1,115,
e5,latency_ns,3267125,1,116,
e5,latency_ns,3493041,1,117,
e5,latency_ns,2952625,1,118,
e5,latency_ns,3598625,1,119,
e5,latency_ns,3534459,1,120,
e5,latency_ns,4022083,1,121,
e5,latency_ns,3492709,1,122,
e5,latency_ns,2806042,1,123,
e5,latency_ns,4014959,1,124,
e5,latency_ns,3361459,1,125,
e5,latency_ns,3040292,1,126,
e5,latency_ns,2412667,1,127,
e5,latency_ns,2929000,1,128,
e5,latency_ns,3941291,1,129,
e5,latency_ns,4049708,1,130,
e5,latency_ns,3720875,1,131,
e5,latency_ns,2835834,1,132,
e5,latency_ns,4464292,1,133,
e5,latency_ns,3695041,1,134,
e5,latency_ns,3964041,1,135,
e5,latency_ns,3930250,1,136,
e5,latency_ns,3417792,1,137,
e5,latency_ns,3708250,1,138,
e5,latency_ns,3001375,1,139,
e5,latency_ns,2937708,1,140,
e5,latency_ns,3425167,1,141,
e5,latency_ns,3344083,1,142,
e5,latency_ns,3445792,1,143,
e5,latency_ns,3919667,1,144,
e5,latency_ns,3192958,1,145,
e5,latency_ns,2396417,1,146,
e5,latency_ns,3029875,1,147,
e5,latency_ns,3382917,1,148,
e5,latency_ns,3299959,1,149,
e5,latency_ns,3039500,1,150,
e5,latency_ns,3126292,1,151,
e5,latency_ns,2464583,1,152,
e5,latency_ns,2947500,1,153,
e5,latency_ns,3396166,1,154,
e5,latency_ns,2570666,1,155,
e5,latency_ns,3141875,1,156,
e5,latency_ns,2892208,1,157,
e5,latency_ns,3123417,1,158,
e5,latency_ns,3322417,1,159,
e5,latency_ns,2633416,1,160,
e5,latency_ns,2741500,1,161,
e5,latency_ns,2722458,1,162,
e5,latency_ns,2780125,1,163,
e5,latency_ns,2464500,1,164,
e5,latency_ns,2925625,1,165,
e5,latency_ns,2963625,1,166,
e5,latency_ns,2697791,1,167,
e5,latency_ns,2610334,1,168,
e5,latency_ns,2695958,1,169,
e5,latency_ns,2726875,1,170,
e5,latency_ns,3203792,1,171,
e5,latency_ns,3215667,1,172,
e5,latency_ns,3652875,1,173,
e5,latency_ns,3318166,1,174,
e5,latency_ns,2861458,1,175,
e5,latency_ns,3420666,1,176,
e5,latency_ns,3439791,1,177,
e5,latency_ns,3151000,1,178,
e5,latency_ns,3722833,1,179,
e5,latency_ns,2611125,1,180,
e5,latency_ns,3460291,1,181,
e5,latency_ns,4200458,1,182,
e5,latency_ns,3122833,1,183,
e5,latency_ns,2578292,1,184,
e5,latency_ns,2936500,1,185,
e5,latency_ns,3059291,1,186,
e5,latency_ns,2681500,1,187,
e5,latency_ns,2688834,1,188,
e5,latency_ns,3025500,1,189,
e5,latency_ns,2593917,1,190,
e5,latency_ns,2755125,1,191,
e5,latency_ns,3485167,1,192,
e5,latency_ns,2860958,1,193,
e5,latency_ns,2795625,1,194,
e5,latency_ns,3742291,1,195,
e5,latency_ns,3003291,1,196,
e5,latency_ns,2846667,1,197,
e5,latency_ns,2617041,1,198,
e5,latency_ns,3510125,1,199,
e5,latency_ns,3716875,2,0,
e5,latency_ns,2889125,2,1,
e5,latency_ns,2816833,2,2,
e5,latency_ns,2963875,2,3,
e5,latency_ns,2782166,2,4,
e5,latency_ns,3007625,2,5,
e5,latency_ns,3265625,2,6,
e5,latency_ns,3985250,2,7,
e5,latency_ns,3463917,2,8,
e5,latency_ns,2824333,2,9,
e5,latency_ns,3083333,2,10,
e5,latency_ns,3266333,2,11,
e5,latency_ns,2963834,2,12,
e5,latency_ns,3319291,2,13,
e5,latency_ns,2744084,2,14,
e5,latency_ns,3229375,2,15,
e5,latency_ns,3406833,2,16,
e5,latency_ns,3632167,2,17,
e5,latency_ns,3299583,2,18,
e5,latency_ns,2752334,2,19,
e5,latency_ns,3604791,2,20,
e5,latency_ns,3597625,2,21,
e5,latency_ns,2822041,2,22,
e5,latency_ns,3226917,2,23,
e5,latency_ns,4553291,2,24,
e5,latency_ns,6559292,2,25,
e5,latency_ns,3525792,2,26,
e5,latency_ns,3478500,2,27,
e5,latency_ns,2990291,2,28,
e5,latency_ns,3000167,2,29,
e5,latency_ns,3253834,2,30,
e5,latency_ns,5034833,2,31,
e5,latency_ns,11947042,2,32,
e5,latency_ns,7413458,2,33,
e5,latency_ns,4724791,2,34,
e5,latency_ns,14649500,2,35,
e5,latency_ns,7840333,2,36,
e5,latency_ns,6556250,2,37,
e5,latency_ns,5074125,2,38,
e5,latency_ns,3634333,2,39,
e5,latency_ns,4002375,2,40,
e5,latency_ns,4492333,2,41,
e5,latency_ns,3765625,2,42,
e5,latency_ns,3504375,2,43,
e5,latency_ns,3469542,2,44,
e5,latency_ns,3115292,2,45,
e5,latency_ns,4484709,2,46,
e5,latency_ns,3043833,2,47,
e5,latency_ns,3645083,2,48,
e5,latency_ns,4513041,2,49,
e5,latency_ns,3556750,2,50,
e5,latency_ns,3510167,2,51,
e5,latency_ns,3825083,2,52,
e5,latency_ns,3257708,2,53,
e5,latency_ns,3183375,2,54,
e5,latency_ns,3144792,2,55,
e5,latency_ns,3027333,2,56,
e5,latency_ns,3062042,2,57,
e5,latency_ns,2581042,2,58,
e5,latency_ns,3374625,2,59,
e5,latency_ns,3412583,2,60,
e5,latency_ns,3310791,2,61,
e5,latency_ns,4230000,2,62,
e5,latency_ns,3233542,2,63,
e5,latency_ns,3634084,2,64,
e5,latency_ns,3921917,2,65,
e5,latency_ns,4662667,2,66,
e5,latency_ns,3670583,2,67,
e5,latency_ns,3655292,2,68,
e5,latency_ns,3693417,2,69,
e5,latency_ns,4670417,2,70,
e5,latency_ns,4647292,2,71,
e5,latency_ns,3872959,2,72,
e5,latency_ns,3615750,2,73,
e5,latency_ns,3185083,2,74,
e5,latency_ns,3110084,2,75,
e5,latency_ns,3516834,2,76,
e5,latency_ns,2510833,2,77,
e5,latency_ns,2844917,2,78,
e5,latency_ns,4671291,2,79,
e5,latency_ns,4249500,2,80,
e5,latency_ns,3022541,2,81,
e5,latency_ns,2674000,2,82,
e5,latency_ns,3713375,2,83,
e5,latency_ns,3693125,2,84,
e5,latency_ns,4466500,2,85,
e5,latency_ns,3793666,2,86,
e5,latency_ns,3529125,2,87,
e5,latency_ns,4079666,2,88,
e5,latency_ns,2665959,2,89,
e5,latency_ns,3342375,2,90,
e5,latency_ns,2811416,2,91,
e5,latency_ns,3318041,2,92,
e5,latency_ns,2916959,2,93,
e5,latency_ns,2925291,2,94,
e5,latency_ns,2551750,2,95,
e5,latency_ns,3970666,2,96,
e5,latency_ns,6606958,2,97,
e5,latency_ns,3165042,2,98,
e5,latency_ns,3570625,2,99,
e5,latency_ns,4258750,2,100,
e5,latency_ns,4154375,2,101,
e5,latency_ns,3682708,2,102,
e5,latency_ns,2941583,2,103,
e5,latency_ns,3866917,2,104,
e5,latency_ns,3322167,2,105,
e5,latency_ns,4932792,2,106,
e5,latency_ns,6004791,2,107,
e5,latency_ns,3026292,2,108,
e5,latency_ns,3328208,2,109,
e5,latency_ns,3700875,2,110,
e5,latency_ns,3689584,2,111,
e5,latency_ns,3158875,2,112,
e5,latency_ns,2920084,2,113,
e5,latency_ns,2967125,2,114,
e5,latency_ns,2871042,2,115,
e5,latency_ns,3740708,2,116,
e5,latency_ns,4394416,2,117,
e5,latency_ns,2751334,2,118,
e5,latency_ns,3627875,2,119,
e5,latency_ns,4043209,2,120,
e5,latency_ns,3871792,2,121,
e5,latency_ns,3799000,2,122,
e5,latency_ns,2930625,2,123,
e5,latency_ns,3687375,2,124,
e5,latency_ns,5263209,2,125,
e5,latency_ns,3750625,2,126,
e5,latency_ns,2660333,2,127,
e5,latency_ns,3358833,2,128,
e5,latency_ns,3680250,2,129,
e5,latency_ns,2710417,2,130,
e5,latency_ns,4132250,2,131,
e5,latency_ns,3220541,2,132,
e5,latency_ns,3561333,2,133,
e5,latency_ns,3729209,2,134,
e5,latency_ns,3439042,2,135,
e5,latency_ns,3318250,2,136,
e5,latency_ns,3123000,2,137,
e5,latency_ns,4006833,2,138,
e5,latency_ns,3542125,2,139,
e5,latency_ns,3535167,2,140,
e5,latency_ns,3040125,2,141,
e5,latency_ns,2720667,2,142,
e5,latency_ns,2777334,2,143,
e5,latency_ns,3679584,2,144,
e5,latency_ns,2892709,2,145,
e5,latency_ns,2700250,2,146,
e5,latency_ns,3374375,2,147,
e5,latency_ns,3134000,2,148,
e5,latency_ns,4285291,2,149,
e5,latency_ns,3431000,2,150,
e5,latency_ns,3635209,2,151,
e5,latency_ns,2808541,2,152,
e5,latency_ns,2514334,2,153,
e5,latency_ns,3563833,2,154,
e5,latency_ns,4125792,2,155,
e5,latency_ns,3954208,2,156,
e5,latency_ns,3065916,2,157,
e5,latency_ns,3403000,2,158,
e5,latency_ns,3406125,2,159,
e5,latency_ns,3503250,2,160,
e5,latency_ns,3320416,2,161,
e5,latency_ns,2748667,2,162,
e5,latency_ns,2696125,2,163,
e5,latency_ns,2433042,2,164,
e5,latency_ns,2558917,2,165,
e5,latency_ns,2978083,2,166,
e5,latency_ns,2942041,2,167,
e5,latency_ns,2503625,2,168,
e5,latency_ns,2692041,2,169,
e5,latency_ns,3131958,2,170,
e5,latency_ns,2595375,2,171,
e5,latency_ns,2502833,2,172,
e5,latency_ns,3192792,2,173,
e5,latency_ns,2598583,2,174,
e5,latency_ns,3974417,2,175,
e5,latency_ns,3340958,2,176,
e5,latency_ns,3261041,2,177,
e5,latency_ns,3488917,2,178,
e5,latency_ns,3076958,2,179,
e5,latency_ns,2633792,2,180,
e5,latency_ns,3385500,2,181,
e5,latency_ns,3314333,2,182,
e5,latency_ns,3674333,2,183,
e5,latency_ns,2374750,2,184,
e5,latency_ns,3225916,2,185,
e5,latency_ns,3983583,2,186,
e5,latency_ns,4029875,2,187,
e5,latency_ns,3346792,2,188,
e5,latency_ns,2677583,2,189,
e5,latency_ns,2608625,2,190,
e5,latency_ns,2654542,2,191,
e5,latency_ns,3072208,2,192,
e5,latency_ns,3483792,2,193,
e5,latency_ns,3192250,2,194,
e5,latency_ns,3204583,2,195,
e5,latency_ns,4642375,2,196,
e5,latency_ns,2778458,2,197,
e5,latency_ns,2469708,2,198,
e5,latency_ns,2881916,2,199,
e5,rss_increase_bytes,405979136,,,"{""load_ns"": 701005500, ""peak_rss"": 1066237952, ""rss_after"": 490930176, ""rss_before"": 84951040}"
minilm,install_bytes,342451505,,,"{""model_snapshot"": 252138706, ""onnxruntime"": 82387071, ""tokenizers"": 7925728}"
minilm,latency_ns,4751000,0,0,
minilm,latency_ns,2807542,0,1,
minilm,latency_ns,2152542,0,2,
minilm,latency_ns,4071791,0,3,
minilm,latency_ns,3220417,0,4,
minilm,latency_ns,4306666,0,5,
minilm,latency_ns,4036000,0,6,
minilm,latency_ns,4665000,0,7,
minilm,latency_ns,3219667,0,8,
minilm,latency_ns,1934208,0,9,
minilm,latency_ns,3416625,0,10,
minilm,latency_ns,4245166,0,11,
minilm,latency_ns,4500042,0,12,
minilm,latency_ns,2463709,0,13,
minilm,latency_ns,4143000,0,14,
minilm,latency_ns,5755500,0,15,
minilm,latency_ns,4167083,0,16,
minilm,latency_ns,5481625,0,17,
minilm,latency_ns,3795750,0,18,
minilm,latency_ns,2143333,0,19,
minilm,latency_ns,4816292,0,20,
minilm,latency_ns,3695500,0,21,
minilm,latency_ns,4996792,0,22,
minilm,latency_ns,2757459,0,23,
minilm,latency_ns,4463000,0,24,
minilm,latency_ns,6769292,0,25,
minilm,latency_ns,3539292,0,26,
minilm,latency_ns,3188333,0,27,
minilm,latency_ns,4140125,0,28,
minilm,latency_ns,3068417,0,29,
minilm,latency_ns,3260791,0,30,
minilm,latency_ns,4630792,0,31,
minilm,latency_ns,4090083,0,32,
minilm,latency_ns,4637958,0,33,
minilm,latency_ns,3421250,0,34,
minilm,latency_ns,2946625,0,35,
minilm,latency_ns,3559625,0,36,
minilm,latency_ns,4689208,0,37,
minilm,latency_ns,3000125,0,38,
minilm,latency_ns,3240167,0,39,
minilm,latency_ns,2470000,0,40,
minilm,latency_ns,4430375,0,41,
minilm,latency_ns,5503750,0,42,
minilm,latency_ns,2823917,0,43,
minilm,latency_ns,3798083,0,44,
minilm,latency_ns,2374333,0,45,
minilm,latency_ns,4663875,0,46,
minilm,latency_ns,2333959,0,47,
minilm,latency_ns,2327666,0,48,
minilm,latency_ns,4963500,0,49,
minilm,latency_ns,2486209,0,50,
minilm,latency_ns,3616500,0,51,
minilm,latency_ns,3859875,0,52,
minilm,latency_ns,4599500,0,53,
minilm,latency_ns,3447334,0,54,
minilm,latency_ns,2180083,0,55,
minilm,latency_ns,3863584,0,56,
minilm,latency_ns,2758709,0,57,
minilm,latency_ns,3001584,0,58,
minilm,latency_ns,4006500,0,59,
minilm,latency_ns,4076417,0,60,
minilm,latency_ns,3449625,0,61,
minilm,latency_ns,6380333,0,62,
minilm,latency_ns,3392166,0,63,
minilm,latency_ns,4823291,0,64,
minilm,latency_ns,2194000,0,65,
minilm,latency_ns,3702541,0,66,
minilm,latency_ns,3180000,0,67,
minilm,latency_ns,3324250,0,68,
minilm,latency_ns,3180334,0,69,
minilm,latency_ns,2412250,0,70,
minilm,latency_ns,5479250,0,71,
minilm,latency_ns,5468958,0,72,
minilm,latency_ns,3432583,0,73,
minilm,latency_ns,2965167,0,74,
minilm,latency_ns,2848417,0,75,
minilm,latency_ns,3086250,0,76,
minilm,latency_ns,3001250,0,77,
minilm,latency_ns,2155416,0,78,
minilm,latency_ns,4655334,0,79,
minilm,latency_ns,5318125,0,80,
minilm,latency_ns,4609000,0,81,
minilm,latency_ns,3948250,0,82,
minilm,latency_ns,3655750,0,83,
minilm,latency_ns,3225542,0,84,
minilm,latency_ns,2919333,0,85,
minilm,latency_ns,2538833,0,86,
minilm,latency_ns,4214792,0,87,
minilm,latency_ns,4685792,0,88,
minilm,latency_ns,2515583,0,89,
minilm,latency_ns,4973375,0,90,
minilm,latency_ns,2846458,0,91,
minilm,latency_ns,4004208,0,92,
minilm,latency_ns,2251209,0,93,
minilm,latency_ns,4291875,0,94,
minilm,latency_ns,2812416,0,95,
minilm,latency_ns,4467792,0,96,
minilm,latency_ns,5318375,0,97,
minilm,latency_ns,3371583,0,98,
minilm,latency_ns,3579792,0,99,
minilm,latency_ns,3626125,0,100,
minilm,latency_ns,2819583,0,101,
minilm,latency_ns,3885500,0,102,
minilm,latency_ns,4108291,0,103,
minilm,latency_ns,3029958,0,104,
minilm,latency_ns,3212584,0,105,
minilm,latency_ns,4512500,0,106,
minilm,latency_ns,3342875,0,107,
minilm,latency_ns,3022375,0,108,
minilm,latency_ns,3953000,0,109,
minilm,latency_ns,3612083,0,110,
minilm,latency_ns,3433167,0,111,
minilm,latency_ns,2003250,0,112,
minilm,latency_ns,3562958,0,113,
minilm,latency_ns,3858875,0,114,
minilm,latency_ns,2440584,0,115,
minilm,latency_ns,4570042,0,116,
minilm,latency_ns,5098958,0,117,
minilm,latency_ns,3657125,0,118,
minilm,latency_ns,4678542,0,119,
minilm,latency_ns,4720417,0,120,
minilm,latency_ns,4470833,0,121,
minilm,latency_ns,4349833,0,122,
minilm,latency_ns,4124417,0,123,
minilm,latency_ns,5995833,0,124,
minilm,latency_ns,6714708,0,125,
minilm,latency_ns,4135459,0,126,
minilm,latency_ns,2125083,0,127,
minilm,latency_ns,3893875,0,128,
minilm,latency_ns,3615917,0,129,
minilm,latency_ns,3430000,0,130,
minilm,latency_ns,4816625,0,131,
minilm,latency_ns,3132542,0,132,
minilm,latency_ns,3686583,0,133,
minilm,latency_ns,3496042,0,134,
minilm,latency_ns,3482417,0,135,
minilm,latency_ns,4822709,0,136,
minilm,latency_ns,2441166,0,137,
minilm,latency_ns,3423000,0,138,
minilm,latency_ns,5264625,0,139,
minilm,latency_ns,3592125,0,140,
minilm,latency_ns,3188458,0,141,
minilm,latency_ns,4386584,0,142,
minilm,latency_ns,4566125,0,143,
minilm,latency_ns,3672750,0,144,
minilm,latency_ns,3609459,0,145,
minilm,latency_ns,2639583,0,146,
minilm,latency_ns,3217333,0,147,
minilm,latency_ns,4947542,0,148,
minilm,latency_ns,9192375,0,149,
minilm,latency_ns,3342375,0,150,
minilm,latency_ns,2354084,0,151,
minilm,latency_ns,2580709,0,152,
minilm,latency_ns,2674042,0,153,
minilm,latency_ns,3907292,0,154,
minilm,latency_ns,5049792,0,155,
minilm,latency_ns,6005250,0,156,
minilm,latency_ns,3880458,0,157,
minilm,latency_ns,5250667,0,158,
minilm,latency_ns,3801167,0,159,
minilm,latency_ns,3486500,0,160,
minilm,latency_ns,3292542,0,161,
minilm,latency_ns,3248959,0,162,
minilm,latency_ns,3942125,0,163,
minilm,latency_ns,2743459,0,164,
minilm,latency_ns,3728916,0,165,
minilm,latency_ns,5072584,0,166,
minilm,latency_ns,3511000,0,167,
minilm,latency_ns,2285584,0,168,
minilm,latency_ns,3581209,0,169,
minilm,latency_ns,3951541,0,170,
minilm,latency_ns,2241041,0,171,
minilm,latency_ns,2827375,0,172,
minilm,latency_ns,3559583,0,173,
minilm,latency_ns,2874583,0,174,
minilm,latency_ns,3457125,0,175,
minilm,latency_ns,2375291,0,176,
minilm,latency_ns,2385375,0,177,
minilm,latency_ns,3456375,0,178,
minilm,latency_ns,3380416,0,179,
minilm,latency_ns,3654500,0,180,
minilm,latency_ns,4616875,0,181,
minilm,latency_ns,4392625,0,182,
minilm,latency_ns,3688875,0,183,
minilm,latency_ns,2198000,0,184,
minilm,latency_ns,3656334,0,185,
minilm,latency_ns,3246875,0,186,
minilm,latency_ns,5048625,0,187,
minilm,latency_ns,3108625,0,188,
minilm,latency_ns,2465459,0,189,
minilm,latency_ns,3002458,0,190,
minilm,latency_ns,2982166,0,191,
minilm,latency_ns,2991250,0,192,
minilm,latency_ns,4174208,0,193,
minilm,latency_ns,3823000,0,194,
minilm,latency_ns,3641000,0,195,
minilm,latency_ns,3676458,0,196,
minilm,latency_ns,3179042,0,197,
minilm,latency_ns,2094917,0,198,
minilm,latency_ns,3242416,0,199,
minilm,latency_ns,4783333,1,0,
minilm,latency_ns,2947333,1,1,
minilm,latency_ns,2641459,1,2,
minilm,latency_ns,3186375,1,3,
minilm,latency_ns,2997750,1,4,
minilm,latency_ns,3910584,1,5,
minilm,latency_ns,4054708,1,6,
minilm,latency_ns,4624875,1,7,
minilm,latency_ns,3213542,1,8,
minilm,latency_ns,2019292,1,9,
minilm,latency_ns,3924792,1,10,
minilm,latency_ns,3666541,1,11,
minilm,latency_ns,3841042,1,12,
minilm,latency_ns,2329000,1,13,
minilm,latency_ns,4042875,1,14,
minilm,latency_ns,7976125,1,15,
minilm,latency_ns,3814250,1,16,
minilm,latency_ns,4359333,1,17,
minilm,latency_ns,3600459,1,18,
minilm,latency_ns,2502417,1,19,
minilm,latency_ns,4424834,1,20,
minilm,latency_ns,4201333,1,21,
minilm,latency_ns,3640750,1,22,
minilm,latency_ns,2187292,1,23,
minilm,latency_ns,4700417,1,24,
minilm,latency_ns,5207042,1,25,
minilm,latency_ns,4051583,1,26,
minilm,latency_ns,3426542,1,27,
minilm,latency_ns,3507417,1,28,
minilm,latency_ns,3941583,1,29,
minilm,latency_ns,3547709,1,30,
minilm,latency_ns,4781875,1,31,
minilm,latency_ns,3764958,1,32,
minilm,latency_ns,4997417,1,33,
minilm,latency_ns,3539917,1,34,
minilm,latency_ns,3328000,1,35,
minilm,latency_ns,3291875,1,36,
minilm,latency_ns,4349083,1,37,
minilm,latency_ns,4466000,1,38,
minilm,latency_ns,4389625,1,39,
minilm,latency_ns,3602833,1,40,
minilm,latency_ns,4494958,1,41,
minilm,latency_ns,5553042,1,42,
minilm,latency_ns,2935542,1,43,
minilm,latency_ns,3254417,1,44,
minilm,latency_ns,2229208,1,45,
minilm,latency_ns,5025541,1,46,
minilm,latency_ns,3008875,1,47,
minilm,latency_ns,2608500,1,48,
minilm,latency_ns,3655167,1,49,
minilm,latency_ns,2510125,1,50,
minilm,latency_ns,3353541,1,51,
minilm,latency_ns,3810083,1,52,
minilm,latency_ns,5472459,1,53,
minilm,latency_ns,4729750,1,54,
minilm,latency_ns,2388750,1,55,
minilm,latency_ns,3415916,1,56,
minilm,latency_ns,2869583,1,57,
minilm,latency_ns,3601750,1,58,
minilm,latency_ns,3408750,1,59,
minilm,latency_ns,4804833,1,60,
minilm,latency_ns,2476333,1,61,
minilm,latency_ns,4968333,1,62,
minilm,latency_ns,3591916,1,63,
minilm,latency_ns,4163959,1,64,
minilm,latency_ns,2098125,1,65,
minilm,latency_ns,3661292,1,66,
minilm,latency_ns,2855084,1,67,
minilm,latency_ns,2629167,1,68,
minilm,latency_ns,2180084,1,69,
minilm,latency_ns,2256375,1,70,
minilm,latency_ns,4106583,1,71,
minilm,latency_ns,4803833,1,72,
minilm,latency_ns,3364667,1,73,
minilm,latency_ns,4384792,1,74,
minilm,latency_ns,3548167,1,75,
minilm,latency_ns,3976792,1,76,
minilm,latency_ns,3364458,1,77,
minilm,latency_ns,2109958,1,78,
minilm,latency_ns,4228333,1,79,
minilm,latency_ns,4537250,1,80,
minilm,latency_ns,4317875,1,81,
minilm,latency_ns,3979541,1,82,
minilm,latency_ns,4161500,1,83,
minilm,latency_ns,3351541,1,84,
minilm,latency_ns,2354791,1,85,
minilm,latency_ns,3532583,1,86,
minilm,latency_ns,4296334,1,87,
minilm,latency_ns,3587375,1,88,
minilm,latency_ns,2150958,1,89,
minilm,latency_ns,5051500,1,90,
minilm,latency_ns,3253291,1,91,
minilm,latency_ns,4245959,1,92,
minilm,latency_ns,3480708,1,93,
minilm,latency_ns,5869250,1,94,
minilm,latency_ns,3189708,1,95,
minilm,latency_ns,4252667,1,96,
minilm,latency_ns,5978417,1,97,
minilm,latency_ns,4190875,1,98,
minilm,latency_ns,3905000,1,99,
minilm,latency_ns,4765333,1,100,
minilm,latency_ns,3994958,1,101,
minilm,latency_ns,5688917,1,102,
minilm,latency_ns,8353750,1,103,
minilm,latency_ns,8038167,1,104,
minilm,latency_ns,5586459,1,105,
minilm,latency_ns,30952458,1,106,
minilm,latency_ns,35700500,1,107,
minilm,latency_ns,20506167,1,108,
minilm,latency_ns,8296042,1,109,
minilm,latency_ns,5310250,1,110,
minilm,latency_ns,6500666,1,111,
minilm,latency_ns,5608958,1,112,
minilm,latency_ns,5129958,1,113,
minilm,latency_ns,10310209,1,114,
minilm,latency_ns,3958834,1,115,
minilm,latency_ns,4649500,1,116,
minilm,latency_ns,7060500,1,117,
minilm,latency_ns,3546958,1,118,
minilm,latency_ns,5318584,1,119,
minilm,latency_ns,9268417,1,120,
minilm,latency_ns,6045917,1,121,
minilm,latency_ns,8193209,1,122,
minilm,latency_ns,6261667,1,123,
minilm,latency_ns,12453875,1,124,
minilm,latency_ns,8030000,1,125,
minilm,latency_ns,6086583,1,126,
minilm,latency_ns,2323291,1,127,
minilm,latency_ns,5347500,1,128,
minilm,latency_ns,3754625,1,129,
minilm,latency_ns,5512833,1,130,
minilm,latency_ns,4373958,1,131,
minilm,latency_ns,3831958,1,132,
minilm,latency_ns,7931958,1,133,
minilm,latency_ns,4436375,1,134,
minilm,latency_ns,4037500,1,135,
minilm,latency_ns,4592375,1,136,
minilm,latency_ns,4262625,1,137,
minilm,latency_ns,4594541,1,138,
minilm,latency_ns,4901708,1,139,
minilm,latency_ns,6310166,1,140,
minilm,latency_ns,4950416,1,141,
minilm,latency_ns,4529334,1,142,
minilm,latency_ns,5068417,1,143,
minilm,latency_ns,6390750,1,144,
minilm,latency_ns,5082917,1,145,
minilm,latency_ns,2383750,1,146,
minilm,latency_ns,5825750,1,147,
minilm,latency_ns,5004792,1,148,
minilm,latency_ns,5697916,1,149,
minilm,latency_ns,5456166,1,150,
minilm,latency_ns,4287666,1,151,
minilm,latency_ns,3038334,1,152,
minilm,latency_ns,3052833,1,153,
minilm,latency_ns,6489166,1,154,
minilm,latency_ns,5324458,1,155,
minilm,latency_ns,6352375,1,156,
minilm,latency_ns,4892416,1,157,
minilm,latency_ns,4707875,1,158,
minilm,latency_ns,4561541,1,159,
minilm,latency_ns,4770625,1,160,
minilm,latency_ns,4389834,1,161,
minilm,latency_ns,2397084,1,162,
minilm,latency_ns,4500917,1,163,
minilm,latency_ns,4736292,1,164,
minilm,latency_ns,4369917,1,165,
minilm,latency_ns,4906125,1,166,
minilm,latency_ns,4586250,1,167,
minilm,latency_ns,3531208,1,168,
minilm,latency_ns,7300416,1,169,
minilm,latency_ns,4793334,1,170,
minilm,latency_ns,2723667,1,171,
minilm,latency_ns,4468041,1,172,
minilm,latency_ns,4019833,1,173,
minilm,latency_ns,3939417,1,174,
minilm,latency_ns,3557250,1,175,
minilm,latency_ns,3881291,1,176,
minilm,latency_ns,3389958,1,177,
minilm,latency_ns,4783583,1,178,
minilm,latency_ns,4242542,1,179,
minilm,latency_ns,3542583,1,180,
minilm,latency_ns,6165333,1,181,
minilm,latency_ns,5185459,1,182,
minilm,latency_ns,4478291,1,183,
minilm,latency_ns,2900125,1,184,
minilm,latency_ns,3888708,1,185,
minilm,latency_ns,3930208,1,186,
minilm,latency_ns,4715208,1,187,
minilm,latency_ns,4177333,1,188,
minilm,latency_ns,2836791,1,189,
minilm,latency_ns,3287500,1,190,
minilm,latency_ns,3736542,1,191,
minilm,latency_ns,3797250,1,192,
minilm,latency_ns,4540667,1,193,
minilm,latency_ns,4082042,1,194,
minilm,latency_ns,5674542,1,195,
minilm,latency_ns,4877250,1,196,
minilm,latency_ns,3777666,1,197,
minilm,latency_ns,3079625,1,198,
minilm,latency_ns,4896583,1,199,
minilm,latency_ns,5550500,2,0,
minilm,latency_ns,4317333,2,1,
minilm,latency_ns,2661083,2,2,
minilm,latency_ns,3502708,2,3,
minilm,latency_ns,4030208,2,4,
minilm,latency_ns,4681417,2,5,
minilm,latency_ns,4669583,2,6,
minilm,latency_ns,6085042,2,7,
minilm,latency_ns,6873209,2,8,
minilm,latency_ns,2408958,2,9,
minilm,latency_ns,3496208,2,10,
minilm,latency_ns,10514750,2,11,
minilm,latency_ns,5981417,2,12,
minilm,latency_ns,5570792,2,13,
minilm,latency_ns,5337375,2,14,
minilm,latency_ns,6220125,2,15,
minilm,latency_ns,6361291,2,16,
minilm,latency_ns,4208833,2,17,
minilm,latency_ns,5120709,2,18,
minilm,latency_ns,2311625,2,19,
minilm,latency_ns,4054750,2,20,
minilm,latency_ns,5125958,2,21,
minilm,latency_ns,4519125,2,22,
minilm,latency_ns,4238666,2,23,
minilm,latency_ns,6364708,2,24,
minilm,latency_ns,7761833,2,25,
minilm,latency_ns,3987875,2,26,
minilm,latency_ns,3714458,2,27,
minilm,latency_ns,4336875,2,28,
minilm,latency_ns,3350667,2,29,
minilm,latency_ns,3435000,2,30,
minilm,latency_ns,6327583,2,31,
minilm,latency_ns,4753416,2,32,
minilm,latency_ns,4784167,2,33,
minilm,latency_ns,3379625,2,34,
minilm,latency_ns,4377417,2,35,
minilm,latency_ns,5039666,2,36,
minilm,latency_ns,3823209,2,37,
minilm,latency_ns,4007667,2,38,
minilm,latency_ns,3755291,2,39,
minilm,latency_ns,2422875,2,40,
minilm,latency_ns,5411791,2,41,
minilm,latency_ns,4270250,2,42,
minilm,latency_ns,2840750,2,43,
minilm,latency_ns,4111083,2,44,
minilm,latency_ns,2761125,2,45,
minilm,latency_ns,5486417,2,46,
minilm,latency_ns,3282875,2,47,
minilm,latency_ns,3388792,2,48,
minilm,latency_ns,6316792,2,49,
minilm,latency_ns,5612750,2,50,
minilm,latency_ns,6496250,2,51,
minilm,latency_ns,5913459,2,52,
minilm,latency_ns,5719625,2,53,
minilm,latency_ns,6740250,2,54,
minilm,latency_ns,2786250,2,55,
minilm,latency_ns,7436917,2,56,
minilm,latency_ns,4054250,2,57,
minilm,latency_ns,4160125,2,58,
minilm,latency_ns,5456333,2,59,
minilm,latency_ns,7554917,2,60,
minilm,latency_ns,4268667,2,61,
minilm,latency_ns,7168417,2,62,
minilm,latency_ns,5557458,2,63,
minilm,latency_ns,5168167,2,64,
minilm,latency_ns,4044625,2,65,
minilm,latency_ns,5440375,2,66,
minilm,latency_ns,4698791,2,67,
minilm,latency_ns,3609250,2,68,
minilm,latency_ns,3974334,2,69,
minilm,latency_ns,3562042,2,70,
minilm,latency_ns,6438208,2,71,
minilm,latency_ns,7869042,2,72,
minilm,latency_ns,3818083,2,73,
minilm,latency_ns,4932334,2,74,
minilm,latency_ns,5087000,2,75,
minilm,latency_ns,3423625,2,76,
minilm,latency_ns,3451625,2,77,
minilm,latency_ns,2588125,2,78,
minilm,latency_ns,6684208,2,79,
minilm,latency_ns,5308834,2,80,
minilm,latency_ns,8558958,2,81,
minilm,latency_ns,5245084,2,82,
minilm,latency_ns,5797083,2,83,
minilm,latency_ns,7199667,2,84,
minilm,latency_ns,3723667,2,85,
minilm,latency_ns,3571417,2,86,
minilm,latency_ns,4567916,2,87,
minilm,latency_ns,4477708,2,88,
minilm,latency_ns,4219917,2,89,
minilm,latency_ns,5957417,2,90,
minilm,latency_ns,3888417,2,91,
minilm,latency_ns,3756833,2,92,
minilm,latency_ns,2475000,2,93,
minilm,latency_ns,5002541,2,94,
minilm,latency_ns,4968416,2,95,
minilm,latency_ns,7000500,2,96,
minilm,latency_ns,7106958,2,97,
minilm,latency_ns,4975834,2,98,
minilm,latency_ns,4919917,2,99,
minilm,latency_ns,5828833,2,100,
minilm,latency_ns,3422542,2,101,
minilm,latency_ns,5013417,2,102,
minilm,latency_ns,5263417,2,103,
minilm,latency_ns,14293916,2,104,
minilm,latency_ns,6139625,2,105,
minilm,latency_ns,5098458,2,106,
minilm,latency_ns,6042791,2,107,
minilm,latency_ns,3432250,2,108,
minilm,latency_ns,7981875,2,109,
minilm,latency_ns,5157000,2,110,
minilm,latency_ns,7957792,2,111,
minilm,latency_ns,2928959,2,112,
minilm,latency_ns,8821583,2,113,
minilm,latency_ns,6384084,2,114,
minilm,latency_ns,4650916,2,115,
minilm,latency_ns,5869708,2,116,
minilm,latency_ns,6383750,2,117,
minilm,latency_ns,4468084,2,118,
minilm,latency_ns,5981833,2,119,
minilm,latency_ns,6121667,2,120,
minilm,latency_ns,5746209,2,121,
minilm,latency_ns,6185292,2,122,
minilm,latency_ns,3599500,2,123,
minilm,latency_ns,6781834,2,124,
minilm,latency_ns,5632709,2,125,
minilm,latency_ns,4719125,2,126,
minilm,latency_ns,2330041,2,127,
minilm,latency_ns,5304209,2,128,
minilm,latency_ns,4659000,2,129,
minilm,latency_ns,4391833,2,130,
minilm,latency_ns,6319083,2,131,
minilm,latency_ns,4144792,2,132,
minilm,latency_ns,5379125,2,133,
minilm,latency_ns,4963750,2,134,
minilm,latency_ns,5146333,2,135,
minilm,latency_ns,4148458,2,136,
minilm,latency_ns,3470542,2,137,
minilm,latency_ns,6470958,2,138,
minilm,latency_ns,10896375,2,139,
minilm,latency_ns,10564416,2,140,
minilm,latency_ns,8117583,2,141,
minilm,latency_ns,11745083,2,142,
minilm,latency_ns,4747708,2,143,
minilm,latency_ns,5841750,2,144,
minilm,latency_ns,17993750,2,145,
minilm,latency_ns,11108000,2,146,
minilm,latency_ns,13593875,2,147,
minilm,latency_ns,17673125,2,148,
minilm,latency_ns,14288959,2,149,
minilm,latency_ns,12249542,2,150,
minilm,latency_ns,15789542,2,151,
minilm,latency_ns,37080667,2,152,
minilm,latency_ns,3693708,2,153,
minilm,latency_ns,7914917,2,154,
minilm,latency_ns,6366292,2,155,
minilm,latency_ns,13974333,2,156,
minilm,latency_ns,18144125,2,157,
minilm,latency_ns,10251791,2,158,
minilm,latency_ns,6985333,2,159,
minilm,latency_ns,6379625,2,160,
minilm,latency_ns,12159750,2,161,
minilm,latency_ns,3426041,2,162,
minilm,latency_ns,9445625,2,163,
minilm,latency_ns,4119417,2,164,
minilm,latency_ns,5636208,2,165,
minilm,latency_ns,6112500,2,166,
minilm,latency_ns,6170500,2,167,
minilm,latency_ns,3386417,2,168,
minilm,latency_ns,5142291,2,169,
minilm,latency_ns,4029250,2,170,
minilm,latency_ns,3260000,2,171,
minilm,latency_ns,4400708,2,172,
minilm,latency_ns,4332166,2,173,
minilm,latency_ns,4757375,2,174,
minilm,latency_ns,4850959,2,175,
minilm,latency_ns,4397250,2,176,
minilm,latency_ns,4286666,2,177,
minilm,latency_ns,4540958,2,178,
minilm,latency_ns,5858084,2,179,
minilm,latency_ns,4347000,2,180,
minilm,latency_ns,6603084,2,181,
minilm,latency_ns,5691458,2,182,
minilm,latency_ns,6321917,2,183,
minilm,latency_ns,2905333,2,184,
minilm,latency_ns,3581083,2,185,
minilm,latency_ns,5604333,2,186,
minilm,latency_ns,8363084,2,187,
minilm,latency_ns,4145500,2,188,
minilm,latency_ns,5727209,2,189,
minilm,latency_ns,6333500,2,190,
minilm,latency_ns,9716458,2,191,
minilm,latency_ns,5493833,2,192,
minilm,latency_ns,5156084,2,193,
minilm,latency_ns,10761333,2,194,
minilm,latency_ns,8799375,2,195,
minilm,latency_ns,5623750,2,196,
minilm,latency_ns,5741333,2,197,
minilm,latency_ns,10527625,2,198,
minilm,latency_ns,13864750,2,199,
minilm,rss_increase_bytes,287358976,,,"{""load_ns"": 445845125, ""peak_rss"": 855015424, ""rss_after"": 371965952, ""rss_before"": 84606976}"
