rank_query_id,set,model,pair_gold_label,n_gold,base_gold_rank,embedding_gold_rank,rrf_gold_rank
lex-en-001,lexical-en,e5,,1,1,6,2
lex-en-002,lexical-en,e5,,2,1,32,7
lex-en-003,lexical-en,e5,,1,1,14,2
lex-en-004,lexical-en,e5,,1,4,10,4
lex-en-005,lexical-en,e5,,3,1,1,1
lex-en-006,lexical-en,e5,,1,4,2,2
lex-en-007,lexical-en,e5,,1,1,12,3
lex-en-008,lexical-en,e5,,2,1,12,3
lex-en-009,lexical-en,e5,,5,13,11,10
lex-en-010,lexical-en,e5,,1,1,1,1
lex-en-011,lexical-en,e5,,2,2,5,1
lex-en-012,lexical-en,e5,,1,1,1,1
lex-en-013,lexical-en,e5,,1,4,2,1
lex-en-014,lexical-en,e5,,1,1,16,7
lex-en-015,lexical-en,e5,,1,1,4,3
lex-en-016,lexical-en,e5,,2,7,19,7
lex-en-017,lexical-en,e5,,1,1,1,1
lex-en-018,lexical-en,e5,,1,1,2,1
lex-en-019,lexical-en,e5,,2,2,3,2
lex-en-020,lexical-en,e5,,2,2,76,17
lex-en-021,lexical-en,e5,,1,1,20,7
lex-en-022,lexical-en,e5,,3,2,1,1
lex-en-023,lexical-en,e5,,1,4,383,28
lex-en-024,lexical-en,e5,,2,2,17,5
lex-en-025,lexical-en,e5,,1,1,25,5
lex-en-026,lexical-en,e5,,1,3,2,2
lex-en-027,lexical-en,e5,,2,2,276,37
lex-en-028,lexical-en,e5,,1,1,1,1
lex-en-029,lexical-en,e5,,4,1,8,2
lex-en-030,lexical-en,e5,,4,4,12,5
lex-en-031,lexical-en,e5,,3,1,2,1
lex-en-032,lexical-en,e5,,1,1,4,1
lex-en-033,lexical-en,e5,,1,1,1,1
lex-en-034,lexical-en,e5,,2,1,2,1
lex-en-035,lexical-en,e5,,1,2,19,6
lex-en-036,lexical-en,e5,,1,1,4,2
lex-en-037,lexical-en,e5,,1,1,4,1
lex-en-038,lexical-en,e5,,5,5,3,3
lex-en-039,lexical-en,e5,,2,4,34,20
lex-en-040,lexical-en,e5,,1,1,3,2
lex-en-041,lexical-en,e5,,1,13,234,47
lex-en-042,lexical-en,e5,,2,3,5,2
lex-en-043,lexical-en,e5,,5,2,7,4
lex-en-044,lexical-en,e5,,1,1,1,1
lex-en-045,lexical-en,e5,,1,1,1,1
lex-en-046,lexical-en,e5,,2,1,2,1
lex-en-047,lexical-en,e5,,1,2,97,21
lex-en-048,lexical-en,e5,,1,1,129,9
lex-en-049,lexical-en,e5,,1,1,1,1
lex-en-050,lexical-en,e5,,2,1,4,1
lex-en-051,lexical-en,e5,,5,1,1,1
lex-en-052,lexical-en,e5,,1,1,279,12
lex-en-053,lexical-en,e5,,4,2,2,2
lex-en-054,lexical-en,e5,,3,1,2,1
lex-en-055,lexical-en,e5,,4,1,1,1
lex-en-056,lexical-en,e5,,5,1,1,1
lex-en-057,lexical-en,e5,,1,3,6,2
lex-en-058,lexical-en,e5,,2,1,1,1
lex-en-059,lexical-en,e5,,1,1,1,1
lex-en-060,lexical-en,e5,,1,1,1,1
lex-en-061,lexical-en,e5,,1,1,1,1
lex-en-062,lexical-en,e5,,5,1,3,1
lex-en-063,lexical-en,e5,,1,2,35,3
lex-en-064,lexical-en,e5,,2,1,1,1
lex-en-065,lexical-en,e5,,4,1,1,1
lex-en-066,lexical-en,e5,,1,6,16,6
lex-en-067,lexical-en,e5,,4,1,1,1
lex-en-068,lexical-en,e5,,1,4,90,13
lex-en-069,lexical-en,e5,,2,1,1,1
lex-en-070,lexical-en,e5,,5,7,6,3
lex-en-071,lexical-en,e5,,1,18,20,13
lex-en-072,lexical-en,e5,,3,6,9,9
lex-en-073,lexical-en,e5,,1,2,1,1
lex-en-074,lexical-en,e5,,2,1,2,1
lex-en-075,lexical-en,e5,,1,1,11,4
lex-en-076,lexical-en,e5,,1,1,152,8
lex-en-077,lexical-en,e5,,1,1,18,2
lex-en-078,lexical-en,e5,,3,1,3,1
lex-en-079,lexical-en,e5,,1,1,1,1
lex-en-080,lexical-en,e5,,3,1,1,1
lex-en-081,lexical-en,e5,,2,1,12,1
lex-en-082,lexical-en,e5,,1,1,84,13
lex-en-083,lexical-en,e5,,1,1,2,1
lex-en-084,lexical-en,e5,,1,1,1,1
lex-en-085,lexical-en,e5,,2,2,21,3
lex-en-086,lexical-en,e5,,1,2,4,1
lex-en-087,lexical-en,e5,,3,1,2,1
lex-en-088,lexical-en,e5,,1,1,429,26
lex-en-089,lexical-en,e5,,2,2,1,1
lex-en-090,lexical-en,e5,,3,1,1,1
lex-en-091,lexical-en,e5,,1,1,3,1
lex-en-092,lexical-en,e5,,2,4,1,1
lex-en-093,lexical-en,e5,,2,1,1,1
lex-en-094,lexical-en,e5,,1,3,3,1
lex-en-095,lexical-en,e5,,1,1,525,28
lex-en-096,lexical-en,e5,,1,2,47,11
lex-en-097,lexical-en,e5,,1,2,28,7
lex-en-098,lexical-en,e5,,4,1,1,1
lex-en-099,lexical-en,e5,,1,1,72,17
lex-en-100,lexical-en,e5,,1,3,14,2
lex-en-101,lexical-en,e5,,1,4,11,5
lex-en-102,lexical-en,e5,,1,1,47,9
lex-en-103,lexical-en,e5,,1,1,1,1
lex-en-104,lexical-en,e5,,5,5,7,7
lex-en-105,lexical-en,e5,,1,1,2,1
lex-en-106,lexical-en,e5,,2,1,4,1
lex-en-107,lexical-en,e5,,1,1,1,1
lex-en-108,lexical-en,e5,,1,1,1,1
lex-en-109,lexical-en,e5,,2,1,2,2
lex-en-110,lexical-en,e5,,1,1,2,1
lex-en-111,lexical-en,e5,,1,1,11,1
lex-en-112,lexical-en,e5,,4,1,1,1
lex-en-113,lexical-en,e5,,2,6,1,2
lex-en-114,lexical-en,e5,,2,4,1,2
lex-en-115,lexical-en,e5,,1,3,15,7
lex-en-116,lexical-en,e5,,1,2,46,6
lex-en-117,lexical-en,e5,,3,3,2,2
lex-en-118,lexical-en,e5,,5,1,1,1
lex-en-119,lexical-en,e5,,2,1,3,1
lex-en-120,lexical-en,e5,,1,1,6,1
lex-en-121,lexical-en,e5,,2,1,9,1
lex-en-122,lexical-en,e5,,2,1,6,3
lex-en-123,lexical-en,e5,,1,5,3,4
lex-en-124,lexical-en,e5,,1,1,1,1
lex-en-125,lexical-en,e5,,1,2,1,1
lex-en-126,lexical-en,e5,,1,16,53,20
lex-en-127,lexical-en,e5,,1,7,374,37
lex-en-128,lexical-en,e5,,3,1,33,5
lex-en-129,lexical-en,e5,,4,1,2,2
lex-en-130,lexical-en,e5,,3,1,19,6
lex-en-131,lexical-en,e5,,3,1,2,1
lex-en-132,lexical-en,e5,,1,1,2,1
lex-en-133,lexical-en,e5,,3,1,10,1
lex-en-134,lexical-en,e5,,3,1,1,1
lex-en-135,lexical-en,e5,,1,3,674,48
lex-en-136,lexical-en,e5,,1,1,37,10
lex-en-137,lexical-en,e5,,1,10,27,12
lex-en-138,lexical-en,e5,,4,3,41,6
lex-en-139,lexical-en,e5,,1,1,28,5
lex-en-140,lexical-en,e5,,1,3,32,10
lex-en-141,lexical-en,e5,,1,1,6,4
lex-en-142,lexical-en,e5,,1,1,4,2
lex-en-143,lexical-en,e5,,2,4,1,3
lex-en-144,lexical-en,e5,,2,1,3,2
lex-en-145,lexical-en,e5,,3,1,1,1
lex-en-146,lexical-en,e5,,1,1,8,2
lex-en-147,lexical-en,e5,,1,2,233,31
lex-en-148,lexical-en,e5,,3,1,4,3
lex-en-149,lexical-en,e5,,3,1,2,2
lex-en-150,lexical-en,e5,,1,1,29,5
lex-en-151,lexical-en,e5,,1,1,5,2
lex-en-152,lexical-en,e5,,4,1,4,2
lex-en-153,lexical-en,e5,,4,2,5,3
lex-en-154,lexical-en,e5,,2,1,3,1
lex-en-155,lexical-en,e5,,1,1,2,1
lex-en-156,lexical-en,e5,,4,2,4,1
lex-en-157,lexical-en,e5,,1,3,20,5
lex-en-158,lexical-en,e5,,5,2,27,4
lex-en-159,lexical-en,e5,,1,1,159,9
lex-en-160,lexical-en,e5,,1,4,1,2
lex-en-161,lexical-en,e5,,5,1,1,1
lex-en-162,lexical-en,e5,,1,1,1,1
lex-en-163,lexical-en,e5,,2,2,8,3
lex-en-164,lexical-en,e5,,1,1,1,1
lex-en-165,lexical-en,e5,,1,2,22,5
lex-en-166,lexical-en,e5,,2,2,1,1
lex-en-167,lexical-en,e5,,2,3,2,1
lex-en-168,lexical-en,e5,,3,1,5,2
lex-en-169,lexical-en,e5,,1,1,32,6
lex-en-170,lexical-en,e5,,1,1,2,1
lex-en-171,lexical-en,e5,,1,1,1,1
lex-en-172,lexical-en,e5,,2,2,6,3
lex-en-173,lexical-en,e5,,3,6,16,10
lex-en-174,lexical-en,e5,,1,2,20,6
lex-en-175,lexical-en,e5,,2,1,2,1
lex-en-176,lexical-en,e5,,4,1,2,1
lex-en-177,lexical-en,e5,,3,1,4,1
lex-en-178,lexical-en,e5,,2,1,1,1
lex-en-179,lexical-en,e5,,4,3,11,1
lex-en-180,lexical-en,e5,,5,1,17,3
lex-en-181,lexical-en,e5,,2,1,1,1
lex-en-182,lexical-en,e5,,1,4,21,3
lex-en-183,lexical-en,e5,,1,1,39,6
lex-en-184,lexical-en,e5,,1,10,107,22
lex-en-185,lexical-en,e5,,5,2,4,2
lex-en-186,lexical-en,e5,,5,1,1,1
lex-en-187,lexical-en,e5,,1,2,5,1
lex-en-188,lexical-en,e5,,2,3,1,1
lex-en-189,lexical-en,e5,,1,1,113,10
lex-en-190,lexical-en,e5,,3,1,118,16
lex-en-191,lexical-en,e5,,2,1,5,2
lex-en-192,lexical-en,e5,,1,8,4,3
lex-en-193,lexical-en,e5,,1,1,4,2
lex-en-194,lexical-en,e5,,1,1,4,2
lex-en-195,lexical-en,e5,,3,1,1,1
lex-en-196,lexical-en,e5,,1,1,6,1
lex-en-197,lexical-en,e5,,2,1,4,1
lex-en-198,lexical-en,e5,,1,1,23,5
lex-en-199,lexical-en,e5,,3,1,2,1
lex-en-200,lexical-en,e5,,1,2,9,2
lex-ko-001,lexical-ko,e5,,1,1,35,9
lex-ko-002,lexical-ko,e5,,2,2,2,1
lex-ko-003,lexical-ko,e5,,1,1,2,1
lex-ko-004,lexical-ko,e5,,1,1,6,3
lex-ko-005,lexical-ko,e5,,1,7,99,18
lex-ko-006,lexical-ko,e5,,1,1,4,1
lex-ko-007,lexical-ko,e5,,1,1,1,1
lex-ko-008,lexical-ko,e5,,1,1,16,4
lex-ko-009,lexical-ko,e5,,1,4,4,3
lex-ko-010,lexical-ko,e5,,1,1,1,1
lex-ko-011,lexical-ko,e5,,1,1,78,14
lex-ko-012,lexical-ko,e5,,1,2,8,3
lex-ko-013,lexical-ko,e5,,2,2,9,2
lex-ko-014,lexical-ko,e5,,1,4,10,6
lex-ko-015,lexical-ko,e5,,1,1,64,9
lex-ko-016,lexical-ko,e5,,1,1,1,1
lex-ko-017,lexical-ko,e5,,3,1,11,4
lex-ko-018,lexical-ko,e5,,1,1,6,2
lex-ko-019,lexical-ko,e5,,2,1,1,1
lex-ko-020,lexical-ko,e5,,1,1,3,1
lex-ko-021,lexical-ko,e5,,1,4,10,2
lex-ko-022,lexical-ko,e5,,1,4,7,2
lex-ko-023,lexical-ko,e5,,1,1,6,1
lex-ko-024,lexical-ko,e5,,1,1,132,28
lex-ko-025,lexical-ko,e5,,5,1,2,1
lex-ko-026,lexical-ko,e5,,1,1,14,5
lex-ko-027,lexical-ko,e5,,1,4,41,9
lex-ko-028,lexical-ko,e5,,2,3,63,9
lex-ko-029,lexical-ko,e5,,1,2,230,25
lex-ko-030,lexical-ko,e5,,2,1,31,11
lex-ko-031,lexical-ko,e5,,1,4,9,4
lex-ko-032,lexical-ko,e5,,2,2,3,2
lex-ko-033,lexical-ko,e5,,1,1,5,2
lex-ko-034,lexical-ko,e5,,1,1,1,1
lex-ko-035,lexical-ko,e5,,3,1,2,1
lex-ko-036,lexical-ko,e5,,2,2,172,28
lex-ko-037,lexical-ko,e5,,1,6,4,2
lex-ko-038,lexical-ko,e5,,1,1,8,1
lex-ko-039,lexical-ko,e5,,1,5,16,4
lex-ko-040,lexical-ko,e5,,1,1,3,1
lex-ko-041,lexical-ko,e5,,2,1,1,1
lex-ko-042,lexical-ko,e5,,3,2,3,2
lex-ko-043,lexical-ko,e5,,1,1,25,3
lex-ko-044,lexical-ko,e5,,1,2,105,9
lex-ko-045,lexical-ko,e5,,1,2,24,6
lex-ko-046,lexical-ko,e5,,1,2,78,10
lex-ko-047,lexical-ko,e5,,1,6,28,8
lex-ko-048,lexical-ko,e5,,1,1,5,1
lex-ko-049,lexical-ko,e5,,1,1,7,2
lex-ko-050,lexical-ko,e5,,1,1,7,2
lex-ko-051,lexical-ko,e5,,5,1,1,1
lex-ko-052,lexical-ko,e5,,2,1,24,2
lex-ko-053,lexical-ko,e5,,2,1,4,2
lex-ko-054,lexical-ko,e5,,1,1,2,1
lex-ko-055,lexical-ko,e5,,1,1,4,1
lex-ko-056,lexical-ko,e5,,1,1,3,1
lex-ko-057,lexical-ko,e5,,1,2,101,15
lex-ko-058,lexical-ko,e5,,1,1,22,3
lex-ko-059,lexical-ko,e5,,1,5,209,45
lex-ko-060,lexical-ko,e5,,1,1,4,2
lex-ko-061,lexical-ko,e5,,2,1,33,4
lex-ko-062,lexical-ko,e5,,1,1,6,2
lex-ko-063,lexical-ko,e5,,1,1,1,1
lex-ko-064,lexical-ko,e5,,1,1,3,2
lex-ko-065,lexical-ko,e5,,3,1,5,1
lex-ko-066,lexical-ko,e5,,1,1,2,1
lex-ko-067,lexical-ko,e5,,1,1,5,1
lex-ko-068,lexical-ko,e5,,2,1,4,1
lex-ko-069,lexical-ko,e5,,1,1,130,18
lex-ko-070,lexical-ko,e5,,1,1,14,1
lex-ko-071,lexical-ko,e5,,2,1,6,2
lex-ko-072,lexical-ko,e5,,3,1,36,9
lex-ko-073,lexical-ko,e5,,1,1,17,1
lex-ko-074,lexical-ko,e5,,2,1,15,5
lex-ko-075,lexical-ko,e5,,1,1,74,7
lex-ko-076,lexical-ko,e5,,2,3,6,4
lex-ko-077,lexical-ko,e5,,2,2,1,1
lex-ko-078,lexical-ko,e5,,3,1,7,1
lex-ko-079,lexical-ko,e5,,1,7,4,4
lex-ko-080,lexical-ko,e5,,2,1,1,1
lex-ko-081,lexical-ko,e5,,1,1,25,4
lex-ko-082,lexical-ko,e5,,2,1,1,1
lex-ko-083,lexical-ko,e5,,1,1,2,1
lex-ko-084,lexical-ko,e5,,1,1,8,2
lex-ko-085,lexical-ko,e5,,1,1,126,16
lex-ko-086,lexical-ko,e5,,2,3,46,13
lex-ko-087,lexical-ko,e5,,1,1,2,1
lex-ko-088,lexical-ko,e5,,1,2,5,2
lex-ko-089,lexical-ko,e5,,3,2,28,8
lex-ko-090,lexical-ko,e5,,1,4,11,1
lex-ko-091,lexical-ko,e5,,5,1,1,1
lex-ko-092,lexical-ko,e5,,1,1,73,9
lex-ko-093,lexical-ko,e5,,1,1,2,1
lex-ko-094,lexical-ko,e5,,1,1,147,8
lex-ko-095,lexical-ko,e5,,1,1,3,1
lex-ko-096,lexical-ko,e5,,1,2,18,4
lex-ko-097,lexical-ko,e5,,1,1,327,33
lex-ko-098,lexical-ko,e5,,2,1,3,3
lex-ko-099,lexical-ko,e5,,1,1,1,1
lex-ko-100,lexical-ko,e5,,1,3,3,2
lex-ko-101,lexical-ko,e5,,1,1,1,1
lex-ko-102,lexical-ko,e5,,1,1,28,6
lex-ko-103,lexical-ko,e5,,1,1,1,1
lex-ko-104,lexical-ko,e5,,1,1,2,1
lex-ko-105,lexical-ko,e5,,1,1,18,8
lex-ko-106,lexical-ko,e5,,1,1,25,7
lex-ko-107,lexical-ko,e5,,1,5,15,2
lex-ko-108,lexical-ko,e5,,1,1,5,1
lex-ko-109,lexical-ko,e5,,1,1,18,7
lex-ko-110,lexical-ko,e5,,1,1,3,1
lex-ko-111,lexical-ko,e5,,1,1,26,5
lex-ko-112,lexical-ko,e5,,1,1,2,1
lex-ko-113,lexical-ko,e5,,1,1,15,3
lex-ko-114,lexical-ko,e5,,4,1,2,2
lex-ko-115,lexical-ko,e5,,1,1,2,1
lex-ko-116,lexical-ko,e5,,1,2,1,2
lex-ko-117,lexical-ko,e5,,5,1,5,2
lex-ko-118,lexical-ko,e5,,2,1,1,1
lex-ko-119,lexical-ko,e5,,1,1,5,1
lex-ko-120,lexical-ko,e5,,4,1,9,1
lex-ko-121,lexical-ko,e5,,1,1,3,1
lex-ko-122,lexical-ko,e5,,1,1,8,2
lex-ko-123,lexical-ko,e5,,1,1,1,1
lex-ko-124,lexical-ko,e5,,3,1,3,2
lex-ko-125,lexical-ko,e5,,1,2,83,8
lex-ko-126,lexical-ko,e5,,1,3,3,2
lex-ko-127,lexical-ko,e5,,3,1,3,1
lex-ko-128,lexical-ko,e5,,1,2,36,7
lex-ko-129,lexical-ko,e5,,1,1,3,2
lex-ko-130,lexical-ko,e5,,1,1,8,1
lex-ko-131,lexical-ko,e5,,4,2,2,1
lex-ko-132,lexical-ko,e5,,3,1,1,1
lex-ko-133,lexical-ko,e5,,1,1,1,1
lex-ko-134,lexical-ko,e5,,1,1,5,1
lex-ko-135,lexical-ko,e5,,1,1,113,23
lex-ko-136,lexical-ko,e5,,2,1,1,1
lex-ko-137,lexical-ko,e5,,2,1,1,1
lex-ko-138,lexical-ko,e5,,1,1,1,1
lex-ko-139,lexical-ko,e5,,1,1,4,1
lex-ko-140,lexical-ko,e5,,1,1,6,3
lex-ko-141,lexical-ko,e5,,1,1,9,2
lex-ko-142,lexical-ko,e5,,1,3,25,5
lex-ko-143,lexical-ko,e5,,1,1,16,6
lex-ko-144,lexical-ko,e5,,1,1,85,19
lex-ko-145,lexical-ko,e5,,1,1,2,1
lex-ko-146,lexical-ko,e5,,1,5,3,2
lex-ko-147,lexical-ko,e5,,2,1,8,3
lex-ko-148,lexical-ko,e5,,1,1,50,7
lex-ko-149,lexical-ko,e5,,1,1,38,10
lex-ko-150,lexical-ko,e5,,1,1,104,22
lex-ko-151,lexical-ko,e5,,1,1,1,1
lex-ko-152,lexical-ko,e5,,3,1,7,3
lex-ko-153,lexical-ko,e5,,1,1,4,2
lex-ko-154,lexical-ko,e5,,2,1,2,1
lex-ko-155,lexical-ko,e5,,1,3,44,9
lex-ko-156,lexical-ko,e5,,1,1,233,19
lex-ko-157,lexical-ko,e5,,1,1,158,19
lex-ko-158,lexical-ko,e5,,2,1,3,2
lex-ko-159,lexical-ko,e5,,1,1,5,3
lex-ko-160,lexical-ko,e5,,1,1,167,14
lex-ko-161,lexical-ko,e5,,1,3,64,11
lex-ko-162,lexical-ko,e5,,1,1,5,1
lex-ko-163,lexical-ko,e5,,1,4,28,8
lex-ko-164,lexical-ko,e5,,3,1,3,1
lex-ko-165,lexical-ko,e5,,1,1,1,1
lex-ko-166,lexical-ko,e5,,1,1,16,2
lex-ko-167,lexical-ko,e5,,1,1,1,1
lex-ko-168,lexical-ko,e5,,1,1,12,5
lex-ko-169,lexical-ko,e5,,1,2,104,15
lex-ko-170,lexical-ko,e5,,1,1,10,5
lex-ko-171,lexical-ko,e5,,1,1,113,15
lex-ko-172,lexical-ko,e5,,1,4,2,1
lex-ko-173,lexical-ko,e5,,1,1,1,1
lex-ko-174,lexical-ko,e5,,1,1,199,30
lex-ko-175,lexical-ko,e5,,1,1,156,8
lex-ko-176,lexical-ko,e5,,1,1,55,7
lex-ko-177,lexical-ko,e5,,2,1,4,2
lex-ko-178,lexical-ko,e5,,2,1,2,1
lex-ko-179,lexical-ko,e5,,1,4,9,5
lex-ko-180,lexical-ko,e5,,1,14,47,14
lex-ko-181,lexical-ko,e5,,4,1,1,1
lex-ko-182,lexical-ko,e5,,1,1,4,2
lex-ko-183,lexical-ko,e5,,2,1,33,5
lex-ko-184,lexical-ko,e5,,1,1,25,4
lex-ko-185,lexical-ko,e5,,1,2,8,4
lex-ko-186,lexical-ko,e5,,2,1,18,5
lex-ko-187,lexical-ko,e5,,1,1,2,1
lex-ko-188,lexical-ko,e5,,1,1,4,2
lex-ko-189,lexical-ko,e5,,1,1,2,1
lex-ko-190,lexical-ko,e5,,3,1,37,6
lex-ko-191,lexical-ko,e5,,3,2,7,1
lex-ko-192,lexical-ko,e5,,3,1,14,5
lex-ko-193,lexical-ko,e5,,3,1,1,1
lex-ko-194,lexical-ko,e5,,1,1,426,33
lex-ko-195,lexical-ko,e5,,3,1,1,1
lex-ko-196,lexical-ko,e5,,1,7,33,7
lex-ko-197,lexical-ko,e5,,2,1,61,11
lex-ko-198,lexical-ko,e5,,2,1,1,1
lex-ko-199,lexical-ko,e5,,1,1,14,3
lex-ko-200,lexical-ko,e5,,1,2,193,32
syn-pair-001,synonym,e5,different,1,,383,404
syn-pair-002,synonym,e5,different,1,,439,444
syn-pair-003,synonym,e5,different,1,,214,279
syn-pair-004,synonym,e5,different,1,,411,415
syn-pair-005,synonym,e5,same,1,,458,458
syn-pair-006,synonym,e5,different,1,,244,261
syn-pair-007,synonym,e5,different,1,,498,500
syn-pair-008,synonym,e5,different,1,,837,837
syn-pair-009,synonym,e5,same,1,,916,917
syn-pair-010,synonym,e5,different,1,,667,667
syn-pair-011,synonym,e5,different,1,,431,439
syn-pair-012,synonym,e5,different,1,,424,434
syn-pair-013,synonym,e5,different,1,,845,851
syn-pair-014,synonym,e5,same,1,,101,197
syn-pair-015,synonym,e5,different,1,,438,457
syn-pair-016,synonym,e5,same,1,,627,628
syn-pair-017,synonym,e5,same,1,,356,372
syn-pair-018,synonym,e5,same,1,,333,362
syn-pair-019,synonym,e5,same,1,,999,1000
syn-pair-020,synonym,e5,different,1,,732,732
syn-pair-021,synonym,e5,different,1,,766,769
syn-pair-022,synonym,e5,different,1,,513,527
syn-pair-023,synonym,e5,different,1,,349,376
syn-pair-024,synonym,e5,same,1,,330,333
syn-pair-025,synonym,e5,different,1,,338,360
syn-pair-026,synonym,e5,unclear,1,,354,393
syn-pair-027,synonym,e5,different,1,,334,339
syn-pair-028,synonym,e5,same,1,,474,478
syn-pair-029,synonym,e5,different,1,,935,935
syn-pair-030,synonym,e5,different,1,,504,505
syn-pair-031,synonym,e5,different,1,,594,594
syn-pair-032,synonym,e5,different,1,,892,892
syn-pair-033,synonym,e5,same,1,,453,458
syn-pair-034,synonym,e5,same,1,,229,302
syn-pair-035,synonym,e5,different,1,,549,554
syn-pair-036,synonym,e5,different,1,,301,342
syn-pair-037,synonym,e5,same,1,,509,528
syn-pair-038,synonym,e5,different,1,,136,268
syn-pair-039,synonym,e5,different,1,,953,953
syn-pair-040,synonym,e5,same,1,,1140,1140
syn-pair-041,synonym,e5,different,1,,418,419
syn-pair-042,synonym,e5,different,1,,298,338
syn-pair-043,synonym,e5,same,1,,673,683
syn-pair-044,synonym,e5,different,1,,568,570
syn-pair-045,synonym,e5,unclear,1,,991,991
syn-pair-046,synonym,e5,different,1,,275,288
syn-pair-047,synonym,e5,different,1,,134,251
syn-pair-048,synonym,e5,different,1,,980,980
syn-pair-049,synonym,e5,same,1,,219,233
syn-pair-050,synonym,e5,same,1,,369,414
syn-pair-051,synonym,e5,different,1,,918,918
syn-pair-052,synonym,e5,different,1,,480,484
syn-pair-053,synonym,e5,same,1,,458,481
syn-pair-054,synonym,e5,different,1,,644,644
syn-pair-055,synonym,e5,same,1,,258,297
syn-pair-056,synonym,e5,same,1,,614,616
syn-pair-057,synonym,e5,different,1,,244,309
syn-pair-058,synonym,e5,different,1,,820,821
syn-pair-059,synonym,e5,different,1,,1069,1069
syn-pair-060,synonym,e5,same,1,,815,816
syn-pair-061,synonym,e5,different,1,,621,626
syn-pair-062,synonym,e5,different,1,,599,601
syn-pair-063,synonym,e5,different,1,,246,297
syn-pair-064,synonym,e5,same,1,,538,551
syn-pair-065,synonym,e5,same,1,,567,575
syn-pair-066,synonym,e5,same,1,,350,353
syn-pair-067,synonym,e5,same,1,,454,465
syn-pair-068,synonym,e5,different,1,,427,432
syn-pair-069,synonym,e5,different,1,,708,708
syn-pair-070,synonym,e5,different,1,,653,657
syn-pair-071,synonym,e5,different,1,,817,818
syn-pair-072,synonym,e5,different,1,,349,384
syn-pair-073,synonym,e5,different,1,,437,453
syn-pair-074,synonym,e5,different,1,,471,474
syn-pair-075,synonym,e5,different,1,,509,524
syn-pair-076,synonym,e5,different,1,,914,915
syn-pair-077,synonym,e5,same,1,,219,270
syn-pair-078,synonym,e5,different,1,,536,536
syn-pair-079,synonym,e5,different,1,,832,832
syn-pair-080,synonym,e5,different,1,,798,798
syn-pair-081,synonym,e5,different,1,,327,337
syn-pair-082,synonym,e5,different,1,,618,620
syn-pair-083,synonym,e5,different,1,,768,768
syn-pair-084,synonym,e5,different,1,,295,337
syn-pair-085,synonym,e5,different,1,,284,286
syn-pair-086,synonym,e5,different,1,,575,575
syn-pair-087,synonym,e5,same,1,,405,406
syn-pair-088,synonym,e5,different,1,,796,796
syn-pair-089,synonym,e5,different,1,,247,259
syn-pair-090,synonym,e5,different,1,,425,426
syn-pair-091,synonym,e5,different,1,,340,376
syn-pair-092,synonym,e5,different,1,,479,480
syn-pair-093,synonym,e5,different,1,,789,789
syn-pair-094,synonym,e5,different,1,,546,566
syn-pair-095,synonym,e5,different,1,,529,544
syn-pair-096,synonym,e5,same,1,,901,901
syn-pair-097,synonym,e5,different,1,,206,297
syn-pair-098,synonym,e5,same,1,,573,576
syn-pair-099,synonym,e5,same,1,,634,634
syn-pair-100,synonym,e5,different,1,,810,810
syn-pair-101,synonym,e5,same,1,,276,315
syn-pair-102,synonym,e5,same,1,,390,396
syn-pair-103,synonym,e5,different,1,,406,414
syn-pair-104,synonym,e5,same,1,,1053,1053
syn-pair-105,synonym,e5,different,1,,818,818
syn-pair-106,synonym,e5,same,1,,346,358
syn-pair-107,synonym,e5,same,1,,582,586
syn-pair-108,synonym,e5,same,1,,42,153
syn-pair-109,synonym,e5,different,1,,363,387
syn-pair-110,synonym,e5,same,1,,1073,1073
syn-pair-111,synonym,e5,different,1,,475,477
syn-pair-112,synonym,e5,same,1,,320,365
syn-pair-113,synonym,e5,same,1,,575,575
syn-pair-114,synonym,e5,same,1,,1041,1041
syn-pair-115,synonym,e5,different,1,,234,307
syn-pair-116,synonym,e5,different,1,,492,494
syn-pair-117,synonym,e5,different,1,,693,693
syn-pair-118,synonym,e5,different,1,,158,282
syn-pair-119,synonym,e5,same,1,,882,883
syn-pair-120,synonym,e5,different,1,,400,412
syn-pair-121,synonym,e5,same,1,,521,539
syn-pair-122,synonym,e5,different,1,,803,804
syn-pair-123,synonym,e5,different,1,,290,309
syn-pair-124,synonym,e5,different,1,,911,911
syn-pair-125,synonym,e5,different,1,,384,414
syn-pair-126,synonym,e5,different,1,,724,724
syn-pair-127,synonym,e5,different,1,,982,987
syn-pair-128,synonym,e5,different,1,,922,922
syn-pair-129,synonym,e5,different,1,,207,253
syn-pair-130,synonym,e5,different,1,,671,672
syn-pair-131,synonym,e5,different,1,,807,807
syn-pair-132,synonym,e5,different,1,,551,557
syn-pair-133,synonym,e5,different,1,,750,750
syn-pair-134,synonym,e5,different,1,,227,282
syn-pair-135,synonym,e5,same,1,,997,997
syn-pair-136,synonym,e5,different,1,,263,295
syn-pair-137,synonym,e5,different,1,,739,748
syn-pair-138,synonym,e5,different,1,,1080,1080
syn-pair-139,synonym,e5,different,1,,299,301
syn-pair-140,synonym,e5,same,1,,567,568
syn-pair-141,synonym,e5,different,1,,512,513
syn-pair-142,synonym,e5,different,1,,663,669
syn-pair-143,synonym,e5,different,1,,343,366
syn-pair-144,synonym,e5,different,1,,1045,1045
syn-pair-145,synonym,e5,different,1,,860,860
syn-pair-146,synonym,e5,different,1,,314,328
syn-pair-147,synonym,e5,same,1,,663,663
syn-pair-148,synonym,e5,unclear,1,,426,429
syn-pair-149,synonym,e5,different,1,,600,607
syn-pair-150,synonym,e5,different,1,,471,481
syn-pair-151,synonym,e5,different,1,,425,440
syn-pair-152,synonym,e5,different,1,,408,410
syn-pair-153,synonym,e5,different,1,,568,568
syn-pair-154,synonym,e5,different,1,,1143,1143
syn-pair-155,synonym,e5,same,1,,399,402
syn-pair-156,synonym,e5,same,1,,141,273
syn-pair-157,synonym,e5,same,1,,432,474
syn-pair-158,synonym,e5,different,1,,527,535
syn-pair-159,synonym,e5,same,1,,430,432
syn-pair-160,synonym,e5,same,1,,348,362
syn-pair-161,synonym,e5,different,1,,797,797
syn-pair-162,synonym,e5,different,1,,319,339
syn-pair-163,synonym,e5,different,1,,411,412
syn-pair-164,synonym,e5,different,1,,428,446
syn-pair-165,synonym,e5,same,1,,758,758
syn-pair-166,synonym,e5,same,1,,593,593
syn-pair-167,synonym,e5,different,1,,499,506
syn-pair-168,synonym,e5,different,1,,948,948
syn-pair-169,synonym,e5,same,1,,593,597
syn-pair-170,synonym,e5,different,1,,158,252
syn-pair-171,synonym,e5,same,1,,861,862
syn-pair-172,synonym,e5,different,1,,760,760
syn-pair-173,synonym,e5,same,1,,322,328
syn-pair-174,synonym,e5,same,1,,919,921
syn-pair-175,synonym,e5,different,1,,931,931
syn-pair-176,synonym,e5,different,1,,628,628
syn-pair-177,synonym,e5,different,1,,330,332
syn-pair-178,synonym,e5,different,1,,570,570
syn-pair-179,synonym,e5,different,1,,987,987
syn-pair-180,synonym,e5,different,1,,264,382
syn-pair-181,synonym,e5,different,1,,845,848
syn-pair-182,synonym,e5,different,1,,467,469
syn-pair-183,synonym,e5,different,1,,273,297
syn-pair-184,synonym,e5,different,1,,377,385
syn-pair-185,synonym,e5,different,1,,711,722
syn-pair-186,synonym,e5,different,1,,419,422
syn-pair-187,synonym,e5,different,1,,735,735
syn-pair-188,synonym,e5,different,1,,1004,1004
syn-pair-189,synonym,e5,same,1,,950,950
syn-pair-190,synonym,e5,same,1,,559,559
syn-pair-191,synonym,e5,different,1,,749,749
syn-pair-192,synonym,e5,different,1,,610,612
syn-pair-193,synonym,e5,different,1,,650,650
syn-pair-194,synonym,e5,same,1,,548,550
syn-pair-195,synonym,e5,same,1,,222,293
syn-pair-196,synonym,e5,different,1,,478,490
syn-pair-197,synonym,e5,same,1,,542,544
syn-pair-198,synonym,e5,different,1,,564,585
syn-pair-199,synonym,e5,different,1,,427,427
syn-pair-200,synonym,e5,different,1,,835,835
lex-en-001,lexical-en,minilm,,1,1,32,3
lex-en-002,lexical-en,minilm,,2,1,445,14
lex-en-003,lexical-en,minilm,,1,1,2,1
lex-en-004,lexical-en,minilm,,1,4,28,6
lex-en-005,lexical-en,minilm,,3,1,1,1
lex-en-006,lexical-en,minilm,,1,4,1,1
lex-en-007,lexical-en,minilm,,1,1,336,10
lex-en-008,lexical-en,minilm,,2,1,347,5
lex-en-009,lexical-en,minilm,,5,13,16,4
lex-en-010,lexical-en,minilm,,1,1,4,1
lex-en-011,lexical-en,minilm,,2,2,219,18
lex-en-012,lexical-en,minilm,,1,1,1,1
lex-en-013,lexical-en,minilm,,1,4,35,1
lex-en-014,lexical-en,minilm,,1,1,17,4
lex-en-015,lexical-en,minilm,,1,1,40,8
lex-en-016,lexical-en,minilm,,2,7,69,18
lex-en-017,lexical-en,minilm,,1,1,6,2
lex-en-018,lexical-en,minilm,,1,1,3,1
lex-en-019,lexical-en,minilm,,2,2,1,1
lex-en-020,lexical-en,minilm,,2,2,82,13
lex-en-021,lexical-en,minilm,,1,1,8,3
lex-en-022,lexical-en,minilm,,3,2,8,1
lex-en-023,lexical-en,minilm,,1,4,164,12
lex-en-024,lexical-en,minilm,,2,2,20,4
lex-en-025,lexical-en,minilm,,1,1,2,1
lex-en-026,lexical-en,minilm,,1,3,10,4
lex-en-027,lexical-en,minilm,,2,2,413,23
lex-en-028,lexical-en,minilm,,1,1,9,1
lex-en-029,lexical-en,minilm,,4,1,18,1
lex-en-030,lexical-en,minilm,,4,4,57,10
lex-en-031,lexical-en,minilm,,3,1,94,2
lex-en-032,lexical-en,minilm,,1,1,53,6
lex-en-033,lexical-en,minilm,,1,1,110,4
lex-en-034,lexical-en,minilm,,2,1,177,7
lex-en-035,lexical-en,minilm,,1,2,29,2
lex-en-036,lexical-en,minilm,,1,1,294,8
lex-en-037,lexical-en,minilm,,1,1,41,4
lex-en-038,lexical-en,minilm,,5,5,108,7
lex-en-039,lexical-en,minilm,,2,4,86,11
lex-en-040,lexical-en,minilm,,1,1,6,2
lex-en-041,lexical-en,minilm,,1,13,218,29
lex-en-042,lexical-en,minilm,,2,3,300,14
lex-en-043,lexical-en,minilm,,5,2,96,8
lex-en-044,lexical-en,minilm,,1,1,1,1
lex-en-045,lexical-en,minilm,,1,1,732,9
lex-en-046,lexical-en,minilm,,2,1,97,2
lex-en-047,lexical-en,minilm,,1,2,26,4
lex-en-048,lexical-en,minilm,,1,1,781,9
lex-en-049,lexical-en,minilm,,1,1,26,2
lex-en-050,lexical-en,minilm,,2,1,1,1
lex-en-051,lexical-en,minilm,,5,1,1,1
lex-en-052,lexical-en,minilm,,1,1,58,1
lex-en-053,lexical-en,minilm,,4,2,8,2
lex-en-054,lexical-en,minilm,,3,1,2,1
lex-en-055,lexical-en,minilm,,4,1,82,7
lex-en-056,lexical-en,minilm,,5,1,44,3
lex-en-057,lexical-en,minilm,,1,3,736,16
lex-en-058,lexical-en,minilm,,2,1,15,2
lex-en-059,lexical-en,minilm,,1,1,3,1
lex-en-060,lexical-en,minilm,,1,1,6,1
lex-en-061,lexical-en,minilm,,1,1,2,1
lex-en-062,lexical-en,minilm,,5,1,1,1
lex-en-063,lexical-en,minilm,,1,2,844,13
lex-en-064,lexical-en,minilm,,2,1,3,2
lex-en-065,lexical-en,minilm,,4,1,24,2
lex-en-066,lexical-en,minilm,,1,6,66,8
lex-en-067,lexical-en,minilm,,4,1,9,1
lex-en-068,lexical-en,minilm,,1,4,851,12
lex-en-069,lexical-en,minilm,,2,1,2,1
lex-en-070,lexical-en,minilm,,5,7,6,1
lex-en-071,lexical-en,minilm,,1,18,59,10
lex-en-072,lexical-en,minilm,,3,6,2,1
lex-en-073,lexical-en,minilm,,1,2,34,11
lex-en-074,lexical-en,minilm,,2,1,12,3
lex-en-075,lexical-en,minilm,,1,1,37,3
lex-en-076,lexical-en,minilm,,1,1,400,1
lex-en-077,lexical-en,minilm,,1,1,31,7
lex-en-078,lexical-en,minilm,,3,1,2,1
lex-en-079,lexical-en,minilm,,1,1,581,15
lex-en-080,lexical-en,minilm,,3,1,3,1
lex-en-081,lexical-en,minilm,,2,1,169,7
lex-en-082,lexical-en,minilm,,1,1,494,7
lex-en-083,lexical-en,minilm,,1,1,220,5
lex-en-084,lexical-en,minilm,,1,1,112,3
lex-en-085,lexical-en,minilm,,2,2,2,1
lex-en-086,lexical-en,minilm,,1,2,123,12
lex-en-087,lexical-en,minilm,,3,1,5,1
lex-en-088,lexical-en,minilm,,1,1,584,19
lex-en-089,lexical-en,minilm,,2,2,261,11
lex-en-090,lexical-en,minilm,,3,1,8,3
lex-en-091,lexical-en,minilm,,1,1,141,7
lex-en-092,lexical-en,minilm,,2,4,5,2
lex-en-093,lexical-en,minilm,,2,1,2,1
lex-en-094,lexical-en,minilm,,1,3,9,1
lex-en-095,lexical-en,minilm,,1,1,72,7
lex-en-096,lexical-en,minilm,,1,2,518,12
lex-en-097,lexical-en,minilm,,1,2,152,4
lex-en-098,lexical-en,minilm,,4,1,1,1
lex-en-099,lexical-en,minilm,,1,1,22,3
lex-en-100,lexical-en,minilm,,1,3,36,10
lex-en-101,lexical-en,minilm,,1,4,15,4
lex-en-102,lexical-en,minilm,,1,1,736,16
lex-en-103,lexical-en,minilm,,1,1,3,1
lex-en-104,lexical-en,minilm,,5,5,6,6
lex-en-105,lexical-en,minilm,,1,1,40,4
lex-en-106,lexical-en,minilm,,2,1,5,2
lex-en-107,lexical-en,minilm,,1,1,70,2
lex-en-108,lexical-en,minilm,,1,1,248,16
lex-en-109,lexical-en,minilm,,2,1,3,2
lex-en-110,lexical-en,minilm,,1,1,1035,24
lex-en-111,lexical-en,minilm,,1,1,230,14
lex-en-112,lexical-en,minilm,,4,1,1,1
lex-en-113,lexical-en,minilm,,2,6,40,8
lex-en-114,lexical-en,minilm,,2,4,9,2
lex-en-115,lexical-en,minilm,,1,3,9,4
lex-en-116,lexical-en,minilm,,1,2,332,15
lex-en-117,lexical-en,minilm,,3,3,7,4
lex-en-118,lexical-en,minilm,,5,1,2,1
lex-en-119,lexical-en,minilm,,2,1,2,1
lex-en-120,lexical-en,minilm,,1,1,1,1
lex-en-121,lexical-en,minilm,,2,1,54,5
lex-en-122,lexical-en,minilm,,2,1,2,1
lex-en-123,lexical-en,minilm,,1,5,1,2
lex-en-124,lexical-en,minilm,,1,1,1,1
lex-en-125,lexical-en,minilm,,1,2,1,1
lex-en-126,lexical-en,minilm,,1,16,530,44
lex-en-127,lexical-en,minilm,,1,7,56,8
lex-en-128,lexical-en,minilm,,3,1,225,9
lex-en-129,lexical-en,minilm,,4,1,2,2
lex-en-130,lexical-en,minilm,,3,1,10,1
lex-en-131,lexical-en,minilm,,3,1,1,1
lex-en-132,lexical-en,minilm,,1,1,1,1
lex-en-133,lexical-en,minilm,,3,1,14,3
lex-en-134,lexical-en,minilm,,3,1,10,2
lex-en-135,lexical-en,minilm,,1,3,46,2
lex-en-136,lexical-en,minilm,,1,1,108,13
lex-en-137,lexical-en,minilm,,1,10,29,2
lex-en-138,lexical-en,minilm,,4,3,32,3
lex-en-139,lexical-en,minilm,,1,1,518,18
lex-en-140,lexical-en,minilm,,1,3,911,30
lex-en-141,lexical-en,minilm,,1,1,13,5
lex-en-142,lexical-en,minilm,,1,1,1,1
lex-en-143,lexical-en,minilm,,2,4,5,3
lex-en-144,lexical-en,minilm,,2,1,3,1
lex-en-145,lexical-en,minilm,,3,1,1,1
lex-en-146,lexical-en,minilm,,1,1,55,1
lex-en-147,lexical-en,minilm,,1,2,241,6
lex-en-148,lexical-en,minilm,,3,1,29,4
lex-en-149,lexical-en,minilm,,3,1,1,1
lex-en-150,lexical-en,minilm,,1,1,170,11
lex-en-151,lexical-en,minilm,,1,1,20,6
lex-en-152,lexical-en,minilm,,4,1,39,2
lex-en-153,lexical-en,minilm,,4,2,7,1
lex-en-154,lexical-en,minilm,,2,1,8,2
lex-en-155,lexical-en,minilm,,1,1,2,1
lex-en-156,lexical-en,minilm,,4,2,2,1
lex-en-157,lexical-en,minilm,,1,3,26,8
lex-en-158,lexical-en,minilm,,5,2,64,11
lex-en-159,lexical-en,minilm,,1,1,34,2
lex-en-160,lexical-en,minilm,,1,4,1,1
lex-en-161,lexical-en,minilm,,5,1,1,1
lex-en-162,lexical-en,minilm,,1,1,1,1
lex-en-163,lexical-en,minilm,,2,2,69,9
lex-en-164,lexical-en,minilm,,1,1,39,3
lex-en-165,lexical-en,minilm,,1,2,2,2
lex-en-166,lexical-en,minilm,,2,2,4,1
lex-en-167,lexical-en,minilm,,2,3,711,16
lex-en-168,lexical-en,minilm,,3,1,77,7
lex-en-169,lexical-en,minilm,,1,1,137,1
lex-en-170,lexical-en,minilm,,1,1,7,1
lex-en-171,lexical-en,minilm,,1,1,36,1
lex-en-172,lexical-en,minilm,,2,2,34,4
lex-en-173,lexical-en,minilm,,3,6,13,4
lex-en-174,lexical-en,minilm,,1,2,4,2
lex-en-175,lexical-en,minilm,,2,1,11,2
lex-en-176,lexical-en,minilm,,4,1,1,1
lex-en-177,lexical-en,minilm,,3,1,41,4
lex-en-178,lexical-en,minilm,,2,1,17,2
lex-en-179,lexical-en,minilm,,4,3,5,2
lex-en-180,lexical-en,minilm,,5,1,2,1
lex-en-181,lexical-en,minilm,,2,1,20,3
lex-en-182,lexical-en,minilm,,1,4,79,6
lex-en-183,lexical-en,minilm,,1,1,127,11
lex-en-184,lexical-en,minilm,,1,10,295,19
lex-en-185,lexical-en,minilm,,5,2,6,1
lex-en-186,lexical-en,minilm,,5,1,1,1
lex-en-187,lexical-en,minilm,,1,2,255,17
lex-en-188,lexical-en,minilm,,2,3,1,1
lex-en-189,lexical-en,minilm,,1,1,2,1
lex-en-190,lexical-en,minilm,,3,1,121,14
lex-en-191,lexical-en,minilm,,2,1,13,1
lex-en-192,lexical-en,minilm,,1,8,42,8
lex-en-193,lexical-en,minilm,,1,1,3,2
lex-en-194,lexical-en,minilm,,1,1,68,7
lex-en-195,lexical-en,minilm,,3,1,1,1
lex-en-196,lexical-en,minilm,,1,1,171,2
lex-en-197,lexical-en,minilm,,2,1,10,3
lex-en-198,lexical-en,minilm,,1,1,832,22
lex-en-199,lexical-en,minilm,,3,1,96,4
lex-en-200,lexical-en,minilm,,1,2,41,2
lex-ko-001,lexical-ko,minilm,,1,1,31,1
lex-ko-002,lexical-ko,minilm,,2,2,53,10
lex-ko-003,lexical-ko,minilm,,1,1,603,24
lex-ko-004,lexical-ko,minilm,,1,1,36,2
lex-ko-005,lexical-ko,minilm,,1,7,383,29
lex-ko-006,lexical-ko,minilm,,1,1,120,12
lex-ko-007,lexical-ko,minilm,,1,1,65,3
lex-ko-008,lexical-ko,minilm,,1,1,194,20
lex-ko-009,lexical-ko,minilm,,1,4,440,27
lex-ko-010,lexical-ko,minilm,,1,1,1,1
lex-ko-011,lexical-ko,minilm,,1,1,499,12
lex-ko-012,lexical-ko,minilm,,1,2,88,8
lex-ko-013,lexical-ko,minilm,,2,2,116,8
lex-ko-014,lexical-ko,minilm,,1,4,154,25
lex-ko-015,lexical-ko,minilm,,1,1,73,6
lex-ko-016,lexical-ko,minilm,,1,1,29,5
lex-ko-017,lexical-ko,minilm,,3,1,43,5
lex-ko-018,lexical-ko,minilm,,1,1,39,5
lex-ko-019,lexical-ko,minilm,,2,1,200,17
lex-ko-020,lexical-ko,minilm,,1,1,1,1
lex-ko-021,lexical-ko,minilm,,1,4,20,4
lex-ko-022,lexical-ko,minilm,,1,4,134,10
lex-ko-023,lexical-ko,minilm,,1,1,240,23
lex-ko-024,lexical-ko,minilm,,1,1,228,17
lex-ko-025,lexical-ko,minilm,,5,1,4,1
lex-ko-026,lexical-ko,minilm,,1,1,149,18
lex-ko-027,lexical-ko,minilm,,1,4,3,2
lex-ko-028,lexical-ko,minilm,,2,3,187,11
lex-ko-029,lexical-ko,minilm,,1,2,641,19
lex-ko-030,lexical-ko,minilm,,2,1,8,2
lex-ko-031,lexical-ko,minilm,,1,4,104,5
lex-ko-032,lexical-ko,minilm,,2,2,132,19
lex-ko-033,lexical-ko,minilm,,1,1,304,21
lex-ko-034,lexical-ko,minilm,,1,1,1,1
lex-ko-035,lexical-ko,minilm,,3,1,1,1
lex-ko-036,lexical-ko,minilm,,2,2,208,9
lex-ko-037,lexical-ko,minilm,,1,6,274,27
lex-ko-038,lexical-ko,minilm,,1,1,266,9
lex-ko-039,lexical-ko,minilm,,1,5,280,11
lex-ko-040,lexical-ko,minilm,,1,1,29,1
lex-ko-041,lexical-ko,minilm,,2,1,14,1
lex-ko-042,lexical-ko,minilm,,3,2,36,1
lex-ko-043,lexical-ko,minilm,,1,1,1,1
lex-ko-044,lexical-ko,minilm,,1,2,1007,14
lex-ko-045,lexical-ko,minilm,,1,2,77,12
lex-ko-046,lexical-ko,minilm,,1,2,47,4
lex-ko-047,lexical-ko,minilm,,1,6,33,8
lex-ko-048,lexical-ko,minilm,,1,1,458,14
lex-ko-049,lexical-ko,minilm,,1,1,898,31
lex-ko-050,lexical-ko,minilm,,1,1,469,22
lex-ko-051,lexical-ko,minilm,,5,1,13,2
lex-ko-052,lexical-ko,minilm,,2,1,258,16
lex-ko-053,lexical-ko,minilm,,2,1,34,2
lex-ko-054,lexical-ko,minilm,,1,1,364,17
lex-ko-055,lexical-ko,minilm,,1,1,14,1
lex-ko-056,lexical-ko,minilm,,1,1,167,5
lex-ko-057,lexical-ko,minilm,,1,2,35,4
lex-ko-058,lexical-ko,minilm,,1,1,14,4
lex-ko-059,lexical-ko,minilm,,1,5,44,7
lex-ko-060,lexical-ko,minilm,,1,1,150,11
lex-ko-061,lexical-ko,minilm,,2,1,119,6
lex-ko-062,lexical-ko,minilm,,1,1,106,14
lex-ko-063,lexical-ko,minilm,,1,1,14,1
lex-ko-064,lexical-ko,minilm,,1,1,19,4
lex-ko-065,lexical-ko,minilm,,3,1,230,21
lex-ko-066,lexical-ko,minilm,,1,1,486,16
lex-ko-067,lexical-ko,minilm,,1,1,971,22
lex-ko-068,lexical-ko,minilm,,2,1,64,7
lex-ko-069,lexical-ko,minilm,,1,1,294,16
lex-ko-070,lexical-ko,minilm,,1,1,233,14
lex-ko-071,lexical-ko,minilm,,2,1,149,4
lex-ko-072,lexical-ko,minilm,,3,1,21,3
lex-ko-073,lexical-ko,minilm,,1,1,304,16
lex-ko-074,lexical-ko,minilm,,2,1,21,4
lex-ko-075,lexical-ko,minilm,,1,1,586,18
lex-ko-076,lexical-ko,minilm,,2,3,24,6
lex-ko-077,lexical-ko,minilm,,2,2,223,12
lex-ko-078,lexical-ko,minilm,,3,1,225,13
lex-ko-079,lexical-ko,minilm,,1,7,708,19
lex-ko-080,lexical-ko,minilm,,2,1,35,4
lex-ko-081,lexical-ko,minilm,,1,1,114,12
lex-ko-082,lexical-ko,minilm,,2,1,28,4
lex-ko-083,lexical-ko,minilm,,1,1,10,2
lex-ko-084,lexical-ko,minilm,,1,1,13,1
lex-ko-085,lexical-ko,minilm,,1,1,251,9
lex-ko-086,lexical-ko,minilm,,2,3,35,1
lex-ko-087,lexical-ko,minilm,,1,1,3,1
lex-ko-088,lexical-ko,minilm,,1,2,100,9
lex-ko-089,lexical-ko,minilm,,3,2,172,35
lex-ko-090,lexical-ko,minilm,,1,4,147,14
lex-ko-091,lexical-ko,minilm,,5,1,222,3
lex-ko-092,lexical-ko,minilm,,1,1,485,15
lex-ko-093,lexical-ko,minilm,,1,1,85,7
lex-ko-094,lexical-ko,minilm,,1,1,49,4
lex-ko-095,lexical-ko,minilm,,1,1,296,14
lex-ko-096,lexical-ko,minilm,,1,2,470,36
lex-ko-097,lexical-ko,minilm,,1,1,84,6
lex-ko-098,lexical-ko,minilm,,2,1,79,13
lex-ko-099,lexical-ko,minilm,,1,1,23,2
lex-ko-100,lexical-ko,minilm,,1,3,52,5
lex-ko-101,lexical-ko,minilm,,1,1,349,9
lex-ko-102,lexical-ko,minilm,,1,1,168,15
lex-ko-103,lexical-ko,minilm,,1,1,93,5
lex-ko-104,lexical-ko,minilm,,1,1,15,2
lex-ko-105,lexical-ko,minilm,,1,1,68,7
lex-ko-106,lexical-ko,minilm,,1,1,11,2
lex-ko-107,lexical-ko,minilm,,1,5,55,3
lex-ko-108,lexical-ko,minilm,,1,1,173,20
lex-ko-109,lexical-ko,minilm,,1,1,204,17
lex-ko-110,lexical-ko,minilm,,1,1,195,15
lex-ko-111,lexical-ko,minilm,,1,1,392,23
lex-ko-112,lexical-ko,minilm,,1,1,637,18
lex-ko-113,lexical-ko,minilm,,1,1,491,18
lex-ko-114,lexical-ko,minilm,,4,1,12,1
lex-ko-115,lexical-ko,minilm,,1,1,19,1
lex-ko-116,lexical-ko,minilm,,1,2,125,7
lex-ko-117,lexical-ko,minilm,,5,1,51,11
lex-ko-118,lexical-ko,minilm,,2,1,1,1
lex-ko-119,lexical-ko,minilm,,1,1,57,9
lex-ko-120,lexical-ko,minilm,,4,1,3,2
lex-ko-121,lexical-ko,minilm,,1,1,21,3
lex-ko-122,lexical-ko,minilm,,1,1,186,10
lex-ko-123,lexical-ko,minilm,,1,1,30,2
lex-ko-124,lexical-ko,minilm,,3,1,11,2
lex-ko-125,lexical-ko,minilm,,1,2,115,4
lex-ko-126,lexical-ko,minilm,,1,3,906,19
lex-ko-127,lexical-ko,minilm,,3,1,43,2
lex-ko-128,lexical-ko,minilm,,1,2,872,23
lex-ko-129,lexical-ko,minilm,,1,1,132,4
lex-ko-130,lexical-ko,minilm,,1,1,58,2
lex-ko-131,lexical-ko,minilm,,4,2,59,6
lex-ko-132,lexical-ko,minilm,,3,1,93,6
lex-ko-133,lexical-ko,minilm,,1,1,1,1
lex-ko-134,lexical-ko,minilm,,1,1,135,22
lex-ko-135,lexical-ko,minilm,,1,1,135,11
lex-ko-136,lexical-ko,minilm,,2,1,8,2
lex-ko-137,lexical-ko,minilm,,2,1,59,9
lex-ko-138,lexical-ko,minilm,,1,1,33,3
lex-ko-139,lexical-ko,minilm,,1,1,687,30
lex-ko-140,lexical-ko,minilm,,1,1,69,9
lex-ko-141,lexical-ko,minilm,,1,1,47,11
lex-ko-142,lexical-ko,minilm,,1,3,733,19
lex-ko-143,lexical-ko,minilm,,1,1,15,1
lex-ko-144,lexical-ko,minilm,,1,1,63,14
lex-ko-145,lexical-ko,minilm,,1,1,103,15
lex-ko-146,lexical-ko,minilm,,1,5,49,3
lex-ko-147,lexical-ko,minilm,,2,1,6,1
lex-ko-148,lexical-ko,minilm,,1,1,61,8
lex-ko-149,lexical-ko,minilm,,1,1,33,4
lex-ko-150,lexical-ko,minilm,,1,1,79,4
lex-ko-151,lexical-ko,minilm,,1,1,382,17
lex-ko-152,lexical-ko,minilm,,3,1,59,5
lex-ko-153,lexical-ko,minilm,,1,1,425,12
lex-ko-154,lexical-ko,minilm,,2,1,270,13
lex-ko-155,lexical-ko,minilm,,1,3,106,8
lex-ko-156,lexical-ko,minilm,,1,1,965,25
lex-ko-157,lexical-ko,minilm,,1,1,342,10
lex-ko-158,lexical-ko,minilm,,2,1,78,15
lex-ko-159,lexical-ko,minilm,,1,1,11,3
lex-ko-160,lexical-ko,minilm,,1,1,760,16
lex-ko-161,lexical-ko,minilm,,1,3,595,27
lex-ko-162,lexical-ko,minilm,,1,1,136,8
lex-ko-163,lexical-ko,minilm,,1,4,21,4
lex-ko-164,lexical-ko,minilm,,3,1,33,2
lex-ko-165,lexical-ko,minilm,,1,1,46,3
lex-ko-166,lexical-ko,minilm,,1,1,28,3
lex-ko-167,lexical-ko,minilm,,1,1,6,1
lex-ko-168,lexical-ko,minilm,,1,1,1,1
lex-ko-169,lexical-ko,minilm,,1,2,587,23
lex-ko-170,lexical-ko,minilm,,1,1,193,19
lex-ko-171,lexical-ko,minilm,,1,1,173,10
lex-ko-172,lexical-ko,minilm,,1,4,453,21
lex-ko-173,lexical-ko,minilm,,1,1,18,2
lex-ko-174,lexical-ko,minilm,,1,1,105,18
lex-ko-175,lexical-ko,minilm,,1,1,467,26
lex-ko-176,lexical-ko,minilm,,1,1,20,6
lex-ko-177,lexical-ko,minilm,,2,1,13,7
lex-ko-178,lexical-ko,minilm,,2,1,77,12
lex-ko-179,lexical-ko,minilm,,1,4,715,50
lex-ko-180,lexical-ko,minilm,,1,14,151,19
lex-ko-181,lexical-ko,minilm,,4,1,123,6
lex-ko-182,lexical-ko,minilm,,1,1,126,14
lex-ko-183,lexical-ko,minilm,,2,1,228,20
lex-ko-184,lexical-ko,minilm,,1,1,56,3
lex-ko-185,lexical-ko,minilm,,1,2,132,7
lex-ko-186,lexical-ko,minilm,,2,1,25,5
lex-ko-187,lexical-ko,minilm,,1,1,72,9
lex-ko-188,lexical-ko,minilm,,1,1,920,19
lex-ko-189,lexical-ko,minilm,,1,1,365,23
lex-ko-190,lexical-ko,minilm,,3,1,224,11
lex-ko-191,lexical-ko,minilm,,3,2,8,1
lex-ko-192,lexical-ko,minilm,,3,1,22,9
lex-ko-193,lexical-ko,minilm,,3,1,28,2
lex-ko-194,lexical-ko,minilm,,1,1,371,19
lex-ko-195,lexical-ko,minilm,,3,1,37,3
lex-ko-196,lexical-ko,minilm,,1,7,76,8
lex-ko-197,lexical-ko,minilm,,2,1,37,1
lex-ko-198,lexical-ko,minilm,,2,1,93,4
lex-ko-199,lexical-ko,minilm,,1,1,341,20
lex-ko-200,lexical-ko,minilm,,1,2,144,13
syn-pair-001,synonym,minilm,different,1,,219,335
syn-pair-002,synonym,minilm,different,1,,726,739
syn-pair-003,synonym,minilm,different,1,,323,395
syn-pair-004,synonym,minilm,different,1,,851,866
syn-pair-005,synonym,minilm,same,1,,970,970
syn-pair-006,synonym,minilm,different,1,,658,671
syn-pair-007,synonym,minilm,different,1,,883,884
syn-pair-008,synonym,minilm,different,1,,543,576
syn-pair-009,synonym,minilm,same,1,,243,366
syn-pair-010,synonym,minilm,different,1,,534,545
syn-pair-011,synonym,minilm,different,1,,653,659
syn-pair-012,synonym,minilm,different,1,,99,159
syn-pair-013,synonym,minilm,different,1,,615,650
syn-pair-014,synonym,minilm,same,1,,66,157
syn-pair-015,synonym,minilm,different,1,,852,869
syn-pair-016,synonym,minilm,same,1,,1062,1074
syn-pair-017,synonym,minilm,same,1,,119,232
syn-pair-018,synonym,minilm,same,1,,675,701
syn-pair-019,synonym,minilm,same,1,,933,944
syn-pair-020,synonym,minilm,different,1,,1079,1084
syn-pair-021,synonym,minilm,different,1,,567,663
syn-pair-022,synonym,minilm,different,1,,593,667
syn-pair-023,synonym,minilm,different,1,,461,493
syn-pair-024,synonym,minilm,same,1,,989,993
syn-pair-025,synonym,minilm,different,1,,388,494
syn-pair-026,synonym,minilm,unclear,1,,261,351
syn-pair-027,synonym,minilm,different,1,,414,452
syn-pair-028,synonym,minilm,same,1,,859,861
syn-pair-029,synonym,minilm,different,1,,721,760
syn-pair-030,synonym,minilm,different,1,,330,444
syn-pair-031,synonym,minilm,different,1,,31,79
syn-pair-032,synonym,minilm,different,1,,1024,1029
syn-pair-033,synonym,minilm,same,1,,417,506
syn-pair-034,synonym,minilm,same,1,,94,235
syn-pair-035,synonym,minilm,different,1,,1016,1018
syn-pair-036,synonym,minilm,different,1,,721,747
syn-pair-037,synonym,minilm,same,1,,1143,1144
syn-pair-038,synonym,minilm,different,1,,1003,1009
syn-pair-039,synonym,minilm,different,1,,763,790
syn-pair-040,synonym,minilm,same,1,,1081,1084
syn-pair-041,synonym,minilm,different,1,,634,644
syn-pair-042,synonym,minilm,different,1,,737,758
syn-pair-043,synonym,minilm,same,1,,1027,1043
syn-pair-044,synonym,minilm,different,1,,447,551
syn-pair-045,synonym,minilm,unclear,1,,917,920
syn-pair-046,synonym,minilm,different,1,,217,249
syn-pair-047,synonym,minilm,different,1,,115,247
syn-pair-048,synonym,minilm,different,1,,439,476
syn-pair-049,synonym,minilm,same,1,,843,848
syn-pair-050,synonym,minilm,same,1,,234,367
syn-pair-051,synonym,minilm,different,1,,1135,1135
syn-pair-052,synonym,minilm,different,1,,1049,1052
syn-pair-053,synonym,minilm,same,1,,322,427
syn-pair-054,synonym,minilm,different,1,,402,439
syn-pair-055,synonym,minilm,same,1,,90,201
syn-pair-056,synonym,minilm,same,1,,175,250
syn-pair-057,synonym,minilm,different,1,,1006,1010
syn-pair-058,synonym,minilm,different,1,,1018,1022
syn-pair-059,synonym,minilm,different,1,,760,763
syn-pair-060,synonym,minilm,same,1,,1166,1166
syn-pair-061,synonym,minilm,different,1,,113,273
syn-pair-062,synonym,minilm,different,1,,1064,1066
syn-pair-063,synonym,minilm,different,1,,581,626
syn-pair-064,synonym,minilm,same,1,,713,743
syn-pair-065,synonym,minilm,same,1,,23,75
syn-pair-066,synonym,minilm,same,1,,479,501
syn-pair-067,synonym,minilm,same,1,,813,829
syn-pair-068,synonym,minilm,different,1,,973,980
syn-pair-069,synonym,minilm,different,1,,917,918
syn-pair-070,synonym,minilm,different,1,,785,792
syn-pair-071,synonym,minilm,different,1,,575,599
syn-pair-072,synonym,minilm,different,1,,559,590
syn-pair-073,synonym,minilm,different,1,,183,323
syn-pair-074,synonym,minilm,different,1,,1122,1122
syn-pair-075,synonym,minilm,different,1,,633,664
syn-pair-076,synonym,minilm,different,1,,516,525
syn-pair-077,synonym,minilm,same,1,,577,603
syn-pair-078,synonym,minilm,different,1,,492,506
syn-pair-079,synonym,minilm,different,1,,1140,1140
syn-pair-080,synonym,minilm,different,1,,204,279
syn-pair-081,synonym,minilm,different,1,,270,379
syn-pair-082,synonym,minilm,different,1,,265,341
syn-pair-083,synonym,minilm,different,1,,1144,1144
syn-pair-084,synonym,minilm,different,1,,142,269
syn-pair-085,synonym,minilm,different,1,,13,37
syn-pair-086,synonym,minilm,different,1,,491,508
syn-pair-087,synonym,minilm,same,1,,422,453
syn-pair-088,synonym,minilm,different,1,,299,375
syn-pair-089,synonym,minilm,different,1,,894,902
syn-pair-090,synonym,minilm,different,1,,1076,1076
syn-pair-091,synonym,minilm,different,1,,119,279
syn-pair-092,synonym,minilm,different,1,,628,638
syn-pair-093,synonym,minilm,different,1,,892,895
syn-pair-094,synonym,minilm,different,1,,852,861
syn-pair-095,synonym,minilm,different,1,,741,764
syn-pair-096,synonym,minilm,same,1,,908,912
syn-pair-097,synonym,minilm,different,1,,153,305
syn-pair-098,synonym,minilm,same,1,,1172,1172
syn-pair-099,synonym,minilm,same,1,,674,685
syn-pair-100,synonym,minilm,different,1,,161,255
syn-pair-101,synonym,minilm,same,1,,1149,1149
syn-pair-102,synonym,minilm,same,1,,534,601
syn-pair-103,synonym,minilm,different,1,,1026,1029
syn-pair-104,synonym,minilm,same,1,,864,871
syn-pair-105,synonym,minilm,different,1,,527,578
syn-pair-106,synonym,minilm,same,1,,1129,1129
syn-pair-107,synonym,minilm,same,1,,286,396
syn-pair-108,synonym,minilm,same,1,,108,236
syn-pair-109,synonym,minilm,different,1,,925,931
syn-pair-110,synonym,minilm,same,1,,1035,1039
syn-pair-111,synonym,minilm,different,1,,430,539
syn-pair-112,synonym,minilm,same,1,,377,458
syn-pair-113,synonym,minilm,same,1,,925,925
syn-pair-114,synonym,minilm,same,1,,578,612
syn-pair-115,synonym,minilm,different,1,,1051,1057
syn-pair-116,synonym,minilm,different,1,,1060,1064
syn-pair-117,synonym,minilm,different,1,,195,342
syn-pair-118,synonym,minilm,different,1,,62,148
syn-pair-119,synonym,minilm,same,1,,548,574
syn-pair-120,synonym,minilm,different,1,,766,796
syn-pair-121,synonym,minilm,same,1,,1046,1053
syn-pair-122,synonym,minilm,different,1,,1140,1142
syn-pair-123,synonym,minilm,different,1,,792,834
syn-pair-124,synonym,minilm,different,1,,936,946
syn-pair-125,synonym,minilm,different,1,,5,48
syn-pair-126,synonym,minilm,different,1,,78,194
syn-pair-127,synonym,minilm,different,1,,1079,1080
syn-pair-128,synonym,minilm,different,1,,896,896
syn-pair-129,synonym,minilm,different,1,,251,348
syn-pair-130,synonym,minilm,different,1,,252,364
syn-pair-131,synonym,minilm,different,1,,1080,1082
syn-pair-132,synonym,minilm,different,1,,621,682
syn-pair-133,synonym,minilm,different,1,,1061,1061
syn-pair-134,synonym,minilm,different,1,,497,560
syn-pair-135,synonym,minilm,same,1,,879,894
syn-pair-136,synonym,minilm,different,1,,637,707
syn-pair-137,synonym,minilm,different,1,,1084,1084
syn-pair-138,synonym,minilm,different,1,,506,509
syn-pair-139,synonym,minilm,different,1,,505,533
syn-pair-140,synonym,minilm,same,1,,258,338
syn-pair-141,synonym,minilm,different,1,,163,225
syn-pair-142,synonym,minilm,different,1,,848,864
syn-pair-143,synonym,minilm,different,1,,613,653
syn-pair-144,synonym,minilm,different,1,,819,834
syn-pair-145,synonym,minilm,different,1,,1176,1176
syn-pair-146,synonym,minilm,different,1,,50,126
syn-pair-147,synonym,minilm,same,1,,618,640
syn-pair-148,synonym,minilm,unclear,1,,823,831
syn-pair-149,synonym,minilm,different,1,,703,715
syn-pair-150,synonym,minilm,different,1,,568,637
syn-pair-151,synonym,minilm,different,1,,761,771
syn-pair-152,synonym,minilm,different,1,,740,758
syn-pair-153,synonym,minilm,different,1,,328,378
syn-pair-154,synonym,minilm,different,1,,971,971
syn-pair-155,synonym,minilm,same,1,,46,125
syn-pair-156,synonym,minilm,same,1,,20,88
syn-pair-157,synonym,minilm,same,1,,769,817
syn-pair-158,synonym,minilm,different,1,,1069,1069
syn-pair-159,synonym,minilm,same,1,,241,352
syn-pair-160,synonym,minilm,same,1,,230,346
syn-pair-161,synonym,minilm,different,1,,1018,1025
syn-pair-162,synonym,minilm,different,1,,588,638
syn-pair-163,synonym,minilm,different,1,,1087,1087
syn-pair-164,synonym,minilm,different,1,,1039,1047
syn-pair-165,synonym,minilm,same,1,,987,996
syn-pair-166,synonym,minilm,same,1,,348,360
syn-pair-167,synonym,minilm,different,1,,943,959
syn-pair-168,synonym,minilm,different,1,,879,890
syn-pair-169,synonym,minilm,same,1,,993,1005
syn-pair-170,synonym,minilm,different,1,,14,63
syn-pair-171,synonym,minilm,same,1,,749,759
syn-pair-172,synonym,minilm,different,1,,1090,1091
syn-pair-173,synonym,minilm,same,1,,547,562
syn-pair-174,synonym,minilm,same,1,,1107,1108
syn-pair-175,synonym,minilm,different,1,,380,443
syn-pair-176,synonym,minilm,different,1,,9,37
syn-pair-177,synonym,minilm,different,1,,786,796
syn-pair-178,synonym,minilm,different,1,,809,812
syn-pair-179,synonym,minilm,different,1,,195,268
syn-pair-180,synonym,minilm,different,1,,51,173
syn-pair-181,synonym,minilm,different,1,,485,541
syn-pair-182,synonym,minilm,different,1,,79,211
syn-pair-183,synonym,minilm,different,1,,204,309
syn-pair-184,synonym,minilm,different,1,,1008,1008
syn-pair-185,synonym,minilm,different,1,,1124,1124
syn-pair-186,synonym,minilm,different,1,,546,578
syn-pair-187,synonym,minilm,different,1,,733,733
syn-pair-188,synonym,minilm,different,1,,1058,1059
syn-pair-189,synonym,minilm,same,1,,852,854
syn-pair-190,synonym,minilm,same,1,,924,925
syn-pair-191,synonym,minilm,different,1,,278,384
syn-pair-192,synonym,minilm,different,1,,920,930
syn-pair-193,synonym,minilm,different,1,,629,652
syn-pair-194,synonym,minilm,same,1,,203,354
syn-pair-195,synonym,minilm,same,1,,810,827
syn-pair-196,synonym,minilm,different,1,,284,410
syn-pair-197,synonym,minilm,same,1,,1154,1154
syn-pair-198,synonym,minilm,different,1,,746,756
syn-pair-199,synonym,minilm,different,1,,973,975
syn-pair-200,synonym,minilm,different,1,,893,905
