threshold,predicted_positive,precision,precision_low,precision_high,recall,f1
0.5,49,0.2653061224489796,0.16211282134957408,0.4026228897131079,0.8125,0.4
0.55,45,0.28888888888888886,0.1773008248284927,0.43368540574761577,0.8125,0.4262295081967213
0.6,41,0.2926829268292683,0.17609187626113423,0.44479467722997157,0.75,0.42105263157894735
0.65,37,0.2972972972972973,0.17489478649832016,0.45783135911135664,0.6875,0.41509433962264153
0.7,29,0.3793103448275862,0.2268802210080984,0.5599745579401147,0.6875,0.4888888888888889
0.75,23,0.43478260869565216,0.25634635325674215,0.6318862491498354,0.625,0.5128205128205128
0.8,18,0.5555555555555556,0.33716415642042774,0.7544048187299437,0.625,0.5882352941176471
0.85,13,0.6153846153846154,0.355228915126657,0.8229029220223743,0.5,0.5517241379310345
0.9,6,0.8333333333333334,0.43649717781352987,0.9699466302516935,0.3125,0.45454545454545453
0.95,0,,,,0.0,0.0
