form,record,threshold,precision,recall,target_accuracy,target_reach,false_release,ask_rate,accuracy,action_accuracy,limited_release
pair,0,0.5,0.9780701754385965,0.9867256637168141,0.9641255605381166,0.9513274336283186,0.027777777777777776,0.0,0.9567567567567568,0.8135135135135135,0.48333333333333334
pair,0,0.55,0.9779735682819384,0.9823008849557522,0.963963963963964,0.9469026548672567,0.027777777777777776,0.002702702702702703,0.9540540540540541,0.8243243243243243,0.4666666666666667
pair,0,0.6,0.9822222222222222,0.9778761061946902,0.9638009049773756,0.9424778761061947,0.027777777777777776,0.002702702702702703,0.9540540540540541,0.8243243243243243,0.4666666666666667
pair,0,0.65,0.9865470852017937,0.9734513274336283,0.9636363636363636,0.9380530973451328,0.020833333333333332,0.013513513513513514,0.9540540540540541,0.8378378378378378,0.4166666666666667
pair,0,0.7,0.9907834101382489,0.9513274336283186,0.9627906976744186,0.915929203539823,0.013888888888888888,0.01891891891891892,0.9432432432432433,0.8378378378378378,0.4166666666666667
pair,0,0.75,0.9906103286384976,0.9336283185840708,0.966824644549763,0.9026548672566371,0.006944444444444444,0.032432432432432434,0.9351351351351351,0.8432432432432433,0.38333333333333336
pair,0,0.8,1.0,0.8849557522123894,0.965,0.8539823008849557,0.006944444444444444,0.05675675675675676,0.9108108108108108,0.8432432432432433,0.31666666666666665
pair,0,0.85,1.0,0.7876106194690266,0.9662921348314607,0.7610619469026548,0.0,0.11621621621621622,0.8540540540540541,0.8486486486486486,0.18333333333333332
pair,0,0.9,1.0,0.5530973451327433,0.992,0.5486725663716814,0.0,0.1945945945945946,0.7243243243243244,0.7972972972972973,0.13333333333333333
pair,0,0.95,1.0,0.004424778761061947,1.0,0.004424778761061947,0.0,0.43243243243243246,0.3918918918918919,0.6081081081081081,0.0
pair,1,0.5,0.9780701754385965,0.9867256637168141,0.9596412556053812,0.9469026548672567,0.027777777777777776,0.0,0.9540540540540541,0.8189189189189189,0.5
pair,1,0.55,0.9821428571428571,0.9734513274336283,0.9590909090909091,0.9336283185840708,0.027777777777777776,0.0,0.9486486486486486,0.8189189189189189,0.5
pair,1,0.6,0.9865470852017937,0.9734513274336283,0.9590909090909091,0.9336283185840708,0.027777777777777776,0.002702702702702703,0.9513513513513514,0.8324324324324325,0.48333333333333334
pair,1,0.65,0.9908675799086758,0.9601769911504425,0.9585253456221198,0.9203539823008849,0.027777777777777776,0.008108108108108109,0.9459459459459459,0.845945945945946,0.45
pair,1,0.7,0.9908675799086758,0.9601769911504425,0.9585253456221198,0.9203539823008849,0.020833333333333332,0.016216216216216217,0.9459459459459459,0.8513513513513513,0.43333333333333335
pair,1,0.75,0.9951219512195122,0.9026548672566371,0.9607843137254902,0.8672566371681416,0.020833333333333332,0.021621621621621623,0.9162162162162162,0.8567567567567568,0.4166666666666667
pair,1,0.8,1.0,0.8451327433628318,0.9685863874345549,0.8185840707964602,0.020833333333333332,0.032432432432432434,0.8891891891891892,0.8567567567567568,0.38333333333333336
pair,1,0.85,1.0,0.7654867256637168,0.976878612716763,0.7477876106194691,0.0,0.062162162162162166,0.845945945945946,0.8648648648648649,0.3333333333333333
pair,1,0.9,1.0,0.48672566371681414,1.0,0.48672566371681414,0.0,0.14594594594594595,0.6864864864864865,0.8513513513513513,0.13333333333333333
pair,1,0.95,1.0,0.01327433628318584,1.0,0.01327433628318584,0.0,0.3810810810810811,0.3972972972972973,0.6675675675675675,0.0
choice,0,0.5,0.9821428571428571,0.9734513274336283,0.9863636363636363,0.9601769911504425,0.013888888888888888,0.0,0.9648648648648649,0.8081081081081081,1.0
choice,0,0.55,0.990990990990991,0.9734513274336283,0.9863636363636363,0.9601769911504425,0.013888888888888888,0.0,0.9702702702702702,0.8081081081081081,1.0
choice,0,0.6,0.9908675799086758,0.9601769911504425,0.9861751152073732,0.9469026548672567,0.013888888888888888,0.008108108108108109,0.9621621621621622,0.8081081081081081,0.9833333333333333
choice,0,0.65,0.9953703703703703,0.9513274336283186,0.986046511627907,0.9380530973451328,0.006944444444444444,0.016216216216216217,0.9594594594594594,0.8054054054054054,0.9833333333333333
choice,0,0.7,1.0,0.9469026548672567,0.9906542056074766,0.9380530973451328,0.0,0.021621621621621623,0.9621621621621622,0.8108108108108109,0.9666666666666667
choice,0,0.75,1.0,0.9380530973451328,0.9905660377358491,0.9292035398230089,0.0,0.03783783783783784,0.9567567567567568,0.8,0.95
choice,0,0.8,1.0,0.9247787610619469,0.9904306220095693,0.915929203539823,0.0,0.04594594594594595,0.9486486486486486,0.7972972972972973,0.9333333333333333
choice,0,0.85,1.0,0.8805309734513275,0.9899497487437185,0.8716814159292036,0.0,0.07297297297297298,0.9216216216216216,0.7972972972972973,0.85
choice,0,0.9,1.0,0.8407079646017699,0.9894736842105263,0.831858407079646,0.0,0.0945945945945946,0.8972972972972973,0.7918918918918919,0.8
choice,0,0.95,1.0,0.7654867256637168,1.0,0.7654867256637168,0.0,0.13243243243243244,0.8567567567567568,0.7810810810810811,0.7166666666666667
choice,1,0.5,0.9821428571428571,0.9734513274336283,0.990909090909091,0.9646017699115044,0.027777777777777776,0.0,0.9675675675675676,0.8054054054054054,1.0
choice,1,0.55,0.9864864864864865,0.9690265486725663,0.9908675799086758,0.9601769911504425,0.013888888888888888,0.005405405405405406,0.9675675675675676,0.8108108108108109,1.0
choice,1,0.6,0.9909502262443439,0.9690265486725663,0.9908675799086758,0.9601769911504425,0.006944444444444444,0.016216216216216217,0.9702702702702702,0.8135135135135135,0.9833333333333333
choice,1,0.65,0.9954128440366973,0.9601769911504425,0.9907834101382489,0.9513274336283186,0.006944444444444444,0.021621621621621623,0.9675675675675676,0.8135135135135135,0.9666666666666667
choice,1,0.7,1.0,0.9424778761061947,0.9953051643192489,0.9380530973451328,0.0,0.032432432432432434,0.9621621621621622,0.8189189189189189,0.9333333333333333
choice,1,0.75,1.0,0.9424778761061947,0.9953051643192489,0.9380530973451328,0.0,0.03783783783783784,0.9621621621621622,0.8189189189189189,0.9166666666666666
choice,1,0.8,1.0,0.915929203539823,0.9951690821256038,0.911504424778761,0.0,0.05405405405405406,0.9459459459459459,0.8189189189189189,0.8666666666666667
choice,1,0.85,1.0,0.8982300884955752,0.9950738916256158,0.8938053097345132,0.0,0.06486486486486487,0.9351351351351351,0.8135135135135135,0.85
choice,1,0.9,1.0,0.8451327433628318,1.0,0.8451327433628318,0.0,0.0918918918918919,0.9054054054054054,0.8027027027027027,0.8
choice,1,0.95,1.0,0.7876106194690266,1.0,0.7876106194690266,0.0,0.12702702702702703,0.8702702702702703,0.8054054054054054,0.6833333333333333
