condition,threshold,lower,precision,recall,ask_rate,combined_recall,precision_n
current,0.5,0.5,0.24375,0.8863636363636364,0.0,0.8863636363636364,160
current,0.55,0.55,0.2465753424657534,0.8181818181818182,0.0,0.8181818181818182,146
current,0.6,0.6,0.2462686567164179,0.75,0.0,0.75,134
current,0.65,0.65,0.24793388429752067,0.6818181818181818,0.0,0.6818181818181818,121
current,0.7,0.7,0.25688073394495414,0.6363636363636364,0.0,0.6363636363636364,109
current,0.75,0.7,0.26262626262626265,0.5909090909090909,0.0275,0.6363636363636364,99
current,0.8,0.7,0.2826086956521739,0.5909090909090909,0.05,0.6363636363636364,92
current,0.85,0.7,0.23529411764705882,0.36363636363636365,0.11,0.6363636363636364,68
current,0.9,0.7,0.3023255813953488,0.29545454545454547,0.175,0.6363636363636364,43
current,0.95,0.7,1.0,0.11363636363636363,0.2725,0.6363636363636364,5
scope,0.5,0.5,0.2867647058823529,0.8863636363636364,0.0,0.8863636363636364,136
scope,0.55,0.55,0.336283185840708,0.8636363636363636,0.0,0.8636363636363636,113
scope,0.6,0.6,0.3888888888888889,0.7954545454545454,0.0,0.7954545454545454,90
scope,0.65,0.65,0.44,0.75,0.0,0.75,75
scope,0.7,0.7,0.45454545454545453,0.5681818181818182,0.0,0.5681818181818182,55
scope,0.75,0.7,0.5405405405405406,0.45454545454545453,0.045,0.5681818181818182,37
scope,0.8,0.7,0.625,0.3409090909090909,0.0775,0.5681818181818182,24
scope,0.85,0.7,0.75,0.2727272727272727,0.0975,0.5681818181818182,16
scope,0.9,0.7,0.6666666666666666,0.13636363636363635,0.12,0.5681818181818182,9
scope,0.95,0.7,1.0,0.022727272727272728,0.14,0.5681818181818182,1
scope_gate,0.5,0.5,0.30597014925373134,0.9318181818181818,0.0,0.9318181818181818,134
scope_gate,0.55,0.55,0.33636363636363636,0.8409090909090909,0.0,0.8409090909090909,110
scope_gate,0.6,0.6,0.3956043956043956,0.8181818181818182,0.0,0.8181818181818182,91
scope_gate,0.65,0.65,0.4266666666666667,0.7272727272727273,0.0,0.7272727272727273,75
scope_gate,0.7,0.7,0.4716981132075472,0.5681818181818182,0.0,0.5681818181818182,53
scope_gate,0.75,0.7,0.5428571428571428,0.4318181818181818,0.045,0.5681818181818182,35
scope_gate,0.8,0.7,0.6818181818181818,0.3409090909090909,0.0775,0.5681818181818182,22
scope_gate,0.85,0.7,0.6923076923076923,0.20454545454545456,0.1025,0.5681818181818182,13
scope_gate,0.9,0.7,0.625,0.11363636363636363,0.1175,0.5681818181818182,8
scope_gate,0.95,0.7,0.3333333333333333,0.022727272727272728,0.13,0.5681818181818182,3
astra,0.5,0.5,0.9130434782608695,0.9545454545454546,0.0,0.9545454545454546,46
astra,0.55,0.55,0.9130434782608695,0.9545454545454546,0.0,0.9545454545454546,46
astra,0.6,0.6,0.9130434782608695,0.9545454545454546,0.0,0.9545454545454546,46
astra,0.65,0.65,0.9130434782608695,0.9545454545454546,0.0,0.9545454545454546,46
astra,0.7,0.7,0.9130434782608695,0.9545454545454546,0.0,0.9545454545454546,46
astra,0.75,0.7,0.9130434782608695,0.9545454545454546,0.0,0.9545454545454546,46
astra,0.8,0.7,0.9318181818181818,0.9318181818181818,0.0075,0.9545454545454546,44
astra,0.85,0.7,0.9761904761904762,0.9318181818181818,0.015,0.9545454545454546,42
astra,0.9,0.7,0.9736842105263158,0.8409090909090909,0.025,0.9545454545454546,38
astra,0.95,0.7,0.9642857142857143,0.6136363636363636,0.055,0.9545454545454546,28
