item_id,role,status,answer,model,ts_utc
in-201,is_constraint,ok,0.79,jev-1.13.0,2026-10-01T14:19:35Z
in-202,is_constraint,ok,0.6,jev-1.13.0,2026-10-01T14:21:38Z
in-203,is_constraint,ok,0.83,jev-1.13.0,2026-10-01T14:19:47Z
in-204,is_constraint,ok,0.53,jev-1.13.0,2026-10-01T14:19:09Z
in-205,is_constraint,ok,0.73,jev-1.13.0,2026-10-01T14:25:50Z
in-206,is_constraint,ok,0.82,jev-1.13.0,2026-10-01T14:17:51Z
in-207,is_constraint,ok,0.83,jev-1.13.0,2026-10-01T14:22:18Z
in-208,is_constraint,ok,0.88,jev-1.13.0,2026-10-01T14:22:52Z
in-209,is_constraint,ok,0.44,jev-1.13.0,2026-10-01T14:25:15Z
in-210,is_constraint,ok,0.88,jev-1.13.0,2026-10-01T14:24:51Z
in-211,is_constraint,ok,0.76,jev-1.13.0,2026-10-01T14:26:23Z
in-212,is_constraint,ok,0.85,jev-1.13.0,2026-10-01T14:20:54Z
in-213,is_constraint,ok,0.76,jev-1.13.0,2026-10-01T14:23:40Z
in-214,is_constraint,ok,0.87,jev-1.13.0,2026-10-01T14:26:56Z
in-215,is_constraint,ok,0.84,jev-1.13.0,2026-10-01T14:21:00Z
in-216,is_constraint,ok,0.87,jev-1.13.0,2026-10-01T14:22:38Z
in-217,is_constraint,ok,0.49,jev-1.13.0,2026-10-01T14:23:17Z
in-218,is_constraint,ok,0.72,jev-1.13.0,2026-10-01T14:19:24Z
in-219,is_constraint,ok,0.74,jev-1.13.0,2026-10-01T14:26:28Z
in-220,is_constraint,ok,0.8,jev-1.13.0,2026-10-01T14:21:57Z
in-221,is_constraint,ok,0.79,jev-1.13.0,2026-10-01T14:20:26Z
in-222,is_constraint,ok,0.71,jev-1.13.0,2026-10-01T14:19:23Z
in-223,is_constraint,ok,0.73,jev-1.13.0,2026-10-01T14:23:41Z
in-224,is_constraint,ok,0.49,jev-1.13.0,2026-10-01T14:21:51Z
in-225,is_constraint,ok,0.8,jev-1.13.0,2026-10-01T14:26:35Z
in-226,is_constraint,ok,0.69,jev-1.13.0,2026-10-01T14:18:41Z
in-227,is_constraint,ok,0.53,jev-1.13.0,2026-10-01T14:25:53Z
in-228,is_constraint,ok,0.78,jev-1.13.0,2026-10-01T14:18:51Z
in-229,is_constraint,ok,0.84,jev-1.13.0,2026-10-01T14:21:18Z
in-230,is_constraint,ok,0.53,jev-1.13.0,2026-10-01T14:25:14Z
in-231,is_constraint,ok,0.84,jev-1.13.0,2026-10-01T14:19:05Z
in-232,is_constraint,ok,0.71,jev-1.13.0,2026-10-01T14:21:10Z
in-233,is_constraint,ok,0.6,jev-1.13.0,2026-10-01T14:23:51Z
in-234,is_constraint,ok,0.64,jev-1.13.0,2026-10-01T14:25:37Z
in-235,is_constraint,ok,0.7,jev-1.13.0,2026-10-01T14:26:14Z
in-236,is_constraint,ok,0.81,jev-1.13.0,2026-10-01T14:19:45Z
in-237,is_constraint,ok,0.82,jev-1.13.0,2026-10-01T14:26:36Z
in-238,is_constraint,ok,0.47,jev-1.13.0,2026-10-01T14:22:44Z
in-239,is_constraint,ok,0.88,jev-1.13.0,2026-10-01T14:19:22Z
in-240,is_constraint,ok,0.74,jev-1.13.0,2026-10-01T14:26:18Z
in-241,is_constraint,ok,0.83,jev-1.13.0,2026-10-01T14:26:50Z
in-242,is_constraint,ok,0.77,jev-1.13.0,2026-10-01T14:21:39Z
in-243,is_constraint,ok,0.6,jev-1.13.0,2026-10-01T14:26:50Z
in-244,is_constraint,ok,0.69,jev-1.13.0,2026-10-01T14:17:58Z
in-245,is_constraint,ok,0.51,jev-1.13.0,2026-10-01T14:22:52Z
in-246,is_constraint,ok,0.51,jev-1.13.0,2026-10-01T14:22:17Z
in-247,is_constraint,ok,0.81,jev-1.13.0,2026-10-01T14:19:21Z
in-248,is_constraint,ok,0.85,jev-1.13.0,2026-10-01T14:23:07Z
in-249,is_constraint,ok,0.77,jev-1.13.0,2026-10-01T14:20:33Z
in-250,is_constraint,ok,0.82,jev-1.13.0,2026-10-01T14:20:31Z
in-251,is_constraint,ok,0.53,jev-1.13.0,2026-10-01T14:26:22Z
in-252,is_constraint,ok,0.63,jev-1.13.0,2026-10-01T14:19:17Z
in-253,is_constraint,ok,0.87,jev-1.13.0,2026-10-01T14:25:01Z
in-254,is_constraint,ok,0.8,jev-1.13.0,2026-10-01T14:19:59Z
in-255,is_constraint,ok,0.67,jev-1.13.0,2026-10-01T14:19:34Z
in-256,is_constraint,ok,0.91,jev-1.13.0,2026-10-01T14:26:34Z
in-257,is_constraint,ok,0.57,jev-1.13.0,2026-10-01T14:18:47Z
in-258,is_constraint,ok,0.6,jev-1.13.0,2026-10-01T14:23:52Z
in-259,is_constraint,ok,0.67,jev-1.13.0,2026-10-01T14:21:39Z
in-260,is_constraint,ok,0.72,jev-1.13.0,2026-10-01T14:21:00Z
in-261,is_constraint,ok,0.79,jev-1.13.0,2026-10-01T14:23:17Z
in-262,is_constraint,ok,0.73,jev-1.13.0,2026-10-01T14:26:16Z
in-263,is_constraint,ok,0.7,jev-1.13.0,2026-10-01T14:25:30Z
in-264,is_constraint,ok,0.79,jev-1.13.0,2026-10-01T14:18:21Z
in-265,is_constraint,ok,0.73,jev-1.13.0,2026-10-01T14:19:10Z
in-266,is_constraint,ok,0.78,jev-1.13.0,2026-10-01T14:26:51Z
in-267,is_constraint,ok,0.75,jev-1.13.0,2026-10-01T14:26:38Z
in-268,is_constraint,ok,0.83,jev-1.13.0,2026-10-01T14:21:59Z
in-269,is_constraint,ok,0.88,jev-1.13.0,2026-10-01T14:19:35Z
in-270,is_constraint,ok,0.87,jev-1.13.0,2026-10-01T14:22:40Z
in-271,is_constraint,ok,0.63,jev-1.13.0,2026-10-01T14:20:49Z
in-272,is_constraint,ok,0.8,jev-1.13.0,2026-10-01T14:21:43Z
in-273,is_constraint,ok,0.73,jev-1.13.0,2026-10-01T14:26:48Z
in-274,is_constraint,ok,0.79,jev-1.13.0,2026-10-01T14:18:03Z
in-275,is_constraint,ok,0.32,jev-1.13.0,2026-10-01T14:20:30Z
in-276,is_constraint,ok,0.14,jev-1.13.0,2026-10-01T14:25:58Z
in-277,is_constraint,ok,0.83,jev-1.13.0,2026-10-01T14:17:50Z
in-278,is_constraint,ok,0.15,jev-1.13.0,2026-10-01T14:18:48Z
in-279,is_constraint,ok,0.53,jev-1.13.0,2026-10-01T14:17:49Z
in-280,is_constraint,ok,0.81,jev-1.13.0,2026-10-01T14:17:33Z
in-281,is_constraint,ok,0.06,jev-1.13.0,2026-10-01T14:18:12Z
in-282,is_constraint,ok,0.77,jev-1.13.0,2026-10-01T14:23:27Z
in-283,is_constraint,ok,0.07,jev-1.13.0,2026-10-01T14:25:54Z
in-284,is_constraint,ok,0.6,jev-1.13.0,2026-10-01T14:27:05Z
in-285,is_constraint,ok,0.75,jev-1.13.0,2026-10-01T14:25:08Z
in-286,is_constraint,ok,0.09,jev-1.13.0,2026-10-01T14:22:18Z
in-287,is_constraint,ok,0.35,jev-1.13.0,2026-10-01T14:26:46Z
in-288,is_constraint,ok,0.77,jev-1.13.0,2026-10-01T14:23:06Z
in-289,is_constraint,ok,0.37,jev-1.13.0,2026-10-01T14:17:41Z
in-290,is_constraint,ok,0.69,jev-1.13.0,2026-10-01T14:21:16Z
in-291,is_constraint,ok,0.36,jev-1.13.0,2026-10-01T14:23:11Z
in-292,is_constraint,ok,0.22,jev-1.13.0,2026-10-01T14:20:13Z
in-293,is_constraint,ok,0.1,jev-1.13.0,2026-10-01T14:18:35Z
in-294,is_constraint,ok,0.09,jev-1.13.0,2026-10-01T14:25:23Z
in-295,is_constraint,ok,0.51,jev-1.13.0,2026-10-01T14:19:44Z
in-296,is_constraint,ok,0.15,jev-1.13.0,2026-10-01T14:21:27Z
in-297,is_constraint,ok,0.41,jev-1.13.0,2026-10-01T14:22:23Z
in-298,is_constraint,ok,0.82,jev-1.13.0,2026-10-01T14:19:29Z
in-299,is_constraint,ok,0.31,jev-1.13.0,2026-10-01T14:19:03Z
in-300,is_constraint,ok,0.84,jev-1.13.0,2026-10-01T14:25:05Z
in-301,is_constraint,ok,0.61,jev-1.13.0,2026-10-01T14:21:44Z
in-302,is_constraint,ok,0.22,jev-1.13.0,2026-10-01T14:25:46Z
in-303,is_constraint,ok,0.63,jev-1.13.0,2026-10-01T14:20:36Z
in-304,is_constraint,ok,0.69,jev-1.13.0,2026-10-01T14:22:02Z
in-305,is_constraint,ok,0.13,jev-1.13.0,2026-10-01T14:25:22Z
in-306,is_constraint,ok,0.15,jev-1.13.0,2026-10-01T14:25:30Z
in-307,is_constraint,ok,0.05,jev-1.13.0,2026-10-01T14:25:27Z
in-308,is_constraint,ok,0.47,jev-1.13.0,2026-10-01T14:20:14Z
in-309,is_constraint,ok,0.82,jev-1.13.0,2026-10-01T14:20:10Z
in-310,is_constraint,ok,0.64,jev-1.13.0,2026-10-01T14:26:08Z
in-311,is_constraint,ok,0.07,jev-1.13.0,2026-10-01T14:25:08Z
in-312,is_constraint,ok,0.24,jev-1.13.0,2026-10-01T14:17:51Z
in-313,is_constraint,ok,0.11,jev-1.13.0,2026-10-01T14:17:53Z
in-314,is_constraint,ok,0.19,jev-1.13.0,2026-10-01T14:20:49Z
in-315,is_constraint,ok,0.72,jev-1.13.0,2026-10-01T14:26:00Z
in-316,is_constraint,ok,0.41,jev-1.13.0,2026-10-01T14:22:43Z
in-317,is_constraint,ok,0.12,jev-1.13.0,2026-10-01T14:21:51Z
in-318,is_constraint,ok,0.8,jev-1.13.0,2026-10-01T14:20:10Z
in-319,is_constraint,ok,0.78,jev-1.13.0,2026-10-01T14:26:33Z
in-320,is_constraint,ok,0.08,jev-1.13.0,2026-10-01T14:23:53Z
in-321,is_constraint,ok,0.25,jev-1.13.0,2026-10-01T14:26:14Z
in-322,is_constraint,ok,0.65,jev-1.13.0,2026-10-01T14:26:14Z
in-323,is_constraint,ok,0.39,jev-1.13.0,2026-10-01T14:21:21Z
in-324,is_constraint,ok,0.85,jev-1.13.0,2026-10-01T14:23:13Z
in-325,is_constraint,ok,0.09,jev-1.13.0,2026-10-01T14:19:13Z
in-326,is_constraint,ok,0.34,jev-1.13.0,2026-10-01T14:24:09Z
in-327,is_constraint,ok,0.57,jev-1.13.0,2026-10-01T14:26:48Z
in-328,is_constraint,ok,0.52,jev-1.13.0,2026-10-01T14:17:48Z
in-329,is_constraint,ok,0.3,jev-1.13.0,2026-10-01T14:23:32Z
in-330,is_constraint,ok,0.64,jev-1.13.0,2026-10-01T14:26:08Z
in-331,is_constraint,ok,0.53,jev-1.13.0,2026-10-01T14:25:31Z
in-332,is_constraint,ok,0.06,jev-1.13.0,2026-10-01T14:23:31Z
in-333,is_constraint,ok,0.77,jev-1.13.0,2026-10-01T14:19:59Z
in-334,is_constraint,ok,0.13,jev-1.13.0,2026-10-01T14:22:43Z
in-335,is_constraint,ok,0.47,jev-1.13.0,2026-10-01T14:17:44Z
in-336,is_constraint,ok,0.29,jev-1.13.0,2026-10-01T14:18:28Z
in-337,is_constraint,ok,0.68,jev-1.13.0,2026-10-01T14:23:51Z
in-338,is_constraint,ok,0.73,jev-1.13.0,2026-10-01T14:26:26Z
in-339,is_constraint,ok,0.3,jev-1.13.0,2026-10-01T14:25:45Z
in-340,is_constraint,ok,0.73,jev-1.13.0,2026-10-01T14:19:57Z
in-341,is_constraint,ok,0.11,jev-1.13.0,2026-10-01T14:20:38Z
in-342,is_constraint,ok,0.59,jev-1.13.0,2026-10-01T14:26:13Z
in-343,is_constraint,ok,0.07,jev-1.13.0,2026-10-01T14:22:07Z
in-344,is_constraint,ok,0.8,jev-1.13.0,2026-10-01T14:22:44Z
in-345,is_constraint,ok,0.16,jev-1.13.0,2026-10-01T14:21:24Z
in-346,is_constraint,ok,0.82,jev-1.13.0,2026-10-01T14:23:11Z
in-347,is_constraint,ok,0.74,jev-1.13.0,2026-10-01T14:22:23Z
in-348,is_constraint,ok,0.1,jev-1.13.0,2026-10-01T14:24:01Z
in-349,is_constraint,ok,0.06,jev-1.13.0,2026-10-01T14:23:29Z
in-350,is_constraint,ok,0.28,jev-1.13.0,2026-10-01T14:19:47Z
pr-161,replaces_1,ok,0.82,jev-1.13.0,2026-10-01T14:18:56Z
pr-162,replaces_1,ok,0.86,jev-1.13.0,2026-10-01T14:22:49Z
pr-163,replaces_1,ok,0.88,jev-1.13.0,2026-10-01T14:22:23Z
pr-164,replaces_1,ok,0.71,jev-1.13.0,2026-10-01T14:26:59Z
pr-165,replaces_1,ok,0.87,jev-1.13.0,2026-10-01T14:19:48Z
pr-166,replaces_1,ok,0.85,jev-1.13.0,2026-10-01T14:27:02Z
pr-167,replaces_1,ok,0.78,jev-1.13.0,2026-10-01T14:22:39Z
pr-168,replaces_1,ok,0.92,jev-1.13.0,2026-10-01T14:23:17Z
pr-169,replaces_1,ok,0.85,jev-1.13.0,2026-10-01T14:26:03Z
pr-170,replaces_1,ok,0.79,jev-1.13.0,2026-10-01T14:26:30Z
pr-171,replaces_1,ok,0.92,jev-1.13.0,2026-10-01T14:21:35Z
pr-172,replaces_1,ok,0.33,jev-1.13.0,2026-10-01T14:17:35Z
pr-173,replaces_1,ok,0.9,jev-1.13.0,2026-10-01T14:18:50Z
pr-174,replaces_1,ok,0.87,jev-1.13.0,2026-10-01T14:25:38Z
pr-175,replaces_1,ok,0.88,jev-1.13.0,2026-10-01T14:26:44Z
pr-176,replaces_1,ok,0.86,jev-1.13.0,2026-10-01T14:18:52Z
pr-177,replaces_1,ok,0.72,jev-1.13.0,2026-10-01T14:21:04Z
pr-178,replaces_1,ok,0.87,jev-1.13.0,2026-10-01T14:26:55Z
pr-179,replaces_1,ok,0.9,jev-1.13.0,2026-10-01T14:23:46Z
pr-180,replaces_1,ok,0.33,jev-1.13.0,2026-10-01T14:26:25Z
pr-181,replaces_1,ok,0.56,jev-1.13.0,2026-10-01T14:25:43Z
pr-182,replaces_1,ok,0.81,jev-1.13.0,2026-10-01T14:26:41Z
pr-183,replaces_1,ok,0.8,jev-1.13.0,2026-10-01T14:21:46Z
pr-184,replaces_1,ok,0.72,jev-1.13.0,2026-10-01T14:20:23Z
pr-185,replaces_1,ok,0.87,jev-1.13.0,2026-10-01T14:22:08Z
pr-186,replaces_1,ok,0.8,jev-1.13.0,2026-10-01T14:20:40Z
pr-187,replaces_1,ok,0.73,jev-1.13.0,2026-10-01T14:18:00Z
pr-188,replaces_1,ok,0.88,jev-1.13.0,2026-10-01T14:23:11Z
pr-189,replaces_1,ok,0.91,jev-1.13.0,2026-10-01T14:23:45Z
pr-190,replaces_1,ok,0.89,jev-1.13.0,2026-10-01T14:21:44Z
pr-191,replaces_1,ok,0.87,jev-1.13.0,2026-10-01T14:26:50Z
pr-192,replaces_1,ok,0.74,jev-1.13.0,2026-10-01T14:23:48Z
pr-193,replaces_1,ok,0.88,jev-1.13.0,2026-10-01T14:21:58Z
pr-194,replaces_1,ok,0.57,jev-1.13.0,2026-10-01T14:17:57Z
pr-195,replaces_1,ok,0.85,jev-1.13.0,2026-10-01T14:20:24Z
pr-196,replaces_1,ok,0.86,jev-1.13.0,2026-10-01T14:19:10Z
pr-197,replaces_1,ok,0.78,jev-1.13.0,2026-10-01T14:22:29Z
pr-198,replaces_1,ok,0.88,jev-1.13.0,2026-10-01T14:23:43Z
pr-199,replaces_1,ok,0.91,jev-1.13.0,2026-10-01T14:21:37Z
pr-200,replaces_1,ok,0.87,jev-1.13.0,2026-10-01T14:25:14Z
pr-201,replaces_1,ok,0.87,jev-1.13.0,2026-10-01T14:26:45Z
pr-202,replaces_1,ok,0.86,jev-1.13.0,2026-10-01T14:23:59Z
pr-203,replaces_1,ok,0.74,jev-1.13.0,2026-10-01T14:20:05Z
pr-204,replaces_1,ok,0.45,jev-1.13.0,2026-10-01T14:17:42Z
pr-205,replaces_1,ok,0.93,jev-1.13.0,2026-10-01T14:26:49Z
pr-206,replaces_1,ok,0.89,jev-1.13.0,2026-10-01T14:22:57Z
pr-207,replaces_1,ok,0.89,jev-1.13.0,2026-10-01T14:26:53Z
pr-208,replaces_1,ok,0.89,jev-1.13.0,2026-10-01T14:20:17Z
pr-209,replaces_1,ok,0.53,jev-1.13.0,2026-10-01T14:18:45Z
pr-210,replaces_1,ok,0.79,jev-1.13.0,2026-10-01T14:22:45Z
pr-211,replaces_1,ok,0.91,jev-1.13.0,2026-10-01T14:26:32Z
pr-212,replaces_1,ok,0.86,jev-1.13.0,2026-10-01T14:25:32Z
pr-213,replaces_1,ok,0.92,jev-1.13.0,2026-10-01T14:23:34Z
pr-214,replaces_1,ok,0.9,jev-1.13.0,2026-10-01T14:19:45Z
pr-215,replaces_1,ok,0.92,jev-1.13.0,2026-10-01T14:23:10Z
pr-216,replaces_1,ok,0.94,jev-1.13.0,2026-10-01T14:20:22Z
pr-217,replaces_1,ok,0.81,jev-1.13.0,2026-10-01T14:19:27Z
pr-218,replaces_1,ok,0.88,jev-1.13.0,2026-10-01T14:22:43Z
pr-219,replaces_1,ok,0.83,jev-1.13.0,2026-10-01T14:25:58Z
pr-220,replaces_1,ok,0.87,jev-1.13.0,2026-10-01T14:17:46Z
pr-221,replaces_1,ok,0.64,jev-1.13.0,2026-10-01T14:19:32Z
pr-222,replaces_1,ok,0.26,jev-1.13.0,2026-10-01T14:21:10Z
pr-223,replaces_1,ok,0.78,jev-1.13.0,2026-10-01T14:21:27Z
pr-224,replaces_1,ok,0.13,jev-1.13.0,2026-10-01T14:24:08Z
pr-225,replaces_1,ok,0.52,jev-1.13.0,2026-10-01T14:23:54Z
pr-226,replaces_1,ok,0.2,jev-1.13.0,2026-10-01T14:23:29Z
pr-227,replaces_1,ok,0.68,jev-1.13.0,2026-10-01T14:26:31Z
pr-228,replaces_1,ok,0.52,jev-1.13.0,2026-10-01T14:18:56Z
pr-229,replaces_1,ok,0.37,jev-1.13.0,2026-10-01T14:26:11Z
pr-230,replaces_1,ok,0.6,jev-1.13.0,2026-10-01T14:19:03Z
pr-231,replaces_1,ok,0.26,jev-1.13.0,2026-10-01T14:25:24Z
pr-232,replaces_1,ok,0.19,jev-1.13.0,2026-10-01T14:25:47Z
pr-233,replaces_1,ok,0.42,jev-1.13.0,2026-10-01T14:25:40Z
pr-234,replaces_1,ok,0.33,jev-1.13.0,2026-10-01T14:17:40Z
pr-235,replaces_1,ok,0.34,jev-1.13.0,2026-10-01T14:26:01Z
pr-236,replaces_1,ok,0.52,jev-1.13.0,2026-10-01T14:19:04Z
pr-237,replaces_1,ok,0.72,jev-1.13.0,2026-10-01T14:17:32Z
pr-238,replaces_1,ok,0.62,jev-1.13.0,2026-10-01T14:23:00Z
pr-239,replaces_1,ok,0.11,jev-1.13.0,2026-10-01T14:25:02Z
pr-240,replaces_1,ok,0.61,jev-1.13.0,2026-10-01T14:24:10Z
pr-241,replaces_1,ok,0.11,jev-1.13.0,2026-10-01T14:17:36Z
pr-242,replaces_1,ok,0.77,jev-1.13.0,2026-10-01T14:22:17Z
pr-243,replaces_1,ok,0.44,jev-1.13.0,2026-10-01T14:21:48Z
pr-244,replaces_1,ok,0.74,jev-1.13.0,2026-10-01T14:20:38Z
pr-245,replaces_1,ok,0.75,jev-1.13.0,2026-10-01T14:17:53Z
pr-246,replaces_1,ok,0.34,jev-1.13.0,2026-10-01T14:26:40Z
pr-247,replaces_1,ok,0.41,jev-1.13.0,2026-10-01T14:20:24Z
pr-248,replaces_1,ok,0.39,jev-1.13.0,2026-10-01T14:26:06Z
pr-249,replaces_1,ok,0.44,jev-1.13.0,2026-10-01T14:19:51Z
pr-250,replaces_1,ok,0.34,jev-1.13.0,2026-10-01T14:18:43Z
pr-251,replaces_1,ok,0.05,jev-1.13.0,2026-10-01T14:22:38Z
pr-252,replaces_1,ok,0.06,jev-1.13.0,2026-10-01T14:21:48Z
pr-253,replaces_1,ok,0.09,jev-1.13.0,2026-10-01T14:18:58Z
pr-254,replaces_1,ok,0.07,jev-1.13.0,2026-10-01T14:21:24Z
pr-255,replaces_1,ok,0.1,jev-1.13.0,2026-10-01T14:23:21Z
pr-256,replaces_1,ok,0.05,jev-1.13.0,2026-10-01T14:23:12Z
pr-257,replaces_1,ok,0.3,jev-1.13.0,2026-10-01T14:20:26Z
pr-258,replaces_1,ok,0.06,jev-1.13.0,2026-10-01T14:26:26Z
pr-259,replaces_1,ok,0.07,jev-1.13.0,2026-10-01T14:20:02Z
pr-260,replaces_1,ok,0.07,jev-1.13.0,2026-10-01T14:25:34Z
pr-261,replaces_1,ok,0.11,jev-1.13.0,2026-10-01T14:25:36Z
pr-262,replaces_1,ok,0.09,jev-1.13.0,2026-10-01T14:27:05Z
pr-263,replaces_1,ok,0.05,jev-1.13.0,2026-10-01T14:19:25Z
pr-264,replaces_1,ok,0.13,jev-1.13.0,2026-10-01T14:18:53Z
pr-265,replaces_1,ok,0.05,jev-1.13.0,2026-10-01T14:26:54Z
pr-266,replaces_1,ok,0.06,jev-1.13.0,2026-10-01T14:23:28Z
pr-267,replaces_1,ok,0.07,jev-1.13.0,2026-10-01T14:18:42Z
pr-268,replaces_1,ok,0.07,jev-1.13.0,2026-10-01T14:18:48Z
pr-269,replaces_1,ok,0.07,jev-1.13.0,2026-10-01T14:23:49Z
pr-270,replaces_1,ok,0.07,jev-1.13.0,2026-10-01T14:20:59Z
pr-271,replaces_1,ok,0.13,jev-1.13.0,2026-10-01T14:22:55Z
pr-272,replaces_1,ok,0.13,jev-1.13.0,2026-10-01T14:21:03Z
pr-273,replaces_1,ok,0.05,jev-1.13.0,2026-10-01T14:18:31Z
pr-274,replaces_1,ok,0.03,jev-1.13.0,2026-10-01T14:24:53Z
pr-275,replaces_1,ok,0.05,jev-1.13.0,2026-10-01T14:20:57Z
pr-276,replaces_1,ok,0.05,jev-1.13.0,2026-10-01T14:26:34Z
pr-277,replaces_1,ok,0.14,jev-1.13.0,2026-10-01T14:25:19Z
pr-278,replaces_1,ok,0.07,jev-1.13.0,2026-10-01T14:23:34Z
pr-279,replaces_1,ok,0.09,jev-1.13.0,2026-10-01T14:26:59Z
pr-280,replaces_1,ok,0.08,jev-1.13.0,2026-10-01T14:25:03Z
pr-281,replaces_1,ok,0.06,jev-1.13.0,2026-10-01T14:19:28Z
pr-282,replaces_1,ok,0.06,jev-1.13.0,2026-10-01T14:17:39Z
pr-283,replaces_1,ok,0.08,jev-1.13.0,2026-10-01T14:25:54Z
pr-284,replaces_1,ok,0.21,jev-1.13.0,2026-10-01T14:20:07Z
pr-285,replaces_1,ok,0.13,jev-1.13.0,2026-10-01T14:25:14Z
pr-286,replaces_1,ok,0.31,jev-1.13.0,2026-10-01T14:19:14Z
pr-287,replaces_1,ok,0.17,jev-1.13.0,2026-10-01T14:22:16Z
pr-288,replaces_1,ok,0.1,jev-1.13.0,2026-10-01T14:21:02Z
pr-289,replaces_1,ok,0.06,jev-1.13.0,2026-10-01T14:23:44Z
pr-290,replaces_1,ok,0.07,jev-1.13.0,2026-10-01T14:18:27Z
pr-291,replaces_1,ok,0.11,jev-1.13.0,2026-10-01T14:21:04Z
pr-292,replaces_1,ok,0.07,jev-1.13.0,2026-10-01T14:23:33Z
pr-293,replaces_1,ok,0.1,jev-1.13.0,2026-10-01T14:26:02Z
pr-294,replaces_1,ok,0.08,jev-1.13.0,2026-10-01T14:21:04Z
pr-295,replaces_1,ok,0.07,jev-1.13.0,2026-10-01T14:24:00Z
pr-296,replaces_1,ok,0.06,jev-1.13.0,2026-10-01T14:17:43Z
pr-297,replaces_1,ok,0.09,jev-1.13.0,2026-10-01T14:21:22Z
pr-298,replaces_1,ok,0.08,jev-1.13.0,2026-10-01T14:22:40Z
pr-299,replaces_1,ok,0.06,jev-1.13.0,2026-10-01T14:26:49Z
pr-300,replaces_1,ok,0.1,jev-1.13.0,2026-10-01T14:18:31Z
pr-301,replaces_1,ok,0.05,jev-1.13.0,2026-10-01T14:25:53Z
pr-302,replaces_1,ok,0.07,jev-1.13.0,2026-10-01T14:19:27Z
pr-303,replaces_1,ok,0.06,jev-1.13.0,2026-10-01T14:19:32Z
pr-304,replaces_1,ok,0.12,jev-1.13.0,2026-10-01T14:24:58Z
pr-305,replaces_1,ok,0.13,jev-1.13.0,2026-10-01T14:25:28Z
pr-306,replaces_1,ok,0.07,jev-1.13.0,2026-10-01T14:20:48Z
pr-307,replaces_1,ok,0.1,jev-1.13.0,2026-10-01T14:20:16Z
pr-308,replaces_1,ok,0.07,jev-1.13.0,2026-10-01T14:19:57Z
pr-309,replaces_1,ok,0.07,jev-1.13.0,2026-10-01T14:23:53Z
pr-310,replaces_1,ok,0.08,jev-1.13.0,2026-10-01T14:21:56Z
pr-311,replaces_1,ok,0.09,jev-1.13.0,2026-10-01T14:25:36Z
pr-312,replaces_1,ok,0.06,jev-1.13.0,2026-10-01T14:23:00Z
pr-313,replaces_1,ok,0.06,jev-1.13.0,2026-10-01T14:25:18Z
pr-314,replaces_1,ok,0.09,jev-1.13.0,2026-10-01T14:26:20Z
pr-315,replaces_1,ok,0.08,jev-1.13.0,2026-10-01T14:25:49Z
pr-316,replaces_1,ok,0.05,jev-1.13.0,2026-10-01T14:23:02Z
pr-317,replaces_1,ok,0.06,jev-1.13.0,2026-10-01T14:25:16Z
pr-318,replaces_1,ok,0.08,jev-1.13.0,2026-10-01T14:23:08Z
pr-319,replaces_1,ok,0.14,jev-1.13.0,2026-10-01T14:23:50Z
pr-320,replaces_1,ok,0.07,jev-1.13.0,2026-10-01T14:22:17Z
