case,arm,status,answer,expected,correct,first_packet_hash,first_packet_bytes,related_applied,lookups,provider_tokens,router_tokens,latency_s
exact-0,off,ok,731,731,1,62fd921f796e10bce5747a0fc61b034cd4cfe35c6611fd92a2023293a28085b1,7906,0,0,82427,486,5.978
exact-0,rank,ok,731,731,1,d7cfcad07caa6918dcb996a8bce87cb87b9012f7c33ed9b04a95a0f768d2c496,9035,0,0,83912,486,5.955
exact-0,jev,ok,731,731,1,f35f0c7286614249aa9d92f58a80632e7fd5bd6e5d1f6860925b4b59b60a76ab,9035,1,0,83917,4028,6.105
exact-1,off,ok,748,748,1,2bf47f396f933098336c420f094914cc8e36c3ff230a484c71a09077c33722ff,11058,0,0,84874,486,6.165
exact-1,rank,ok,748,748,1,3991b2dae6f5aabfa8e05f5033083cb8c7dd53301be6a7c1241cd7c74d9fb414,12187,0,0,86413,486,6.371
exact-1,jev,ok,748,748,1,ba36bd631b5b3ff28531039771fc3628aaa131b7cf86e6149217d75f03d7bb01,12187,1,0,86372,4000,6.619
exact-2,off,missing,,,0,,,0,,,,
exact-2,rank,missing,,,0,,,0,,,,
exact-2,jev,missing,,,0,,,0,,,,
middle-0,off,ok,1031,1031,1,bb742116e13addcb298cecfa54a8b74cbaa5ae2c576535bd5a8667d38441a918,11434,0,0,84276,485,5.601
middle-0,rank,ok,1031,1031,1,3394916a18b0c859c2eb4635802bb87caa460c610de6453e296320506f4fe36f,12563,0,0,85746,485,5.715
middle-0,jev,ok,1031,1031,1,3394916a18b0c859c2eb4635802bb87caa460c610de6453e296320506f4fe36f,12563,1,0,85709,4055,6.327
middle-1,off,ok,1048,1048,1,1d236b3e0ad37d84b47e1a8fc624ccfdddd1c7ed0e89ebee233d9974fbf910e4,15631,0,2,136946,485,8.128
middle-1,rank,ok,1048,1048,1,8766873e05a79969de476c649c08032e95de10bc22999c25cc5cd0c4f2c12236,20046,0,0,92545,485,6.269
middle-1,jev,ok,1048,1048,1,8766873e05a79969de476c649c08032e95de10bc22999c25cc5cd0c4f2c12236,20046,1,0,92127,4064,10.12
middle-2,off,ok,1065,1065,1,84d10621ae1f8579b93f535e510c724d959ea36a5ebfad73378f8098211a56d2,15606,0,3,189675,485,13.13
middle-2,rank,ok,1065,1065,1,87bf9abcd6efd5eb208912e7bff8f8c6d57f17b817ed8f96f73349355cdaab08,20022,0,0,92480,485,6.008
middle-2,jev,ok,1065,1065,1,364b40ab44d4290defdb3da286f2b4a82837673a87b3399b09c5a0d1e9f3ed53,20025,1,0,92472,4047,6.996
stale-0,off,ok,831,831,1,2665b40e26a2ba7a115a91452c202aed84ed24a4ca4c259d21fbd2d063149270,11156,0,0,85215,486,5.62
stale-0,rank,ok,831,831,1,f24b381bdd35b2e6e81affe3f93d449f068bdf5d401a91f340e430ae6c88bd2e,12285,0,0,86722,486,5.639
stale-0,jev,ok,831,831,1,55a3a7e523a76a19b5eaebe2479ba00b90d6e26c15e33aa99d83ac283f577d57,12285,1,0,86416,4033,5.897
stale-1,off,ok,848,848,1,441a0caa2da1af37aeb5daa0badce75ddc0a11630213d505307b7839be79a9d9,7635,0,0,81967,486,6.083
stale-1,rank,ok,848,848,1,c2950949bee286f3b7775346aad3b8e7627d7df69696857c10741e56a677a832,8764,0,0,83515,486,5.897
stale-1,jev,ok,848,848,1,9d2d7d7e4e1995b97b972cce5b6ff1b5a284a6516e594d46b6b8e7a62003b5f7,8764,1,0,83466,4034,6.598
stale-2,off,ok,865,865,1,03b44558c1f5d16127ba49e34519c8f0945c0f205e28b339a99fc8b662104f0d,11817,0,0,85806,486,5.861
stale-2,rank,ok,865,865,1,acb6a14fdcb3d5e7ab7de159ac0e277cc66e462e12eeece2ca34a1581d1b1cd8,12946,0,0,87319,486,5.748
stale-2,jev,ok,865,865,1,acb6a14fdcb3d5e7ab7de159ac0e277cc66e462e12eeece2ca34a1581d1b1cd8,12946,1,0,87316,4030,5.698
synonym-0,off,ok,931,931,1,8d6167fc0d0a8d3e5fb5b4dbed0c73373dee2db0228a7063eaf5d8244967b511,15249,0,0,88977,487,5.634
synonym-0,rank,ok,931,931,1,0132533b98280b33965edfc4a7379928c13ae6a625312b6fbb5bde2d64f0b9a8,16378,0,0,90466,487,6.487
synonym-0,jev,ok,931,931,1,f09296d3baa502214cde19281417b10c13cbf7c82a11d9c58a1e1fbb2c3eccc0,16378,1,0,90513,4002,5.963
synonym-1,off,missing,,,0,,,0,,,,
synonym-1,rank,missing,,,0,,,0,,,,
synonym-1,jev,missing,,,0,,,0,,,,
synonym-2,off,ok,965,965,1,f3278ebcc90ba437b7723aa6f856c85d640fa8e1ae8b585f3a7d343aa6957ff7,8580,0,0,82914,487,7.557
synonym-2,rank,ok,965,965,1,9700b47d759982930b0bfce08065d1a058e23aa882f3fa0aa131d490d35dd625,9709,0,0,84445,487,6.948
synonym-2,jev,ok,965,965,1,e97e8a2d8c0ce5dab41a061997978b7bb49550aaf84870938c9c73e36641544d,9709,1,0,84137,4007,6.135
