item_id,trial_id,category,indirect,label,status,answer,band,latency_ms
pr-001,t-0159,direct-replace,0,replaces,ok,0.86,replace,271
pr-002,t-0266,direct-replace,0,replaces,ok,0.79,possible,200
pr-003,t-0285,direct-replace,0,replaces,ok,0.78,possible,331
pr-004,t-0357,direct-replace,0,replaces,ok,0.86,replace,292
pr-005,t-0207,direct-replace,0,replaces,ok,0.76,possible,244
pr-006,t-0227,direct-replace,0,replaces,ok,0.84,replace,232
pr-007,t-0132,direct-replace,0,replaces,ok,0.83,replace,321
pr-008,t-0277,direct-replace,0,replaces,ok,0.82,replace,239
pr-009,t-0126,direct-replace,0,replaces,ok,0.92,replace,306
pr-010,t-0022,direct-replace,0,replaces,ok,0.09,none,268
pr-011,t-0043,direct-replace,0,replaces,ok,0.83,replace,216
pr-012,t-0322,direct-replace,0,replaces,ok,0.89,replace,207
pr-013,t-0088,direct-replace,0,replaces,ok,0.76,possible,334
pr-014,t-0086,direct-replace,0,replaces,ok,0.86,replace,230
pr-015,t-0213,direct-replace,0,replaces,ok,0.3,none,286
pr-016,t-0024,direct-replace,0,replaces,ok,0.74,possible,231
pr-017,t-0347,direct-replace,0,replaces,ok,0.75,possible,202
pr-018,t-0017,direct-replace,0,replaces,ok,0.86,replace,211
pr-019,t-0328,direct-replace,0,replaces,ok,0.87,replace,233
pr-020,t-0340,direct-replace,0,replaces,ok,0.9,replace,193
pr-021,t-0332,direct-replace,0,replaces,ok,0.85,replace,262
pr-022,t-0344,direct-replace,0,replaces,ok,0.88,replace,200
pr-023,t-0047,direct-replace,0,replaces,ok,0.84,replace,195
pr-024,t-0271,direct-replace,0,replaces,ok,0.77,possible,198
pr-025,t-0125,direct-replace,0,replaces,ok,0.93,replace,218
pr-026,t-0245,direct-replace,0,replaces,ok,0.9,replace,313
pr-027,t-0014,direct-replace,0,replaces,ok,0.9,replace,228
pr-028,t-0018,direct-replace,0,replaces,ok,0.7,possible,291
pr-029,t-0120,direct-replace,0,replaces,ok,0.64,possible,238
pr-030,t-0020,direct-replace,0,replaces,ok,0.89,replace,280
pr-031,t-0338,indirect-replace,1,replaces,ok,0.88,replace,193
pr-032,t-0282,indirect-replace,1,replaces,ok,0.8,replace,218
pr-033,t-0162,indirect-replace,1,replaces,ok,0.72,possible,204
pr-034,t-0102,indirect-replace,1,replaces,ok,0.91,replace,303
pr-035,t-0019,indirect-replace,1,replaces,ok,0.86,replace,230
pr-036,t-0318,indirect-replace,1,replaces,ok,0.86,replace,231
pr-037,t-0004,indirect-replace,1,replaces,ok,0.87,replace,216
pr-038,t-0111,indirect-replace,1,replaces,ok,0.83,replace,314
pr-039,t-0197,indirect-replace,1,replaces,ok,0.89,replace,216
pr-040,t-0035,indirect-replace,1,replaces,ok,0.9,replace,206
pr-041,t-0341,indirect-replace,1,replaces,ok,0.27,none,197
pr-042,t-0258,indirect-replace,1,replaces,ok,0.91,replace,200
pr-043,t-0072,indirect-replace,1,replaces,ok,0.85,replace,195
pr-044,t-0260,indirect-replace,1,replaces,ok,0.9,replace,201
pr-045,t-0135,indirect-replace,1,replaces,ok,0.76,possible,291
pr-046,t-0064,indirect-replace,1,replaces,ok,0.9,replace,240
pr-047,t-0015,indirect-replace,1,replaces,ok,0.91,replace,296
pr-048,t-0049,indirect-replace,1,replaces,ok,0.91,replace,246
pr-049,t-0021,indirect-replace,1,replaces,ok,0.92,replace,238
pr-050,t-0181,indirect-replace,1,replaces,ok,0.83,replace,273
pr-051,t-0326,indirect-replace,1,replaces,ok,0.88,replace,194
pr-052,t-0128,indirect-replace,1,replaces,ok,0.86,replace,273
pr-053,t-0297,indirect-replace,1,replaces,ok,0.74,possible,213
pr-054,t-0268,indirect-replace,1,replaces,ok,0.82,replace,279
pr-055,t-0274,indirect-replace,1,replaces,ok,0.88,replace,210
pr-056,t-0083,indirect-replace,1,replaces,ok,0.93,replace,218
pr-057,t-0116,indirect-replace,1,replaces,ok,0.93,replace,359
pr-058,t-0033,indirect-replace,1,replaces,ok,0.9,replace,276
pr-059,t-0164,indirect-replace,1,replaces,ok,0.92,replace,291
pr-060,t-0079,indirect-replace,1,replaces,ok,0.87,replace,196
pr-061,t-0029,partial,0,partial,ok,0.64,possible,224
pr-062,t-0107,partial,0,partial,ok,0.16,none,215
pr-063,t-0172,partial,0,partial,ok,0.56,possible,211
pr-064,t-0095,partial,0,partial,ok,0.31,none,206
pr-065,t-0082,partial,0,partial,ok,0.5,possible,228
pr-066,t-0226,partial,0,partial,ok,0.15,none,226
pr-067,t-0137,partial,0,partial,ok,0.57,possible,270
pr-068,t-0353,partial,0,partial,ok,0.44,none,328
pr-069,t-0234,partial,0,partial,ok,0.68,possible,217
pr-070,t-0202,partial,0,partial,ok,0.39,none,219
pr-071,t-0059,partial,0,partial,ok,0.27,none,208
pr-072,t-0327,partial,0,partial,ok,0.8,replace,201
pr-073,t-0305,partial,0,partial,ok,0.2,none,295
pr-074,t-0270,partial,0,partial,ok,0.27,none,210
pr-075,t-0265,partial,0,partial,ok,0.67,possible,205
pr-076,t-0228,partial,0,partial,ok,0.23,none,287
pr-077,t-0160,partial,0,partial,ok,0.37,none,212
pr-078,t-0119,partial,0,partial,ok,0.35,none,217
pr-079,t-0012,partial,0,partial,ok,0.54,possible,257
pr-080,t-0243,partial,0,partial,ok,0.42,none,212
pr-081,t-0232,partial,0,partial,ok,0.67,possible,337
pr-082,t-0091,partial,0,partial,ok,0.13,none,204
pr-083,t-0133,partial,0,partial,ok,0.44,none,213
pr-084,t-0081,partial,0,partial,ok,0.28,none,215
pr-085,t-0152,partial,0,partial,ok,0.82,replace,269
pr-086,t-0212,partial,0,partial,ok,0.87,replace,328
pr-087,t-0312,partial,0,partial,ok,0.38,none,287
pr-088,t-0071,partial,0,partial,ok,0.4,none,229
pr-089,t-0307,partial,0,partial,ok,0.15,none,235
pr-090,t-0238,partial,0,partial,ok,0.27,none,245
pr-091,t-0269,compatible,0,compatible,ok,0.07,none,314
pr-092,t-0005,compatible,0,compatible,ok,0.05,none,202
pr-093,t-0256,compatible,0,compatible,ok,0.06,none,197
pr-094,t-0138,compatible,0,compatible,ok,0.12,none,257
pr-095,t-0219,compatible,0,compatible,ok,0.08,none,299
pr-096,t-0296,compatible,0,compatible,ok,0.07,none,212
pr-097,t-0195,compatible,0,compatible,ok,0.06,none,249
pr-098,t-0031,compatible,0,compatible,ok,0.08,none,210
pr-099,t-0358,compatible,0,compatible,ok,0.08,none,192
pr-100,t-0290,compatible,0,compatible,ok,0.09,none,245
pr-101,t-0230,compatible,0,compatible,ok,0.11,none,212
pr-102,t-0337,compatible,0,compatible,ok,0.11,none,201
pr-103,t-0134,compatible,0,compatible,ok,0.15,none,204
pr-104,t-0267,compatible,0,compatible,ok,0.07,none,190
pr-105,t-0076,compatible,0,compatible,ok,0.36,none,204
pr-106,t-0262,compatible,0,compatible,ok,0.06,none,211
pr-107,t-0016,compatible,0,compatible,ok,0.1,none,215
pr-108,t-0163,compatible,0,compatible,ok,0.1,none,212
pr-109,t-0315,compatible,0,compatible,ok,0.14,none,299
pr-110,t-0345,compatible,0,compatible,ok,0.09,none,246
pr-111,t-0057,compatible,0,compatible,ok,0.06,none,234
pr-112,t-0272,compatible,0,compatible,ok,0.23,none,326
pr-113,t-0156,compatible,0,compatible,ok,0.07,none,204
pr-114,t-0314,compatible,0,compatible,ok,0.05,none,212
pr-115,t-0354,compatible,0,compatible,ok,0.35,none,230
pr-116,t-0240,compatible,0,compatible,ok,0.08,none,207
pr-117,t-0078,compatible,0,compatible,ok,0.1,none,209
pr-118,t-0115,compatible,0,compatible,ok,0.06,none,246
pr-119,t-0089,compatible,0,compatible,ok,0.09,none,231
pr-120,t-0044,compatible,0,compatible,ok,0.11,none,224
pr-121,t-0356,compatible,0,compatible,ok,0.21,none,207
pr-122,t-0093,compatible,0,compatible,ok,0.05,none,279
pr-123,t-0011,compatible,0,compatible,ok,0.09,none,203
pr-124,t-0036,compatible,0,compatible,ok,0.29,none,238
pr-125,t-0289,compatible,0,compatible,ok,0.11,none,200
pr-126,t-0003,compatible,0,compatible,ok,0.11,none,247
pr-127,t-0348,compatible,0,compatible,ok,0.09,none,322
pr-128,t-0308,compatible,0,compatible,ok,0.05,none,227
pr-129,t-0292,compatible,0,compatible,ok,0.07,none,262
pr-130,t-0051,compatible,0,compatible,ok,0.04,none,222
pr-131,t-0099,compatible,0,compatible,ok,0.06,none,198
pr-132,t-0056,compatible,0,compatible,ok,0.1,none,205
pr-133,t-0325,compatible,0,compatible,ok,0.09,none,267
pr-134,t-0069,compatible,0,compatible,ok,0.21,none,194
pr-135,t-0098,compatible,0,compatible,ok,0.05,none,229
pr-136,t-0094,compatible,0,compatible,ok,0.07,none,205
pr-137,t-0166,compatible,0,compatible,ok,0.06,none,240
pr-138,t-0205,compatible,0,compatible,ok,0.08,none,221
pr-139,t-0074,compatible,0,compatible,ok,0.09,none,192
pr-140,t-0149,compatible,0,compatible,ok,0.11,none,311
pr-141,t-0090,compatible,0,compatible,ok,0.09,none,291
pr-142,t-0222,compatible,0,compatible,ok,0.11,none,210
pr-143,t-0239,compatible,0,compatible,ok,0.07,none,217
pr-144,t-0244,compatible,0,compatible,ok,0.18,none,326
pr-145,t-0220,compatible,0,compatible,ok,0.07,none,212
pr-146,t-0167,compatible,0,compatible,ok,0.06,none,186
pr-147,t-0165,compatible,0,compatible,ok,0.13,none,196
pr-148,t-0231,compatible,0,compatible,ok,0.09,none,292
pr-149,t-0217,compatible,0,compatible,ok,0.13,none,297
pr-150,t-0173,compatible,0,compatible,ok,0.2,none,238
pr-151,t-0255,indirect-compatible,1,compatible,ok,0.07,none,314
pr-152,t-0084,indirect-compatible,1,compatible,ok,0.07,none,305
pr-153,t-0248,indirect-compatible,1,compatible,ok,0.1,none,204
pr-154,t-0224,indirect-compatible,1,compatible,ok,0.05,none,200
pr-155,t-0352,indirect-compatible,1,compatible,ok,0.09,none,213
pr-156,t-0105,indirect-compatible,1,compatible,ok,0.06,none,233
pr-157,t-0124,indirect-compatible,1,compatible,ok,0.06,none,274
pr-158,t-0286,indirect-compatible,1,compatible,ok,0.06,none,236
pr-159,t-0303,indirect-compatible,1,compatible,ok,0.08,none,303
pr-160,t-0010,indirect-compatible,1,compatible,ok,0.06,none,206
